Timestamp,Latitude,Longitude,Vehicle_Count,Traffic_Speed_kmh,Road_Occupancy_%,Traffic_Light_State,Weather_Condition,Accident_Report,Sentiment_Score,Ride_Sharing_Demand,Parking_Availability,Emission_Levels_g_km,Energy_Consumption_L_h,Traffic_Condition
01-03-2024 00:00,40.842275292891834,-73.70314869,205,49.89343479610332,82.65277992850861,Yellow,Clear,0,-0.60919909,2,45,450.7600550695179,19.57433652960039,High
01-03-2024 00:05,40.8311194,-73.98735409,202,22.383964870087855,45.82929780270145,Green,Clear,0,0.96544237,16,1,321.8003405168867,5.385553512193732,High
01-03-2024 00:10,40.81954876392327,-73.73246186,252,46.889699439334876,82.77246480269831,Green,Rain,0,0.2896603158283986,16,49,231.1526548042294,10.277477486419944,High
01-03-2024 00:15,40.72584887921568,-73.98013411,37,5.730536423,37.69556743980888,Red,Fog,0,-0.271964738,66,10,410.3842921098877,29.243279449960266,High
01-03-2024 00:20,40.81326467769622,-73.96163054,64,61.34803435570192,22.31335794983795,Red,Snow,0,-0.797605617,3,5,364.46634168756805,16.801458761149803,Low
01-03-2024 00:25,40.64111174659454,-73.82509534,125,9.150745620777421,72.79990343468822,Green,Clear,0,-0.594636326,78,27,349.0453075341282,29.805841938330232,High
01-03-2024 00:30,40.797138602855775,-73.79744494,125,9.162774286317184,34.182018012741636,Green,Snow,0,0.5442838486792319,21,42,363.7459309898909,18.890578675520043,High
01-03-2024 00:35,40.81236201552322,-73.80175125,130,40.993622396031405,40.427932319372374,Yellow,Clear,0,0.7440578886965032,92,22,82.19081477288391,12.117573134703528,Medium
01-03-2024 00:40,40.717006277985334,-73.78956237,67,73.90533684403202,80.60737469182321,Green,Clear,0,-0.439931005,27,4,477.23241995534653,17.22367898264705,High
01-03-2024 00:45,40.87236437726417,-73.74021,12,65.53559165495976,47.11495674614308,Green,Fog,0,0.5666006957850183,28,8,56.865403561767266,13.04474290683431,Low
01-03-2024 00:50,40.72249548994771,-73.83021193,117,60.481377184050814,56.001738449270526,Green,Fog,0,0.6664657071865467,77,39,295.9050841290863,18.446978633014034,Medium
01-03-2024 00:55,40.79353376270334,-73.98380906,12,38.73987429516659,69.65316330616227,Green,Fog,0,0.7141623836873849,14,2,179.55588051529534,22.226653546783027,Medium
01-03-2024 01:00,40.89474426796246,-73.74201043,97,61.94792468231577,17.328211252878866,Red,Fog,0,-0.41602953,70,12,157.00581313571243,7.226278360692663,Low
01-03-2024 01:05,40.82852824860497,-73.74094204,265,64.42220656036997,94.97458762743562,Yellow,Rain,0,-0.509843381,72,24,323.52502528496336,16.808287514257266,High
01-03-2024 01:10,40.64996313506776,-73.96601803,187,24.435895690008063,47.48922185752585,Red,Snow,0,0.36236838782762315,83,36,351.410217,7.264291396576307,Medium
01-03-2024 01:15,40.84620305175721,-73.8822499,139,21.673023110525918,45.857087741282875,Red,Clear,0,0.7311004064796309,25,8,421.73816741660187,7.129836673,Medium
01-03-2024 01:20,40.735330932085944,-73.92847504,298,39.81468027,73.00334765,Green,Snow,0,0.30202931279572787,34,39,108.97478132734614,20.30003674919476,High
01-03-2024 01:25,40.652881362011044,-73.84149223,168,71.17270013565329,90.33113551,Red,Snow,0,-0.187133369,33,6,122.32794699154114,29.551370001069635,High
01-03-2024 01:30,40.75553084654906,-73.80884497,188,50.22358935829257,85.22206471130797,Yellow,Rain,0,-0.770141818,35,47,391.9104428862423,11.82297830383838,High
01-03-2024 01:35,40.72540504944828,-73.98032961,176,19.51636298845032,89.38515987287367,Green,Snow,0,0.38651537790023927,80,10,106.87010806907321,18.44268948648869,High
01-03-2024 01:40,40.762042045927856,-73.79413576,38,60.81684312012823,48.55435921,Red,Clear,0,0.21551347625494865,25,39,182.07658609405058,18.188052384304385,Low
01-03-2024 01:45,40.868216704202474,-73.97079465,113,36.09859481632135,82.04990255159494,Green,Clear,0,-0.765305119,32,7,470.3349269243291,8.304640100191714,High
01-03-2024 01:50,40.76353773977935,-73.74218839,56,57.38454322166173,24.764000188126225,Green,Rain,0,-0.889188305,35,34,263.2759892873477,20.718723109662093,Low
01-03-2024 01:55,40.86608116490231,-73.96230427,114,79.99755567864995,25.02061511790715,Yellow,Rain,0,0.552604021,95,10,192.10991670597215,7.2327914211873745,Medium
01-03-2024 02:00,40.86982813220531,-73.81569064,17,71.09147217572958,78.95197163446714,Yellow,Clear,0,0.19082774926465151,91,2,234.09635550389484,20.24696728592339,Medium
01-03-2024 02:05,40.631739340636074,-73.80265008,80,47.49605859316661,63.054490923722156,Red,Clear,0,-0.559157011,42,27,351.9970574018992,16.222708241505984,Medium
01-03-2024 02:10,40.82747192878859,-73.730758,231,26.915595300879552,24.62641256418302,Yellow,Snow,0,-0.248171216,90,37,377.44668681276335,29.470999744977206,High
01-03-2024 02:15,40.791042811421576,-73.97259663,175,74.60523206298218,92.46344883603001,Red,Clear,0,-0.013383939,68,21,101.38611454932743,9.823282793638544,High
01-03-2024 02:20,40.65820558554093,-73.76058947,188,15.567148469930748,54.77980321069173,Green,Fog,0,0.2526972102179952,33,48,369.76034546643893,28.732898162954257,High
01-03-2024 02:25,40.67393407647247,-73.90893909,167,48.58248889932586,39.12002346933019,Green,Snow,0,0.7879892389354362,79,23,300.3471900525193,17.971927208222596,Medium
01-03-2024 02:30,40.89451760165618,-73.79768763,91,77.62586240471275,39.72487960283732,Yellow,Snow,0,6.6979644495201995e-06,71,13,242.87191747209764,15.704331724906908,Low
01-03-2024 02:35,40.73719673516693,-73.90429715,232,31.17867378139349,92.06030033344884,Green,Fog,0,-0.252548277,92,26,442.58909979993064,29.062142723413142,High
01-03-2024 02:40,40.71339651111975,-73.85200896,218,54.07900288400693,52.49588573785195,Red,Fog,0,-0.65012683,71,7,179.6482813525277,5.926474070098918,High
01-03-2024 02:45,40.68747297,-73.9956266,178,45.11380836,40.98205381654071,Red,Clear,0,0.49761006879809866,87,8,103.7934778809011,22.510057133372374,Medium
01-03-2024 02:50,40.65934012317005,-73.94228395,184,55.882930412008854,39.047513307469494,Yellow,Fog,0,-0.536062208,80,1,151.10462846324134,27.427190421145646,Medium
01-03-2024 02:55,40.690473739129594,-73.97280139,57,78.34660844722822,10.343836706850993,Red,Rain,1,0.38695271969142775,65,34,427.3933685083768,11.745137688178119,High
01-03-2024 03:00,40.877361301786884,-73.72960085,52,72.67421356190098,82.63390703511475,Green,Rain,0,0.7093411006019192,40,48,131.18073333454146,21.297498144452423,High
01-03-2024 03:05,40.82978327892153,-73.8114801,167,25.972424049096322,73.09278634,Green,Fog,0,-0.576236485,73,11,362.1701082855061,14.642845886414461,Medium
01-03-2024 03:10,40.60993112036775,-73.90914507,197,75.04964465908137,80.57636222919484,Green,Rain,0,0.071365132,17,33,144.4690101,6.467794258638594,High
01-03-2024 03:15,40.76596811933281,-73.95106572,120,28.45428068369029,88.91625854493435,Red,Rain,1,-0.1202627,73,41,388.63280159954843,17.314707524943053,High
01-03-2024 03:20,40.72140396949303,-73.82165453,100,27.52047327,65.04610037,Red,Fog,0,-0.446990048,3,25,72.31613698129841,16.948276343160508,Medium
01-03-2024 03:25,40.69008545,-73.83530904,287,52.860873480089836,36.13426324812147,Green,Rain,0,-0.545068225,90,25,100.60884505356618,21.227486392459436,High
01-03-2024 03:30,40.741251974141356,-73.98342339,69,38.218447851740024,74.93906729152008,Green,Rain,0,-0.92059665,2,9,397.9887354667196,16.98513902146859,Medium
01-03-2024 03:35,40.666989629209645,-73.81812961,145,41.962847944971905,39.80280635029857,Yellow,Snow,0,-0.547175667,3,34,204.13901968689626,22.394187139386464,Medium
01-03-2024 03:40,40.646943502984364,-73.71582238,284,7.029178890541983,98.42862842720133,Green,Snow,0,-0.986647653,43,27,68.99947647592748,29.371101030111532,High
01-03-2024 03:45,40.88031233248194,-73.86604614,79,60.28169792627553,40.184704954994814,Red,Rain,0,-0.21963823,3,37,213.24818443865044,9.854465062945781,Low
01-03-2024 03:50,40.87991608617803,-73.98463203,11,9.319160749520845,22.47702105867736,Green,Fog,0,0.4612918124683303,99,44,235.92703078060367,20.10842521558271,High
01-03-2024 03:55,40.80872296900465,-73.86498144,271,23.190552504015525,45.034081468371255,Green,Snow,1,0.6718498809079942,1,40,245.08622861703347,21.33977152794857,High
01-03-2024 04:00,40.63494665055749,-73.76998248,225,73.80382207885744,49.80791603476349,Red,Snow,0,0.5561346598810424,10,9,158.78453447625284,20.101910588982427,High
01-03-2024 04:05,40.715459194951784,-73.78625346,280,41.071266649092394,96.41704433896126,Red,Clear,0,0.03721637,44,47,497.50633672089344,18.62749970365749,High
01-03-2024 04:10,40.70766328143659,-73.96944802,46,41.35789622022762,13.839692307105942,Yellow,Snow,0,0.049343553,58,20,316.1279239393985,15.482285113965355,Low
01-03-2024 04:15,40.68895748109208,-73.91502009,73,52.216488223446305,83.16622838296281,Yellow,Fog,0,0.5175470843898515,88,0,494.7243931868538,16.626551561121747,High
01-03-2024 04:20,40.81480784719429,-73.9816768,144,45.60989534,47.91617818,Green,Snow,0,0.789262135,46,49,412.43526497776287,8.938115763058875,Medium
01-03-2024 04:25,40.69784109035334,-73.77825616,26,57.46718726223782,13.728001546595104,Green,Snow,0,-0.31295448,33,9,309.9899122081785,5.260934678882574,Low
01-03-2024 04:30,40.88394825410715,-73.95429462,299,16.81106266575573,64.80429861209922,Green,Fog,0,-0.151021359,49,20,285.05238479526884,9.860471379386835,High
01-03-2024 04:35,40.70454453650301,-73.72546494,154,22.818286277297425,50.716088017467264,Yellow,Snow,0,-0.80608281,87,11,293.1259911839219,20.932529293758215,Medium
01-03-2024 04:40,40.83381286787973,-73.82147978,151,42.13486623161436,68.15273982778378,Yellow,Snow,0,-0.288704024,79,49,102.92207184359725,14.066453810758613,Medium
01-03-2024 04:45,40.66622594897056,-73.84296011,150,43.632900434981096,13.381769109148305,Green,Clear,0,0.7732679229884583,1,30,414.1457229742099,6.8134472095494925,Medium
01-03-2024 04:50,40.68549877033832,-73.95575314,224,44.028350997464244,56.79673116022704,Green,Clear,0,-0.670162167,23,30,390.00108848243826,19.924865076539245,High
01-03-2024 04:55,40.738816847077594,-73.98731053,293,32.265040983399196,92.77027574037835,Green,Snow,1,-0.939420733,64,0,162.5534163690799,18.59836662700441,High
01-03-2024 05:00,40.82497792746277,-73.8971343,57,20.330510726738027,28.891631229988775,Yellow,Clear,0,0.2731662510843942,35,43,330.6898963668321,20.56406796291691,Medium
01-03-2024 05:05,40.728536821239835,-73.85422661,286,51.55835982917331,99.64162215486093,Green,Snow,0,-0.625869442,34,21,419.47877790108237,21.02857743269327,High
01-03-2024 05:10,40.76102610159575,-73.72598073,73,5.235374417868684,93.55531179975526,Green,Fog,0,0.06243032,99,22,189.91532775001093,11.989570745690468,High
01-03-2024 05:15,40.88708885,-73.7251938,14,18.70803741213166,42.96812517690884,Yellow,Snow,1,-0.80081425,11,27,243.71706940037825,21.627124423806887,High
01-03-2024 05:20,40.852932854711646,-73.81839547,265,24.33924682493923,83.91090395688519,Yellow,Snow,0,-0.937540417,88,1,448.80392159090997,7.424504353870416,High
01-03-2024 05:25,40.64387109029081,-73.7903794,56,65.82208947578665,80.97585857974069,Green,Clear,0,0.3304622027070543,64,5,499.6357758161299,29.807229980031988,High
01-03-2024 05:30,40.84231055644127,-73.86010246,144,40.82501541871341,46.339985631235464,Green,Fog,0,-0.221419804,62,3,325.45454744496004,19.13591765536924,Medium
01-03-2024 05:35,40.804200223789366,-73.84019207,115,16.839692438276156,93.73114037263397,Green,Snow,0,0.8600552699642059,23,6,68.86910368114084,5.314665558368691,High
01-03-2024 05:40,40.73202113217576,-73.71380844,11,44.26966120843294,62.258861054791495,Green,Fog,0,0.7924003535653457,94,5,128.41737681900975,9.404095573624723,Medium
01-03-2024 05:45,40.663336176926336,-73.91330115,234,43.86167334021748,98.61402783,Red,Fog,0,0.5673520388654962,92,24,170.10342995350248,14.901411174617824,High
01-03-2024 05:50,40.769751027371576,-73.72110691,246,12.333480518893055,92.51458667,Red,Fog,0,0.3337468638717138,8,26,242.97568595240017,6.605812060858347,High
01-03-2024 05:55,40.69700564791232,-73.94692494,13,8.567387828650014,77.26564970712401,Red,Snow,0,0.9791522224280984,93,23,198.21755123249818,8.311876753129077,High
01-03-2024 06:00,40.856072773228384,-73.79000289,176,60.36147621184783,31.246595913538023,Green,Clear,0,-0.781473622,28,46,251.3769818869556,23.195480238855247,Medium
01-03-2024 06:05,40.86917162786176,-73.91349432,176,76.10080852,95.37055178754485,Green,Rain,0,0.9954349587343638,19,23,286.01136951166745,18.531052594849506,High
01-03-2024 06:10,40.693590466802185,-73.79771272,95,18.249238556951575,20.996498078658263,Yellow,Clear,0,0.5647806268134108,2,39,272.72682649063324,21.536330280697563,High
01-03-2024 06:15,40.804500524498344,-73.9518797,54,77.87924935,26.052238212547064,Red,Snow,0,0.7383721624507811,10,49,479.2555616,17.964474166683356,Low
01-03-2024 06:20,40.86763656524909,-73.73173643,200,37.78574147628989,78.31278088723474,Red,Snow,0,-0.996933553,77,16,188.2804296161154,13.037593575621562,Medium
01-03-2024 06:25,40.808622093881326,-73.90709839,236,66.90866594654275,15.460302206921815,Red,Snow,0,0.4806257421431781,63,18,110.06733809347969,17.581242690833946,High
01-03-2024 06:30,40.73631266465193,-73.85978461,147,11.623676967032296,93.09049154429525,Yellow,Clear,0,-0.419268074,89,29,228.28406462416896,6.338511739845085,High
01-03-2024 06:35,40.60376136260493,-73.97234855,155,21.143661842276124,97.51509232,Yellow,Snow,0,0.6877609843965422,95,4,495.18065172422735,24.291517475980488,High
01-03-2024 06:40,40.73115648118968,-73.75293436,81,68.87961408691379,44.07587049607932,Red,Clear,1,0.046107467,67,2,282.7010618406011,8.244836427965737,High
01-03-2024 06:45,40.876865246607146,-73.88000513,255,24.749644051236466,66.79166610157546,Green,Snow,0,0.14439675082052128,60,12,120.67574823359716,12.00284103848442,High
01-03-2024 06:50,40.73049578763185,-73.89162138,56,47.60108465146755,90.00809423653786,Red,Snow,0,0.20598219510165094,3,43,444.96075873289027,29.642294253699063,High
01-03-2024 06:55,40.745875800019235,-73.87481717,99,42.31579683056478,69.41972209214416,Green,Fog,0,0.07925989,60,16,258.9778936936625,12.524778448208602,Medium
01-03-2024 07:00,40.73054186257143,-73.71439598,204,72.28233218705788,13.803503943372705,Green,Fog,0,0.7362509224118237,49,6,191.25228028249262,27.166896999793035,High
01-03-2024 07:05,40.755200218779656,-73.98205756,276,44.72670945542277,75.09179863,Yellow,Snow,0,-0.298759678,83,48,395.9984008939237,5.075853821674684,High
01-03-2024 07:10,40.717797581585295,-73.95396623,12,33.48544461921523,92.08795275754949,Green,Rain,0,0.4528701861430082,58,17,132.55482489075217,5.083560703150997,High
01-03-2024 07:15,40.70539299893224,-73.82581599,258,46.10589016548361,46.18420075,Green,Snow,0,-0.073814671,31,26,343.15496812552135,18.987468912198096,High
01-03-2024 07:20,40.740609538499484,-73.72645596,50,76.49639096987447,51.086794345997525,Yellow,Rain,1,-0.39411631,64,14,488.19283857759655,6.174603273017594,High
01-03-2024 07:25,40.808918127924095,-73.97215633,243,18.77766727045603,36.33253143866247,Red,Clear,0,-0.178664374,17,20,436.57967010993474,20.548946492552453,High
01-03-2024 07:30,40.771244586071134,-73.72864968,146,7.564113951555127,20.999440896506037,Yellow,Snow,1,0.5534776920632181,98,15,473.51708390575544,29.973091096460852,High
01-03-2024 07:35,40.70087341877587,-73.80459283,238,18.507264706515365,11.60467710480589,Yellow,Fog,0,0.7445034512281705,9,38,454.49864557048346,11.594265688362348,High
01-03-2024 07:40,40.67270710156572,-73.83752941,182,12.364228885211125,23.06227864544215,Green,Snow,0,0.44785729540329755,10,31,490.5286658880573,20.54937201248468,High
01-03-2024 07:45,40.77592546830461,-73.70571053,89,10.77537043,36.47811109770807,Yellow,Rain,0,-0.921347003,19,42,136.49437997781274,19.16345516470161,High
01-03-2024 07:50,40.86493733023654,-73.93477406,113,28.51499565,71.21328123,Red,Rain,1,-0.638298416,25,31,305.10991427282136,16.679060969242588,High
01-03-2024 07:55,40.66844155867246,-73.81323599,225,6.801842179656013,83.08514437541739,Red,Snow,0,-0.058105047,72,27,172.04289848799442,9.310014825,High
01-03-2024 08:00,40.66537877291529,-73.99804711,69,32.70315419384916,22.79518358940257,Yellow,Fog,0,-0.921302195,68,4,244.23014151517958,23.552521809976135,Medium
01-03-2024 08:05,40.71317079674689,-73.99598811,258,19.914206581146722,56.733831448884786,Yellow,Snow,0,-0.977814863,23,4,57.32850331576091,14.234916887005657,High
01-03-2024 08:10,40.72162002112708,-73.9265174,163,15.45373857,78.79140305352313,Red,Snow,0,0.072545207,88,48,361.2870184472336,23.542359200373276,High
01-03-2024 08:15,40.62770821369171,-73.88757747,32,39.480482699528714,94.70184104,Red,Snow,0,-0.873453488,79,37,281.64529966018586,25.259796431622146,High
01-03-2024 08:20,40.84718897058989,-73.97846009,248,39.37149026561634,16.44037795887595,Green,Rain,0,0.9980404341550222,44,22,136.89995820044393,11.666233564927307,High
01-03-2024 08:25,40.74333241255732,-73.96771575,187,53.52341624025693,91.56789853687586,Yellow,Rain,0,0.1565604420240556,44,42,449.0452657537846,27.226808523096093,High
01-03-2024 08:30,40.780228081213366,-73.74625487,230,56.564507665474615,36.35492680974481,Red,Fog,0,-0.948871294,64,11,72.95203428493598,14.433362811129895,High
01-03-2024 08:35,40.84675590721381,-73.91212254,254,14.562958348882185,71.88242576194519,Yellow,Snow,0,-0.951846937,28,47,264.54494088103615,9.354182902638678,High
01-03-2024 08:40,40.88745370259719,-73.99165106,176,43.39658174229107,78.61973699948632,Red,Snow,0,-0.383001409,36,1,91.98672043399938,5.3534286733399865,Medium
01-03-2024 08:45,40.752600008747194,-73.79722751,167,47.28470135990441,90.51235321751098,Yellow,Clear,0,0.14576313689884834,5,38,59.59089952241013,18.416022983640186,High
01-03-2024 08:50,40.83510528350369,-73.90701346,267,29.513286334499195,49.86942102738581,Yellow,Snow,0,-0.237650302,57,19,326.23251589848513,15.850933613493144,High
01-03-2024 08:55,40.77040961,-73.83963871,206,18.856619469507436,75.24380759018949,Green,Fog,1,-0.409532294,11,46,340.87696930086344,26.528375578415744,High
01-03-2024 09:00,40.83562056401318,-73.80553474,43,8.354836492,80.95868465,Yellow,Fog,0,0.6536836631560841,46,48,448.9402347767771,27.661464222729762,High
01-03-2024 09:05,40.71350410528937,-73.97460388,202,12.857793827652667,71.25413962072773,Red,Rain,0,0.6518590509074857,77,33,470.67899373563546,20.60845070415659,High
01-03-2024 09:10,40.771901288435345,-73.73528434,66,79.02215440527998,35.22987207569021,Green,Rain,0,-0.964689626,11,44,165.5376467481222,28.27255387430153,Low
01-03-2024 09:15,40.82575886051152,-73.8739593,166,48.64734003049677,44.74205489598403,Green,Fog,0,-0.732272306,93,13,168.4956255585839,11.652099600599435,Medium
01-03-2024 09:20,40.88324262609897,-73.83618204,253,6.997656426615949,51.36569731886526,Green,Rain,0,-0.592078101,88,5,161.8192105027798,5.602626892731328,High
01-03-2024 09:25,40.86438347917999,-73.95838455,274,29.906190798036256,90.26598984977507,Red,Rain,0,0.964929707,95,34,163.62144023316898,14.09423151615445,High
01-03-2024 09:30,40.60493438180482,-73.82265984,44,44.517916087384684,86.32980533599455,Yellow,Rain,0,-0.391484014,3,25,346.72346201648566,24.446176867202887,High
01-03-2024 09:35,40.700462434709024,-73.85621047,55,36.05004148529005,22.953003272860336,Red,Rain,0,-0.905669974,32,11,442.98143065464905,7.423687586223878,Medium
01-03-2024 09:40,40.77657550408205,-73.92535191,257,71.51826609249326,28.941243880434552,Yellow,Rain,0,0.09030787,58,17,201.8075206849748,6.981107999028309,High
01-03-2024 09:45,40.77904564856941,-73.91536975,22,45.31782146472661,73.24397387333073,Red,Snow,1,0.7795842893040152,90,17,193.3218336317656,16.84238379,High
01-03-2024 09:50,40.61885076,-73.88858101,293,45.45171078554882,65.24850329,Green,Fog,0,-0.030912624,66,49,456.77425091503625,20.504541255755488,High
01-03-2024 09:55,40.66581127909959,-73.93174447,15,67.31115968,13.203849299098769,Green,Rain,0,-0.075471837,46,36,449.08550053617364,10.102072260377689,Low
01-03-2024 10:00,40.60009183670379,-73.84989803,278,28.518028431677216,28.718676584253398,Green,Fog,0,0.025196991,41,39,370.5954681441099,10.955541774457204,High
01-03-2024 10:05,40.84319358164453,-73.91036886,75,31.677685831988242,92.50525311080406,Yellow,Snow,0,-0.670130755,97,31,377.5833491193738,29.62572100223457,High
01-03-2024 10:10,40.85081207536578,-73.83412733,292,59.45207757991675,51.56113099424922,Green,Fog,0,0.2647629185325575,59,34,298.3388109699609,15.722933725501067,High
01-03-2024 10:15,40.733805328403015,-73.84885776,215,39.24161422965986,29.919030649414776,Red,Clear,0,-0.498199502,58,13,161.8919383719953,17.58753149414698,High
01-03-2024 10:20,40.81982382,-73.76918238,253,59.74660145760081,90.53674246,Yellow,Snow,0,0.4553594989536689,99,45,354.6621929362638,19.19419419306577,High
01-03-2024 10:25,40.71949112588955,-73.71457188,33,35.196273970099476,34.06793592984471,Green,Fog,0,-0.973294027,58,44,80.02292183884624,8.117405298793152,Medium
01-03-2024 10:30,40.60771472,-73.74091051,297,78.01290238592881,83.26241439501688,Yellow,Clear,0,-0.623585811,28,9,246.93310823065673,29.802123951306505,High
01-03-2024 10:35,40.80727331843143,-73.76291288,63,60.270960004054395,54.37350861164193,Red,Clear,0,-0.638927881,94,15,101.56522345300223,14.892420207006314,Medium
01-03-2024 10:40,40.81558569145212,-73.78613339,270,77.95779564182008,58.62122881471962,Green,Clear,0,-0.907358681,96,1,441.5977093237071,22.938444521973622,High
01-03-2024 10:45,40.63689938760411,-73.72442842,95,10.438454274387519,64.70547307334033,Green,Rain,0,0.4359121924964018,39,31,243.5228649612408,21.762000347264227,High
01-03-2024 10:50,40.60585272434706,-73.92707045,67,7.8261507320850585,46.389211598274464,Yellow,Snow,0,-0.314957623,50,44,388.68491659237634,20.75946340593159,High
01-03-2024 10:55,40.720008152510964,-73.93516757,141,33.17366066975626,93.78414582919474,Green,Rain,0,-0.784150308,17,41,171.24372485395975,5.626575578119187,High
01-03-2024 11:00,40.76553340209785,-73.88313787,50,8.577491030635171,22.39656928102928,Red,Rain,0,-0.728248587,3,47,482.65207014613793,20.643691470402153,High
01-03-2024 11:05,40.88183993299203,-73.86175519,157,45.98121970862078,19.434759204693446,Red,Fog,0,0.33958505901602853,13,5,453.5271766098442,28.295879010053973,Medium
01-03-2024 11:10,40.62590538798928,-73.97188971,264,50.588270635152575,80.20344600879679,Green,Snow,0,-0.076530191,39,26,242.38766712923737,7.347509297,High
01-03-2024 11:15,40.77591062093091,-73.91082723,34,71.80748883612716,98.92023463504296,Yellow,Rain,0,-0.236271052,6,48,260.4893090391392,18.690658402171955,High
01-03-2024 11:20,40.74129180355956,-73.84148434,17,62.899772864014395,91.61402482189207,Red,Clear,0,0.8237583374788644,12,44,78.59852811,26.15302166982542,High
01-03-2024 11:25,40.74033136667603,-73.72334092,182,6.367202104047569,75.29948693048054,Green,Fog,0,0.098038273,84,22,209.82297811042426,11.124231293583035,High
01-03-2024 11:30,40.880693996724595,-73.9587035,95,63.46348013435261,86.91552717071048,Red,Clear,0,-0.289960168,72,11,168.68370605723408,25.420662322981038,High
01-03-2024 11:35,40.82836067485132,-73.86558988,83,22.08210809,61.51271147909284,Yellow,Clear,0,-0.750349712,91,40,498.4798069531995,14.214525525280246,Medium
01-03-2024 11:40,40.82767688729715,-73.88864349,118,26.41595955295364,87.91615527225075,Yellow,Clear,0,-0.443384623,67,0,466.7478901906689,6.396846168064005,High
01-03-2024 11:45,40.70866864506794,-73.78610681,144,20.956592272900615,22.140203400314785,Yellow,Rain,0,-0.513375745,87,17,390.39107654053527,25.496605230664024,Medium
01-03-2024 11:50,40.61635240692063,-73.98950044,246,23.076437391773748,39.832625086605546,Green,Rain,0,-0.41765427,37,29,72.33500736994145,17.910571901482356,High
01-03-2024 11:55,40.660805316937456,-73.9392899,242,61.86963711072561,82.37527920587178,Yellow,Rain,0,-0.842544867,18,23,289.1034685063099,26.532350133939403,High
01-03-2024 12:00,40.656090788506845,-73.91796652,222,70.61329035096894,67.36210966433154,Yellow,Snow,0,-0.060619382,46,37,324.98046098128526,12.43369297999652,High
01-03-2024 12:05,40.76795399638865,-73.97239183,26,66.98761413997167,19.539172723060226,Yellow,Rain,0,-0.438173203,37,8,360.36797477172854,9.121759473801529,Low
01-03-2024 12:10,40.61128866878144,-73.78038789,162,51.233049697077234,25.63114296428909,Green,Fog,0,-0.737940752,86,0,118.18651349270861,25.62771597134322,Medium
01-03-2024 12:15,40.65045086555567,-73.91997052,136,66.50782863289058,78.97600244,Yellow,Clear,0,0.5091917829795454,21,23,353.8032332640824,25.42855864484358,Medium
01-03-2024 12:20,40.76133546108162,-73.89321294,178,60.42403392767754,84.94558998783658,Yellow,Rain,0,-0.344854535,57,8,259.5630790785306,10.350520431916081,High
01-03-2024 12:25,40.64915325404021,-73.8732754,235,51.23787256432476,51.44183771456356,Red,Snow,0,0.352224019,88,29,119.6656026153192,22.67942668673566,High
01-03-2024 12:30,40.709538319976126,-73.92511139,82,8.391078760612572,95.64158686981968,Green,Fog,0,-0.873887795,97,15,145.10365948244603,23.893313876337462,High
01-03-2024 12:35,40.811605091185754,-73.9007065,148,32.88128577237697,25.805134561411688,Green,Clear,0,-0.645559643,78,6,348.14665490410374,23.823548612656964,Medium
01-03-2024 12:40,40.835623093225976,-73.89615953,94,45.355706388631305,22.0163407,Green,Snow,0,0.24197675441260813,15,6,145.9710142018845,23.37965678868274,Low
01-03-2024 12:45,40.82678266109604,-73.97093285,31,46.90658566050148,15.854779656766329,Yellow,Snow,0,0.8803787043999494,55,28,217.29272480372288,13.341852004026517,Low
01-03-2024 12:50,40.81982193418787,-73.99188867,57,70.16668369,67.02550793200521,Yellow,Fog,0,0.7419940453308838,77,35,127.06411418131941,19.857290406288897,Medium
01-03-2024 12:55,40.769795812794555,-73.94672251,10,22.39622337349493,28.158568973691622,Red,Rain,0,0.6811900963324007,69,23,338.3818875771388,28.70076279780245,Medium
01-03-2024 13:00,40.74829334430897,-73.95189437,117,13.860426109400112,56.22125280494099,Red,Rain,0,0.9410240711263753,33,22,177.9675324071651,17.577652550784144,High
01-03-2024 13:05,40.820629332984396,-73.79537665,35,65.84564853553968,23.241878760657386,Green,Snow,0,0.9495562261002148,24,16,270.61181143170415,26.127516986362473,Low
01-03-2024 13:10,40.78322033918628,-73.71675126,204,21.920009317848802,97.46139107,Red,Clear,0,-0.369422227,45,19,212.74462366942103,10.61022552597317,High
01-03-2024 13:15,40.78881109071643,-73.92413717,77,61.483145568747275,32.247833030944925,Red,Clear,0,-0.36302252,87,9,142.28865850482333,17.413989994519007,Low
01-03-2024 13:20,40.61902830437703,-73.81222325,92,41.95808693885725,55.158706829125755,Yellow,Clear,0,0.14097348809163357,81,49,391.00621888629036,26.840320115555308,Medium
01-03-2024 13:25,40.604172426988185,-73.78721804,184,79.70651391031504,80.27996193835567,Green,Snow,0,-0.42985058,3,7,59.91269977802846,10.753975765701513,High
01-03-2024 13:30,40.79838956399389,-73.85257047,85,57.65629299,85.31252671937168,Green,Snow,0,0.44641388495432044,18,12,447.6608889367798,13.730718226925644,High
01-03-2024 13:35,40.65146471,-73.94248807,108,36.61516025594659,12.846673324522587,Green,Rain,0,-0.427998413,29,35,489.56242967330314,9.352121446246532,Medium
01-03-2024 13:40,40.89241912113595,-73.82656558,205,47.23930641925332,55.972119620020244,Green,Fog,0,-0.078340977,58,14,296.14621808194704,11.706120504686622,High
01-03-2024 13:45,40.83497162301211,-73.99573543,142,20.098107844593386,87.88753572675188,Red,Fog,0,0.8071790472144444,90,12,408.07627184672856,22.923950339225797,High
01-03-2024 13:50,40.60808791829312,-73.97568292,41,40.176845030817724,60.16763326032515,Yellow,Fog,1,-0.838156971,14,31,430.2332258,9.127149111000971,High
01-03-2024 13:55,40.654588252856236,-73.73322735,232,63.620265289204774,12.97631722418732,Red,Snow,0,-0.161409437,57,8,495.43335688561154,16.88354957693071,High
01-03-2024 14:00,40.709950646398866,-73.88313724,91,64.04893291199755,45.86504275367251,Green,Fog,0,0.32716225157015844,55,31,411.51038253852914,23.426608803855572,Low
01-03-2024 14:05,40.84122672471212,-73.81502456,244,26.816419125377333,78.86584239,Yellow,Fog,0,-0.357984232,80,7,305.7731246142942,5.5400999847660515,High
01-03-2024 14:10,40.81328167029393,-73.90636833,80,53.01306142404585,14.957970282353303,Red,Rain,0,-0.48277929,87,25,203.2037970052062,14.733688965693387,Low
01-03-2024 14:15,40.61769938570362,-73.86162451,195,68.06853826483672,75.07709229585133,Yellow,Fog,0,-0.584413874,75,7,387.56480908881986,12.12981558533009,Medium
01-03-2024 14:20,40.699030424706635,-73.77474407,66,21.97006630504232,50.438636843077646,Green,Fog,0,-0.875435151,14,41,246.98470679725554,25.140382233489994,Medium
01-03-2024 14:25,40.62616999537076,-73.85828071,228,32.618763075795826,32.50386147727101,Green,Clear,0,-0.472612591,40,32,84.03785161082561,11.11145210077923,High
01-03-2024 14:30,40.69757690514661,-73.8503296,159,6.363447653535468,53.80978305611634,Red,Fog,0,-0.202386789,22,12,497.74370673675753,15.87943545198674,High
01-03-2024 14:35,40.72120768365855,-73.70314474,136,16.838256514919735,61.39612429,Yellow,Clear,0,-0.485063845,95,37,156.0627351171612,5.814310770299651,High
01-03-2024 14:40,40.875735848878094,-73.7642751,53,53.59934560769119,74.13039979530065,Yellow,Snow,0,-0.068876985,39,42,305.95535520518433,20.43046717707478,Medium
01-03-2024 14:45,40.687486199323715,-73.7201226,104,20.397325469159796,75.48181031052104,Green,Snow,0,-0.866761201,55,28,259.684887,20.395223481146203,Medium
01-03-2024 14:50,40.79600033,-73.77167056,34,32.583208380286976,15.948245255629292,Yellow,Clear,0,0.8437907558064053,87,30,107.71722658667218,15.602234814252148,Medium
01-03-2024 14:55,40.83687945,-73.70715479,194,21.56827502467208,83.30526861339179,Yellow,Clear,0,-0.567096519,54,38,447.1220144,21.11409354018494,High
01-03-2024 15:00,40.741683979972194,-73.71749631,142,78.89325129467325,49.339753465187044,Green,Rain,1,-0.317578134,50,26,109.25613630362474,13.336730652730855,High
01-03-2024 15:05,40.67550570269113,-73.79037114,95,65.26774176329417,52.25810507274328,Red,Rain,0,0.8217995578819182,13,49,51.27129050564912,29.413558492186098,Medium
01-03-2024 15:10,40.898233789664005,-73.74735183,294,31.498881087157567,14.453751117307487,Red,Fog,0,-0.793208821,59,10,52.86960754388097,25.517514975060987,High
01-03-2024 15:15,40.63822081625129,-73.73221149,215,55.063061731591766,29.79492562225426,Green,Fog,0,0.7087915108109879,25,33,208.5812827163479,15.46742018,High
01-03-2024 15:20,40.70505541856114,-73.7608624,13,77.59872000261822,33.85298580375221,Yellow,Clear,0,0.096279932,22,25,87.16312705713997,10.211005901597174,Low
01-03-2024 15:25,40.696691408176505,-73.83470304,118,76.56901187,31.02173610589793,Green,Rain,0,0.00598057,82,29,233.29519071011347,19.78579328558923,Medium
01-03-2024 15:30,40.69732120160204,-73.83041264,110,20.651649334895417,58.648937720585266,Green,Clear,0,0.49156744909993466,9,16,308.6467752278147,5.443057101732805,Medium
01-03-2024 15:35,40.68955173,-73.78098204,12,64.92015491458636,69.54134577239114,Red,Snow,0,-0.156046955,77,12,306.1669326513962,23.081069474558312,Medium
01-03-2024 15:40,40.67333303193729,-73.75150364,63,24.849716439979005,83.05890084740203,Red,Fog,0,0.4729499390144545,82,36,126.56647910756662,6.0600296444119195,High
01-03-2024 15:45,40.61464150121101,-73.91620909,199,60.54843006897954,97.36557519,Green,Rain,0,-0.552784272,95,24,167.61320196667577,6.048896342656453,High
01-03-2024 15:50,40.73963061480012,-73.76915643,37,47.74685896267818,22.957019620667083,Yellow,Rain,0,-0.369448884,61,35,140.91294943262994,26.005500475350466,Low
01-03-2024 15:55,40.89658464071077,-73.99317542,104,28.135767277979262,45.910612912061346,Green,Snow,0,-0.842040085,96,40,296.8007615832074,5.090273503010644,Medium
01-03-2024 16:00,40.87114009854794,-73.96700469,116,7.478284875,71.24333239,Green,Clear,0,-0.129016939,94,19,205.3198019262362,14.281230584865666,High
01-03-2024 16:05,40.60204114,-73.72803713,249,30.59631934285573,20.568554189871612,Yellow,Rain,0,0.9212414896784535,46,33,462.8447590857815,6.245210624,High
01-03-2024 16:10,40.64433138586572,-73.83435881,269,31.833555209434916,36.33724791,Green,Fog,0,-0.142585905,16,41,497.23739484568483,14.641958707818743,High
01-03-2024 16:15,40.82271976085173,-73.94745096,250,77.13550006767571,99.01713105129461,Green,Fog,0,0.8988895005438657,76,12,464.27134301612705,22.365037649066654,High
01-03-2024 16:20,40.85522441535544,-73.84440642,15,61.36530197385905,72.05701124408911,Green,Clear,0,0.7944481352127026,72,27,251.6910816384839,27.99140487731364,Medium
01-03-2024 16:25,40.82460102873479,-73.94700368,192,73.93974325093795,12.633882771323133,Yellow,Snow,0,0.15546447334304458,2,34,177.30010951772562,25.70477763440758,Medium
01-03-2024 16:30,40.80100011658603,-73.95260773,50,20.475197471930585,16.11175208607943,Yellow,Fog,0,0.4695276050016477,14,24,75.42746574298219,20.33625463023105,Medium
01-03-2024 16:35,40.79094503886691,-73.96020262,124,58.792974109061475,65.30816588186156,Yellow,Snow,1,-0.613583997,41,46,269.45585925774117,7.383852174419729,High
01-03-2024 16:40,40.78006709143015,-73.70977013,270,70.97091127618131,22.741598021827205,Yellow,Snow,0,0.5645599286414928,81,43,149.42714899665606,11.75636592619708,High
01-03-2024 16:45,40.62438354696483,-73.83636933,211,66.15027592137753,87.83975967706691,Green,Rain,0,0.3371950560036636,29,39,314.6626161813759,15.405645829520896,High
01-03-2024 16:50,40.75448044976164,-73.83741374,107,13.897333263037766,75.36792108872922,Green,Fog,0,0.8333866328310833,5,48,249.6372101844545,12.348801383676992,High
01-03-2024 16:55,40.702819839980705,-73.93261013,200,54.692610979061364,12.380777303994664,Green,Rain,0,0.9510014088812042,11,28,363.16781301064566,12.079665384458275,Medium
01-03-2024 17:00,40.738235506792876,-73.76378222,181,28.880403086189943,95.77905930157085,Red,Clear,0,0.36649803079711263,30,4,155.70166986092988,14.415910119496013,High
01-03-2024 17:05,40.656762678448835,-73.9476591,218,10.501695127830846,58.84161040568593,Green,Snow,0,0.1819389142971357,81,38,177.2195033425984,27.75790731483325,High
01-03-2024 17:10,40.87158909447863,-73.8422201,200,14.596931157884972,89.19579095603365,Yellow,Rain,0,-0.529923584,65,19,91.11583031979909,25.28874336758632,High
01-03-2024 17:15,40.66309059547829,-73.7384168,141,16.074459725404576,36.18461682298337,Green,Fog,0,0.8439922311060848,24,0,411.0880286601034,9.573890840352895,High
01-03-2024 17:20,40.81172253,-73.97696889,280,30.102142063613037,54.79801298883884,Red,Snow,1,0.5266610624676151,12,25,373.2570952338648,28.476102362161388,High
01-03-2024 17:25,40.79278852773921,-73.98569119,139,35.71376243698894,37.18963227252017,Yellow,Fog,0,-0.045256277,71,29,424.0251602880928,6.533962527205757,Medium
01-03-2024 17:30,40.68062996074494,-73.90551466,148,66.57881132438308,60.63315081092194,Green,Snow,0,-0.750397502,82,20,86.02628014083983,14.424671219170563,Medium
01-03-2024 17:35,40.60532539761373,-73.89029058,59,56.77686834681478,71.98587522401539,Red,Snow,0,-0.208858536,18,33,392.03101646849217,7.499495424335352,Medium
01-03-2024 17:40,40.66030588164389,-73.79546225,198,71.47606611424587,54.51005432416676,Yellow,Fog,0,-0.90556995,96,39,362.39229546034784,22.190711201817237,Medium
01-03-2024 17:45,40.726193739765726,-73.83994061,60,39.37396262929671,35.03126704909901,Yellow,Rain,0,-0.57425518,90,1,205.72980163766942,23.716327606481407,Medium
01-03-2024 17:50,40.87108706,-73.74058977,293,41.923149794690545,55.96665151217265,Red,Clear,0,-0.369805533,7,27,409.07027403540513,22.998347864487528,High
01-03-2024 17:55,40.77866117337482,-73.96371355,237,62.134654348708615,33.12226927828063,Red,Rain,0,-0.660553565,5,35,313.5897710755756,21.69004260285492,High
01-03-2024 18:00,40.73717362833232,-73.79950078,273,10.243463412041615,19.595822105288363,Red,Rain,0,-0.292871658,24,35,67.15843708822526,15.929032437549136,High
01-03-2024 18:05,40.65391406660912,-73.75548711,281,67.06028969,11.958625166600145,Red,Fog,0,-0.693719133,34,5,429.0221037564338,18.98366337876302,High
01-03-2024 18:10,40.60414344734195,-73.75900511,188,63.70831041401789,33.77928152546354,Yellow,Fog,0,0.9280372700575963,99,8,138.6872409128464,9.367910978,Medium
01-03-2024 18:15,40.72314404099988,-73.90445828,168,53.18705506758885,13.811152017148975,Green,Clear,0,0.7309652989061963,53,24,455.78741437421724,21.16457446885007,Medium
01-03-2024 18:20,40.60658415870578,-73.89760998,47,45.41416810838614,18.961618275160433,Green,Snow,0,-0.273957402,7,26,455.93676464704953,12.061134337806376,Low
01-03-2024 18:25,40.669686239822276,-73.91010543,92,47.89836752024554,78.49487683614473,Green,Clear,0,-0.186419176,29,0,454.75539285339323,20.69564487167183,Medium
01-03-2024 18:30,40.829039673271886,-73.9026245,194,72.79015227833867,71.73004123201478,Red,Clear,0,0.6779887453134268,48,5,99.34492763060925,10.554211756135585,Medium
01-03-2024 18:35,40.854769238505654,-73.76940154,39,77.16271036574354,34.01466942938897,Red,Fog,0,-0.743368423,85,10,134.77720257009943,8.176337247875711,Low
01-03-2024 18:40,40.75632579,-73.74576118,218,70.26360126406288,33.09209352,Red,Clear,0,-0.434661342,91,4,329.4515769506551,21.659548588706905,High
01-03-2024 18:45,40.87189569744482,-73.80746012,265,33.91326027447008,69.92568643802707,Green,Fog,1,-0.766875624,88,38,146.07143018707194,29.995415951759885,High
01-03-2024 18:50,40.78164634333039,-73.82664568,76,30.071477529215063,98.30099756851124,Yellow,Rain,0,-0.425095922,70,10,214.48269102115557,17.31728256276343,High
01-03-2024 18:55,40.654143277242326,-73.76172531,199,68.37326641201415,67.04670330736195,Green,Snow,0,0.34367483169807644,30,15,473.0247091828309,18.769249301649914,Medium
01-03-2024 19:00,40.691732163584255,-73.76927617,244,10.108864530388775,35.136939243515165,Green,Fog,0,-0.339915019,31,46,427.88997054029727,8.836731778,High
01-03-2024 19:05,40.61997229573073,-73.80959664,88,53.44446564013458,22.971806625078404,Yellow,Fog,0,-0.059707259,38,43,481.8512476356943,20.743624870186704,Low
01-03-2024 19:10,40.793711064609205,-73.81436571,64,29.92300475,41.85638637343625,Yellow,Fog,0,-0.130231775,20,42,68.45883250728947,23.84811672297034,Medium
01-03-2024 19:15,40.863962185116975,-73.70154848,155,78.48787837001066,16.71366632359051,Yellow,Fog,0,0.5435931198337935,81,6,228.1665257685967,28.342807623286255,Medium
01-03-2024 19:20,40.68880674,-73.83086505,234,24.50354781052497,26.468457138611537,Red,Snow,0,0.6040206165622879,54,8,319.5614713826392,18.564604786654805,High
01-03-2024 19:25,40.77444368120615,-73.99796944,177,23.04899408480023,23.666915575315823,Red,Fog,0,0.6777336486100651,48,46,246.43614905924318,21.88361103226867,Medium
01-03-2024 19:30,40.89992336937892,-73.75748187,259,74.39700522151895,55.23424619438101,Red,Rain,0,-0.976022846,44,25,373.00666060916376,6.048787736,High
01-03-2024 19:35,40.76308976161143,-73.82898508,244,23.322283694655837,97.91373651,Red,Clear,0,-0.064875884,18,23,429.4601303469001,22.877026119794667,High
01-03-2024 19:40,40.87212144256978,-73.93458241,188,52.96548070471059,11.750009797127953,Yellow,Fog,0,-0.668918402,1,4,484.3849504167873,16.156287724905596,Medium
01-03-2024 19:45,40.77902908842053,-73.76827696,100,9.437356463521773,10.803855749080402,Yellow,Rain,0,0.34026550937856914,32,10,492.47835391965515,28.80069924,High
01-03-2024 19:50,40.704973552821826,-73.86143098,196,71.14153113036716,33.46633673,Yellow,Fog,0,0.23101588667178596,19,36,137.64070113236806,13.476772473377947,Medium
01-03-2024 19:55,40.759909700136035,-73.78317807,293,36.37910796765543,82.96993724089343,Yellow,Snow,0,-0.038178548,60,9,84.59010821087381,11.062045517302025,High
01-03-2024 20:00,40.63052167682185,-73.87858127,165,44.79445931,20.384731738784176,Red,Clear,0,0.5319021986441166,40,49,254.20807490076658,14.41703840874666,Medium
01-03-2024 20:05,40.65094395526716,-73.88591958,226,23.18650328161951,19.060978282840935,Red,Rain,0,-0.017996113,37,35,324.6671204615868,21.764150735589023,High
01-03-2024 20:10,40.71100208928359,-73.82523243,280,51.71736224978542,69.02413496218195,Green,Snow,0,-0.886568948,17,39,354.02224743080205,27.376949311137754,High
01-03-2024 20:15,40.73699596766793,-73.87808709,144,67.93592604394976,86.28008012262629,Yellow,Rain,0,0.37804234862198705,76,37,376.11065632286954,11.333868363494808,High
01-03-2024 20:20,40.794708620525725,-73.72901203,11,55.170823911518205,83.70923594318577,Green,Snow,0,-0.609520572,6,7,252.33200273710716,25.418035117856597,High
01-03-2024 20:25,40.73044699834271,-73.71549715,146,62.40259361527668,70.25606523616771,Red,Snow,0,0.47921199531478176,86,19,413.50364219707706,5.645098418576592,Medium
01-03-2024 20:30,40.60781375589226,-73.81554169,104,77.52843535019775,86.18538121739246,Yellow,Snow,0,0.11380913706438367,96,1,439.52671442087836,11.736791022722691,High
01-03-2024 20:35,40.615365777692254,-73.86907903,26,14.51073394588631,40.79428752320162,Red,Snow,0,0.357990287,70,10,144.71322981413977,9.307290815,High
01-03-2024 20:40,40.745202244628764,-73.97305656,175,11.139298111151131,95.57984452510145,Green,Rain,0,0.639412393,98,47,159.96551702193875,9.407315567,High
01-03-2024 20:45,40.61363165493026,-73.92817683,223,71.08791237825284,55.11267169704221,Green,Snow,0,0.3640602934776256,72,38,309.46286272361135,19.21498667033266,High
01-03-2024 20:50,40.698355042688185,-73.78562628,102,68.09987102512953,63.63583672672495,Green,Fog,0,0.3293554049018015,52,30,335.9197231866907,27.03220538466629,Medium
01-03-2024 20:55,40.620327548701695,-73.71466285,211,51.66504036623987,73.08193716856388,Green,Rain,0,0.35237928294921383,19,30,326.1939073402271,19.976647802856274,High
01-03-2024 21:00,40.69630744027906,-73.73852625,34,39.00913426810099,61.11430995457512,Green,Clear,0,0.4218520781164794,7,47,276.17980465445123,7.966594536312367,Medium
01-03-2024 21:05,40.61071229857482,-73.92618168,35,59.18372105270303,63.067331996673026,Green,Clear,0,-0.539976546,41,10,354.3279415910924,29.68431333744676,Medium
01-03-2024 21:10,40.76367768802628,-73.84372113,31,56.59163335522122,78.40839725,Red,Snow,0,0.40236843265962885,57,19,220.2984302248266,6.332560493643631,Medium
01-03-2024 21:15,40.72469617331546,-73.80714114,58,34.36342389882028,16.707087629467637,Red,Clear,1,0.7406811916402347,14,37,82.89513400328619,19.61323304799977,High
01-03-2024 21:20,40.653271413668506,-73.71977063,153,18.422252387262716,45.45820186510228,Red,Rain,0,0.9845690227131247,32,20,440.34213839854215,20.49511483665188,High
01-03-2024 21:25,40.60826143,-73.77152819,73,26.70083743192846,17.566095642459967,Green,Fog,0,0.8716534989071574,5,36,343.8068865801366,22.181141009765753,Medium
01-03-2024 21:30,40.88120247303094,-73.76967386,163,17.51184006738675,99.54855269784397,Red,Fog,1,-0.778496433,4,36,352.4463075702747,10.754876709072063,High
01-03-2024 21:35,40.71371342073754,-73.91181695,129,46.00501061942189,24.363964893528927,Green,Rain,0,0.5944684636862088,68,48,101.77587152745451,15.142557687576618,Medium
01-03-2024 21:40,40.847010976113765,-73.81496305,138,54.842431090245185,42.68082912515779,Red,Snow,0,0.7556399535563223,26,22,475.4650356391102,28.100667732674516,Medium
01-03-2024 21:45,40.869765752088654,-73.99437961,256,16.348759860379587,54.43599727357193,Green,Rain,0,-0.761298912,49,30,424.0671481443044,12.171417461668515,High
01-03-2024 21:50,40.653572975736324,-73.96482698,202,19.661751628509784,13.264231230070582,Red,Fog,0,0.8524924869957649,81,5,177.2778855521969,20.427353314640566,High
01-03-2024 21:55,40.797001478032485,-73.84496168,122,47.12938350943981,78.97611797,Yellow,Fog,0,0.3985792652113249,52,42,197.1585366398853,24.836498976117248,Medium
01-03-2024 22:00,40.772333351090445,-73.99689307,251,21.170433439033808,59.90039139758482,Yellow,Snow,0,-0.448051031,14,25,264.8383711868454,25.73756896820779,High
01-03-2024 22:05,40.74428922,-73.88718639,290,10.211335822121743,82.95215714458622,Green,Clear,1,0.057572504734118235,51,45,228.0016419205791,11.651584157261986,High
01-03-2024 22:10,40.88077398574675,-73.90703031,51,22.83923188040862,13.009610725628686,Green,Clear,0,-0.62023191,40,6,311.94381449355495,8.553618137,Medium
01-03-2024 22:15,40.63831577891652,-73.73030666,254,50.88414949501854,21.38768463369882,Yellow,Fog,0,0.46473019710078134,39,18,82.37785139592104,6.601882777157595,High
01-03-2024 22:20,40.73272035404306,-73.91796467,290,62.41342215224725,73.62024315563691,Green,Rain,0,0.6747594212910477,92,26,167.2422429992767,27.240959601477904,High
01-03-2024 22:25,40.71533227,-73.86462335,123,9.967808488,37.23431556787314,Green,Fog,0,0.7167114042037026,5,0,220.14910738792338,11.039828958955685,High
01-03-2024 22:30,40.71022941587124,-73.80626256,36,37.44539679196464,55.03580825810376,Yellow,Clear,0,-0.292039959,37,25,409.6122734,18.07881904181501,Medium
01-03-2024 22:35,40.83518817215917,-73.70025673,134,16.88853963585886,42.23776214347137,Yellow,Rain,0,0.13747333907538217,9,16,145.5424578359795,16.538669225238053,High
01-03-2024 22:40,40.85139106,-73.74256787,291,73.21686566,47.88400886508705,Yellow,Rain,0,-0.062986828,80,0,214.50903627561647,17.23284891932996,High
01-03-2024 22:45,40.83855729591246,-73.94418253,52,35.47249674,82.40851381292778,Green,Rain,0,0.4187120686884147,28,47,291.2265176244804,16.909247300003265,High
01-03-2024 22:50,40.750201314426434,-73.95564657,32,14.67288452066914,65.90240205180133,Green,Fog,0,-0.381573135,33,28,252.84651663376653,5.329211899220744,High
01-03-2024 22:55,40.800009480019966,-73.95468418,93,54.46017811704215,57.00014012284673,Green,Rain,0,-0.730224004,9,28,133.8606006033387,9.119222728832014,Medium
01-03-2024 23:00,40.724188273567776,-73.76271707,106,25.447719747635034,81.54717180070476,Green,Clear,0,0.2822877838954092,78,16,305.90285089286164,28.544178562662875,High
01-03-2024 23:05,40.84707079229829,-73.715293,99,46.64542710081032,74.98927158068327,Yellow,Clear,0,-0.057477334,55,45,393.8714674542199,19.387614670057673,Medium
01-03-2024 23:10,40.83556872653337,-73.91569093,137,28.55714552,90.09012227834398,Yellow,Snow,1,0.371137715,12,9,429.1962803416794,14.089827052474627,High
01-03-2024 23:15,40.620541674265226,-73.7329991,131,68.97147808,33.81650250737373,Red,Snow,0,-0.373739429,77,18,81.52438041221332,14.485563876052927,Medium
01-03-2024 23:20,40.685574228949285,-73.80071047,204,25.92234495281074,22.78863034978816,Green,Clear,0,-0.115683288,61,5,280.57279692137536,12.504785326058292,High
01-03-2024 23:25,40.70739425956318,-73.77966578,216,31.457377829716478,84.44636382752617,Green,Snow,0,-0.253594193,5,31,143.22147244059101,11.012572035048406,High
01-03-2024 23:30,40.870396398825264,-73.8877787,121,37.37732308229201,71.75101867016788,Green,Clear,0,-0.934577646,58,14,435.02500599319256,22.781784341955532,Medium
01-03-2024 23:35,40.65323077845133,-73.99070681,101,64.61485827512182,78.13973810976204,Red,Clear,0,-0.646152746,48,29,319.94524081281827,6.417216830744353,Medium
01-03-2024 23:40,40.66735910030587,-73.76418157,43,51.14310163542404,72.01945236118502,Green,Snow,0,0.5999469742382846,84,6,149.94554360887963,15.717160354806662,Medium
01-03-2024 23:45,40.610732309516905,-73.83424437,86,76.86317869493868,27.52951908646588,Green,Snow,0,-0.015387581,20,28,125.03985204097471,26.18228804485027,Low
01-03-2024 23:50,40.70028578931872,-73.93723227,108,33.71477417249251,17.45854865034849,Green,Snow,0,-0.1792848,76,41,185.3176215071219,26.145699644744674,Medium
01-03-2024 23:55,40.640389604627394,-73.75232934,256,56.67813799446751,89.15967018,Red,Fog,0,0.9962371894040314,86,6,152.7817567643815,27.09581316964021,High
02-03-2024 00:00,40.82635842,-73.90034643,168,25.103960199199996,49.55044825847375,Red,Fog,0,0.070494854,87,29,452.5317753041561,11.846056541399795,Medium
02-03-2024 00:05,40.717415860629046,-73.73842607,278,48.897169720693725,19.29110456497984,Green,Snow,0,0.9358560296159104,6,26,367.0954089296277,20.74278718357526,High
02-03-2024 00:10,40.86084357691628,-73.90595062,90,53.30717330051573,79.58106807864245,Red,Snow,0,0.45936637886006104,95,22,165.38194648665748,28.245568131308573,Medium
02-03-2024 00:15,40.65583650208664,-73.86315538,233,52.46787047933584,30.462445613927095,Green,Clear,0,-0.313150535,17,25,95.94375791083057,19.789772674543684,High
02-03-2024 00:20,40.60127846691883,-73.81338047,117,58.11048180329459,80.56065227857005,Red,Rain,0,-0.005109675,34,17,334.65369534276414,26.43829467723748,High
02-03-2024 00:25,40.860973987443536,-73.82405498,202,43.831677263380044,36.495475149379615,Red,Clear,0,-0.348321686,68,25,446.1989420049084,12.15849982623202,High
02-03-2024 00:30,40.85142841480336,-73.97562915,173,11.417898280868762,15.711274595396993,Green,Rain,0,-0.762058978,58,0,460.8937463575725,11.534057642259075,High
02-03-2024 00:35,40.841453165004374,-73.71695387,229,51.065439724856326,63.58509502011078,Green,Fog,1,-0.726657744,9,14,472.4454258010465,8.077381186,High
02-03-2024 00:40,40.831008506622545,-73.80742142,13,28.127881016629374,90.72117508347687,Red,Snow,0,-0.146546242,61,14,147.1562501199687,23.021691406594982,High
02-03-2024 00:45,40.78758787,-73.7832748,31,47.39309137883278,92.23308951293134,Yellow,Clear,0,-0.810633646,38,15,432.6550144403914,13.013656166795366,High
02-03-2024 00:50,40.799594563071636,-73.86679811,163,32.99663602,70.99649822393516,Yellow,Rain,0,-0.153077716,57,14,493.31808600796245,16.841975539535387,Medium
02-03-2024 00:55,40.83546340611756,-73.72099546,15,39.08393320613734,96.65529200659697,Red,Rain,0,-0.916921038,97,14,212.01120322563503,15.336456236908317,High
02-03-2024 01:00,40.70197517159933,-73.81972728,199,27.926239047177532,25.26916627631142,Red,Fog,0,0.6878863669927178,73,8,63.52918305504128,25.951416955670467,Medium
02-03-2024 01:05,40.61193716723241,-73.95897032,222,74.31310321734244,71.56162300729554,Red,Snow,0,0.9201321029215694,34,44,68.00581046,29.688578599091347,High
02-03-2024 01:10,40.654733769341206,-73.93598288,161,33.88103772077765,71.72906208191841,Green,Clear,1,0.2754426233831073,58,13,133.72292753361114,6.4232978012445745,High
02-03-2024 01:15,40.86554360050197,-73.92605742,190,51.24998534860589,28.365232797088087,Yellow,Rain,0,-0.192939418,33,11,394.57524138397537,28.39844340716746,Medium
02-03-2024 01:20,40.67258010044686,-73.75633851,70,72.29984566473519,35.38716562948822,Red,Clear,1,-0.737744943,3,7,260.9003436771857,15.50763809608068,High
02-03-2024 01:25,40.615963906584206,-73.76146913,284,41.24746641649853,76.38054633978929,Green,Fog,1,-0.999123883,99,16,345.2879760143135,21.074191656833367,High
02-03-2024 01:30,40.814494597508926,-73.79882158,38,79.00865297373535,32.54524516476735,Red,Clear,0,-0.932045207,16,28,58.30117601196173,24.392963696612277,Low
02-03-2024 01:35,40.77150355185055,-73.76988629,203,79.00985447,67.88638958474223,Green,Rain,0,0.7626798847896108,91,27,262.7765871153516,12.87996916252601,High
02-03-2024 01:40,40.80657397582681,-73.89839089,251,59.993748316010155,67.46346461401295,Yellow,Rain,0,0.17882239061900806,64,29,211.8497661483638,7.431374332301645,High
02-03-2024 01:45,40.85644440367006,-73.90259417,205,51.335316671195436,13.180593381548366,Red,Clear,0,-0.085443437,75,4,353.13547647558545,24.603896488151413,High
02-03-2024 01:50,40.81399097472118,-73.95259391,68,68.29234969799295,90.99640156364084,Yellow,Snow,0,0.8752386064894475,83,34,458.43268901700384,13.46887377674895,High
02-03-2024 01:55,40.61626795847129,-73.88546866,135,10.880376809015791,10.663131102471237,Red,Fog,0,-0.098294059,68,21,345.997835,21.583736881364583,High
02-03-2024 02:00,40.65229977893806,-73.87421285,104,53.253125514076125,61.954987716299414,Green,Fog,1,-0.069648155,59,48,178.43713824635097,20.606407641011174,High
02-03-2024 02:05,40.783967582837946,-73.70595579,186,36.506334043273675,70.02421867,Red,Clear,0,0.7652775662470546,65,0,229.28185181353626,13.114284547795428,Medium
02-03-2024 02:10,40.70431409813052,-73.857945,286,36.63096247073166,82.06851109307327,Green,Snow,0,-0.382200331,30,46,220.72393815277312,17.760627308789424,High
02-03-2024 02:15,40.737779899518955,-73.74667833,94,49.39565389666978,51.29268954587347,Green,Snow,0,-0.596523425,10,49,291.73083656757956,6.960252395264717,Medium
02-03-2024 02:20,40.745639939715524,-73.79007179,204,11.694447393308149,83.23507043781608,Yellow,Snow,0,-0.349572479,6,42,100.55695126118098,27.58609801585832,High
02-03-2024 02:25,40.690129829466116,-73.92436604,100,47.84620170589084,21.734980322761572,Green,Rain,0,0.28536455082142465,30,45,348.73161881005524,17.116969055678332,Low
02-03-2024 02:30,40.867380494276894,-73.70654878,289,49.187818432348266,64.31510972561644,Green,Fog,0,-0.20956753,23,11,123.3456076626905,18.385707182475024,High
02-03-2024 02:35,40.82848099,-73.87662069,105,46.09712966348952,72.00985292208026,Green,Fog,0,-0.724732013,47,5,476.14657657222205,12.95781944229666,Medium
02-03-2024 02:40,40.83540283427936,-73.71753348,158,5.3753544734949985,71.14737942267882,Green,Snow,0,-0.069735195,2,29,335.30005528289223,9.587649953160172,High
02-03-2024 02:45,40.666530829916546,-73.7755694,190,13.315189837159508,27.35378681328518,Yellow,Snow,0,-0.424286289,79,44,109.16378691426415,12.078457395118646,High
02-03-2024 02:50,40.83173674318891,-73.88304754,39,15.194341583320373,16.58720253495877,Green,Fog,0,-0.750151006,44,29,205.42728948043398,28.130955929476514,High
02-03-2024 02:55,40.757726332202076,-73.98769865,223,48.49629355224586,60.10276798647433,Green,Rain,0,0.9102735107857614,54,41,437.2270425573355,11.110079065574599,High
02-03-2024 03:00,40.84997750398537,-73.72317661,204,67.51269796658283,22.59972910317739,Red,Rain,1,-0.647723722,7,32,268.6411958280548,9.063825861435316,High
02-03-2024 03:05,40.65163382014446,-73.976855,223,62.08847481661675,24.48811085,Green,Rain,0,0.7467108737646646,80,24,403.96399333144666,9.457685036558187,High
02-03-2024 03:10,40.82030726373006,-73.92682089,120,54.56195696133062,72.30196499025706,Yellow,Fog,0,0.7114328012383189,41,17,210.9827688172965,11.795277330462586,Medium
02-03-2024 03:15,40.750525077638656,-73.80705417,296,33.47451102785204,11.937201421176479,Green,Fog,1,-0.358579351,76,21,366.89981538770894,8.430762038,High
02-03-2024 03:20,40.67066292924278,-73.79606894,218,6.139505301444729,76.08918889168741,Yellow,Rain,0,0.48163037275812415,71,18,384.7444582003541,7.665230161740234,High
02-03-2024 03:25,40.60806431175625,-73.85648756,235,64.13811143700042,80.97891133,Red,Clear,0,-0.375258683,82,20,455.2976281249851,14.989767070407533,High
02-03-2024 03:30,40.81703724254347,-73.72629712,283,23.949112846930422,48.38036704481369,Red,Rain,0,-0.46564984,36,47,52.24920775496323,11.429615011177848,High
02-03-2024 03:35,40.756229082299456,-73.82810914,205,51.80674552453997,64.94120180861506,Green,Clear,0,0.3336942986126745,26,8,114.16894900207973,27.27720258413356,High
02-03-2024 03:40,40.83866596256687,-73.93630457,139,57.859554065150874,38.51691764944532,Yellow,Fog,0,0.6530414696884497,29,24,242.27023858779648,18.741870691600457,Medium
02-03-2024 03:45,40.679081318725835,-73.98871728,106,28.063865043571802,69.47127780386208,Red,Snow,0,0.12826353589378203,59,40,88.66386150990621,14.32325755835928,Medium
02-03-2024 03:50,40.68618373057627,-73.8490414,299,44.01646857883426,66.28241651070374,Yellow,Rain,0,0.7230576190351661,99,44,292.6870453,6.475825980765213,High
02-03-2024 03:55,40.82406559,-73.81023028,209,69.25046752687882,24.163692086604456,Red,Snow,0,0.5866324885686274,75,28,350.5623550918743,20.41699086471691,High
02-03-2024 04:00,40.66783523543934,-73.89565765,25,69.42588888944435,56.812837748775294,Yellow,Fog,0,0.27822589935906117,77,3,425.5997101491955,11.147260325188036,Medium
02-03-2024 04:05,40.79154058875397,-73.85272861,238,47.548189933841826,72.23102354450472,Yellow,Clear,1,0.9347465785163003,86,0,344.99500849131323,9.468187437194054,High
02-03-2024 04:10,40.74362005515622,-73.89337911,26,34.608155954457004,72.19579981674065,Yellow,Clear,0,0.3521181835886631,55,42,187.89191874379716,22.68005072461544,Medium
02-03-2024 04:15,40.81427027593677,-73.83173563,48,7.231880261116967,16.333739090898035,Yellow,Snow,0,0.7433977031039276,59,23,417.0053306558596,11.42633386147743,High
02-03-2024 04:20,40.63940171613307,-73.9588249,217,50.654714492534616,17.338903252724396,Green,Fog,0,0.2296553615909913,81,8,473.8456306,20.985244493554305,High
02-03-2024 04:25,40.81976740725243,-73.93336065,169,14.153315227300624,96.87628751,Yellow,Rain,0,-0.478057954,12,37,159.0160929433743,7.543480465046488,High
02-03-2024 04:30,40.73781506766431,-73.8180562,164,40.44138109578879,66.18540187184297,Red,Snow,0,-0.597506428,65,4,104.84927233956216,25.71792567701863,Medium
02-03-2024 04:35,40.62272684643746,-73.90219693,214,5.649523014898071,10.60335848887299,Red,Clear,0,0.12789862394756102,33,18,357.24194444692415,9.862382605322507,High
02-03-2024 04:40,40.614920752409866,-73.88520871,186,71.94496389575116,35.33650244233331,Green,Snow,0,0.6385327443932864,39,32,218.80080078232209,14.135171305314877,Medium
02-03-2024 04:45,40.814669483183174,-73.74435063,172,48.51237007541445,13.552223148532441,Green,Snow,0,0.8557376970912425,80,23,283.55901080666894,10.320117336121783,Medium
02-03-2024 04:50,40.65709869520809,-73.72946981,35,39.14771570788833,55.14881742873727,Yellow,Fog,1,-0.888275762,24,49,405.8304219368767,23.912714129707997,High
02-03-2024 04:55,40.83107788249141,-73.74454881,239,38.224359863979096,41.81151224713488,Green,Clear,0,-0.682679185,89,39,386.8505453607019,25.397032269599315,High
02-03-2024 05:00,40.85600733828627,-73.92861861,177,72.2064483,52.55378796266561,Yellow,Snow,0,0.4643407389911638,24,43,368.0822573850018,5.760304384228089,Medium
02-03-2024 05:05,40.69186150256475,-73.8588396,239,46.96653947865086,66.44367032689328,Green,Fog,0,-0.431729394,91,10,353.39755215299243,16.82680274061708,High
02-03-2024 05:10,40.684977788274914,-73.77684551,295,51.70026172076075,99.55901010895823,Red,Clear,0,0.9855475617550475,16,11,268.3773499932687,23.811482583670713,High
02-03-2024 05:15,40.67351481543762,-73.98699511,202,52.93625675208699,70.85395466350465,Red,Snow,0,0.9888248417063652,28,6,459.77030113937025,7.735945869802372,High
02-03-2024 05:20,40.88729613816426,-73.72964567,265,25.863518063349023,70.71807304,Green,Fog,0,0.7044806004379378,7,33,55.047748837485514,8.455696668074983,High
02-03-2024 05:25,40.82610215743787,-73.77737358,249,7.427918109006141,59.22600014319477,Green,Fog,0,-0.216058579,70,14,243.26225612050686,20.24018921,High
02-03-2024 05:30,40.701623107587594,-73.95028787,89,50.87134470057896,20.027900617316824,Red,Rain,0,-0.794454479,93,12,430.0896601247666,20.471589920651688,Low
02-03-2024 05:35,40.723975334413204,-73.7638316,114,32.73381333428017,31.221188469932745,Green,Fog,0,0.085485176,12,19,438.6436718671848,10.993008268817443,Medium
02-03-2024 05:40,40.70302877973257,-73.97709069,182,21.37147038555604,26.68290788355439,Green,Fog,0,-0.046944186,9,27,253.23865564822563,18.614859495641483,Medium
02-03-2024 05:45,40.76451185273417,-73.85728617,271,56.88297555244331,38.377454878746036,Red,Snow,0,0.6828788147088594,2,39,423.8064043194435,27.255831626525293,High
02-03-2024 05:50,40.74069171231594,-73.7262515,110,48.44585678057912,98.92535150337169,Yellow,Fog,0,0.3010597040794536,44,3,79.09570227607566,8.508641496181886,High
02-03-2024 05:55,40.80336168320422,-73.87712799,123,55.595288332362976,85.71393087153714,Green,Fog,0,0.9565365171472509,51,15,128.28201839568192,20.11526155723951,High
02-03-2024 06:00,40.652682126795064,-73.8815311,270,34.66347694475817,71.71892018932266,Green,Snow,0,0.5949736589040111,79,10,344.7970675797874,25.086339634515483,High
02-03-2024 06:05,40.627042111991756,-73.79454758,110,68.37670130706508,25.763556280580417,Red,Clear,0,-0.687820793,6,6,337.9439936143545,17.055354578012604,Medium
02-03-2024 06:10,40.75415427520275,-73.82998778,40,16.065833757133547,67.15006959410081,Red,Rain,0,-0.952751681,76,26,94.87813951166036,28.780097706978232,High
02-03-2024 06:15,40.74247518717404,-73.75997326,82,33.650458110025866,17.02754983655356,Green,Rain,1,0.4826748993444747,55,47,174.04289444229565,28.521766770619738,High
02-03-2024 06:20,40.75755122403482,-73.76339538,129,71.5190324,10.550057319425951,Red,Rain,0,0.5117881463905734,71,6,462.3287916069194,19.933284144485743,Medium
02-03-2024 06:25,40.718904311387654,-73.8761032,156,62.70877775995152,49.419326686736014,Red,Fog,0,-0.036947341,8,42,57.15314137925265,12.62662005274515,Medium
02-03-2024 06:30,40.660088487924476,-73.77856691,237,78.14334075,18.206267411436627,Green,Fog,0,-0.73323069,53,31,120.69663191871072,18.50524283388402,High
02-03-2024 06:35,40.604681340971325,-73.88668424,197,70.24375706,57.92744500143299,Red,Clear,0,-0.054306188,35,22,477.8047101759401,24.865531724658872,Medium
02-03-2024 06:40,40.827348123502766,-73.93731204,251,26.129129207809143,33.63225281732515,Yellow,Fog,0,0.2220998639990659,75,28,303.0306812104796,11.878601082535651,High
02-03-2024 06:45,40.61037398040916,-73.91581225,186,44.643050844021744,32.78872502,Red,Snow,0,-0.960679363,77,26,102.56512777792658,28.067914957907572,Medium
02-03-2024 06:50,40.83068878376689,-73.99067281,82,77.68123898076136,98.93911170810173,Green,Rain,0,-0.024649072,93,21,416.33764657053194,8.563776986716999,High
02-03-2024 06:55,40.83592916396327,-73.90375878,98,38.52611922827188,66.38133787272342,Green,Snow,0,-0.031200328,5,5,88.72598423,14.669627832190322,Medium
02-03-2024 07:00,40.743694080370325,-73.75026303,298,57.96602222173823,25.50177842,Yellow,Clear,0,-0.972818574,36,41,208.0161123,13.78558219460383,High
02-03-2024 07:05,40.81881900748354,-73.89129258,21,50.68758241975973,47.79849750353042,Red,Clear,0,-0.452709226,83,44,194.33102048246872,10.964691601140773,Low
02-03-2024 07:10,40.784389033999325,-73.8269341,79,5.601004658367299,96.02427949584934,Green,Rain,0,0.3036205388345834,31,42,285.8299869389818,21.6692314,High
02-03-2024 07:15,40.71937165,-73.92128099,135,62.879716157243344,25.834184853268177,Green,Fog,0,0.026252245,53,40,301.3523382264692,11.158838726811089,Medium
02-03-2024 07:20,40.62198014507013,-73.93241779,100,21.788570653937622,17.790144540851664,Green,Fog,0,0.7294997673912649,15,37,192.00530500430577,10.491071658724186,Medium
02-03-2024 07:25,40.663965711593555,-73.7357032,66,25.994552335584533,84.53422556400267,Yellow,Rain,0,0.7712175634187495,7,33,331.72257178456664,5.621458542682249,High
02-03-2024 07:30,40.63973787079217,-73.95546875,41,35.31525454070996,17.251980580333264,Green,Snow,0,0.1921228289433896,50,18,422.93295899248045,10.619558374649412,Medium
02-03-2024 07:35,40.688613175607394,-73.71035361,131,64.60877250417713,75.86946964642979,Green,Clear,0,-0.201720441,16,42,281.5698288034232,8.457081122,Medium
02-03-2024 07:40,40.802031676788275,-73.74792976,119,26.826353353903507,74.83664701283398,Red,Clear,0,-0.97120786,20,1,282.4449325284195,6.596624466039187,Medium
02-03-2024 07:45,40.80681935619326,-73.74156833,226,24.09073902207225,38.09747530979269,Green,Clear,0,0.9757776128597311,27,29,352.3252165160307,10.57736432740667,High
02-03-2024 07:50,40.75140993530781,-73.97978846,161,56.90228271601502,21.024319519123836,Red,Rain,0,0.9012962910749058,91,27,372.82477,28.01171511477445,Medium
02-03-2024 07:55,40.66122037055044,-73.99101272,248,6.4299980117633915,16.626999298072924,Yellow,Fog,0,0.656274463,76,30,127.84385069375067,26.969021482012316,High
02-03-2024 08:00,40.88929348090294,-73.72441481,103,15.10577479374345,83.48038196899623,Red,Snow,0,0.6675794850112424,44,25,307.66041386615035,16.400495040521967,High
02-03-2024 08:05,40.767694707553986,-73.83770001,23,10.559859023913017,92.85061255881405,Green,Clear,1,0.651298528,76,23,299.7867354081799,7.354351005690808,High
02-03-2024 08:10,40.65569977008056,-73.85577919,150,61.20251783430268,36.24879016,Green,Clear,0,0.28321604677955237,50,4,156.4490818667589,19.638689611190685,Medium
02-03-2024 08:15,40.891850924844185,-73.82285962,83,24.45997261691812,35.138826433132536,Yellow,Snow,0,0.099304141,72,40,289.5240750515577,22.94969292981127,Medium
02-03-2024 08:20,40.70057906225182,-73.91990011,72,24.978027868010717,77.58909660623085,Green,Fog,0,-0.003316869,3,47,132.4861871090547,16.809161343787224,Medium
02-03-2024 08:25,40.62872665172222,-73.93883016,198,23.591986878782834,70.56683587631933,Yellow,Clear,0,0.7537025612974304,79,27,216.17703502073735,13.49196394846596,Medium
02-03-2024 08:30,40.841548504165786,-73.94219549,297,12.530017475912896,47.81842772063875,Green,Fog,0,0.32550638102719254,93,38,253.51527961121786,15.594758497188417,High
02-03-2024 08:35,40.83133967014425,-73.91411731,224,43.629725924999015,63.18984259342836,Green,Clear,0,0.895306261,4,47,325.4485659,18.124719108411945,High
02-03-2024 08:40,40.83432244704581,-73.92633962,126,72.86389541141457,13.591991381118493,Red,Clear,1,-0.265188837,80,5,87.30707980886501,5.966976840737624,High
02-03-2024 08:45,40.76126440566981,-73.91469697,38,6.428008316625142,77.72360806250745,Green,Rain,0,-0.538776468,10,44,338.25361452788354,19.578884297636343,High
02-03-2024 08:50,40.78355305267726,-73.91264842,71,64.02018812775843,71.10858903,Red,Fog,0,0.9871982663306251,39,16,145.13979774420986,22.41752949376856,Medium
02-03-2024 08:55,40.885979236487834,-73.91122708,41,15.362425110297377,10.57683909641134,Green,Rain,0,-0.338358647,70,27,497.30968859697964,22.949645197314794,High
02-03-2024 09:00,40.83415945824927,-73.72730274,150,26.104528021625484,86.55014055746972,Red,Rain,0,0.29739692339513835,99,8,428.31539878343506,23.222076185697965,High
02-03-2024 09:05,40.66433681049942,-73.7097357,33,5.308721543256462,43.26039308917256,Yellow,Rain,0,0.48745560666952414,93,32,232.64000116299601,27.921492499660406,High
02-03-2024 09:10,40.61002892442147,-73.82895919,74,30.418917301424752,78.88578685,Yellow,Rain,0,-0.615703623,3,14,354.1437458660278,26.647346983335495,Medium
02-03-2024 09:15,40.85939186887286,-73.85478306,83,25.25310821894127,29.98291719179886,Green,Fog,0,0.9051247607925739,83,9,371.20832148358784,28.401040878255312,Medium
02-03-2024 09:20,40.83973896101933,-73.99661767,97,12.44689804509748,41.999574067858404,Yellow,Rain,0,-0.375941253,37,41,207.43459094876613,9.066946033064095,High
02-03-2024 09:25,40.63724119958391,-73.75941508,85,11.96177716026847,14.16402948279081,Yellow,Clear,0,0.22283224037441185,4,13,95.14512206114654,13.836111866014207,High
02-03-2024 09:30,40.828120625061274,-73.91331847,201,57.88635614901969,52.546253308304735,Red,Snow,0,0.7146422591925383,49,25,426.08801003676246,8.854276171,High
02-03-2024 09:35,40.687731140763034,-73.85555,286,15.135398285880475,98.03217383286437,Red,Snow,0,-0.567833643,33,14,299.0444257,26.642399395700128,High
02-03-2024 09:40,40.864521332949614,-73.91492442,77,23.48034370091505,81.19131335481902,Yellow,Fog,0,-0.943485186,17,49,322.3969937132239,11.109783641840298,High
02-03-2024 09:45,40.86415379389565,-73.90437684,101,38.19817738455644,82.71101091455283,Red,Snow,0,0.3021048770249082,43,45,220.3588818762181,13.253135554881522,High
02-03-2024 09:50,40.855741770321714,-73.96797938,130,35.61148026997741,51.83359417575785,Red,Clear,1,-0.491040883,34,32,152.23143675862434,23.259599452515868,High
02-03-2024 09:55,40.76526291049885,-73.87754989,233,31.060129481222223,32.848650723301006,Yellow,Clear,0,-0.328214813,68,18,268.5317498,5.149035466,High
02-03-2024 10:00,40.65870018271678,-73.87839631,154,9.465448015,38.74596950061567,Yellow,Rain,0,0.3676363871691748,36,9,171.2983812905061,16.773717573451563,High
02-03-2024 10:05,40.685375110515025,-73.76718707,72,6.254431139804063,70.05246806617996,Yellow,Snow,0,-0.490776396,68,12,397.39325440070394,21.620665194012712,High
02-03-2024 10:10,40.70225288874234,-73.93188082,25,34.51145218358998,73.59161804651086,Green,Rain,0,-0.926117741,95,38,382.4303479449713,7.307765301697912,Medium
02-03-2024 10:15,40.61841954,-73.7016091,263,44.59532299552876,36.657671589349135,Red,Fog,0,-0.865444887,2,37,293.1304392460297,5.602583012608979,High
02-03-2024 10:20,40.64668777683828,-73.91539871,48,20.739269786164527,93.67947092,Yellow,Clear,0,0.3586403708168229,28,25,75.05842942040478,25.970360312900578,High
02-03-2024 10:25,40.77460989737257,-73.91350925,174,42.48119356,33.61443875033939,Green,Snow,0,0.5630550215773105,68,3,271.0379670329914,19.535177700123448,Medium
02-03-2024 10:30,40.63743060929738,-73.87433096,155,42.46858323414125,67.80990246837553,Red,Snow,0,-0.384618349,65,14,90.10705519266435,9.637172992747299,Medium
02-03-2024 10:35,40.78257544875127,-73.83438743,192,20.311920219879315,37.52040156177236,Green,Clear,0,-0.369521769,27,4,77.50947184793588,22.087910781683956,Medium
02-03-2024 10:40,40.83037856227353,-73.76265396,208,77.79380213205528,22.895915259352442,Green,Rain,0,-0.983048355,68,6,360.9278313644451,17.695713009699844,High
02-03-2024 10:45,40.824204717451266,-73.78969819,241,50.93274473,57.87475555092291,Red,Clear,1,-0.421013237,44,34,139.5528582169623,20.973475001504415,High
02-03-2024 10:50,40.874390930891785,-73.97734787,52,76.59428532340887,47.15196350585002,Green,Rain,0,-0.564520379,48,44,255.91516307017054,17.83612918848732,Low
02-03-2024 10:55,40.87997425710821,-73.88741046,236,14.554013394667932,98.02094179,Yellow,Clear,0,0.8737844068458196,27,20,290.3753460929796,23.58144442974268,High
02-03-2024 11:00,40.763435289278355,-73.81227064,241,74.44478307111227,88.03045521768412,Red,Rain,0,0.9817333189595132,27,44,405.8382472645335,19.30677463718974,High
02-03-2024 11:05,40.696582707977555,-73.76946783,193,6.983052063179885,63.67363371446775,Red,Fog,0,0.6753693829717853,52,42,229.23218296701432,17.425894878813885,High
02-03-2024 11:10,40.75076827751205,-73.79482997,251,64.89742859060607,79.97473902475889,Green,Snow,0,0.037221422,97,5,335.88423887033184,9.290777121934891,High
02-03-2024 11:15,40.73013599795273,-73.76565123,14,72.06900201184122,48.106020037112536,Yellow,Fog,0,-0.513924863,43,22,170.8685225997421,7.158040609867734,Low
02-03-2024 11:20,40.80691447227021,-73.97337667,197,48.422389400910795,38.91832447992647,Green,Fog,0,0.8213841255007692,72,30,167.0136839609184,25.57687479842618,Medium
02-03-2024 11:25,40.73022585275819,-73.82071038,106,75.93193459288645,13.556324787114526,Red,Snow,0,0.17384346534424666,38,7,131.8172142440972,14.25702566934937,Medium
02-03-2024 11:30,40.632762268103875,-73.97906973,183,9.729916733,78.62060089337695,Green,Snow,0,0.5842552958240901,95,26,358.5075097939744,17.75079062641197,High
02-03-2024 11:35,40.882792163311976,-73.90357124,84,31.790993270612823,88.56893167,Red,Clear,0,-0.917639125,87,22,185.42067382646056,15.006372434925462,High
02-03-2024 11:40,40.72911651767839,-73.81454238,32,24.490143060415658,92.00204038135386,Green,Fog,0,0.4762817513506328,25,23,69.31799889409069,25.470472314921278,High
02-03-2024 11:45,40.711100515833024,-73.74494227,225,7.501493124171778,60.42259608352594,Red,Snow,0,0.060885033630032837,95,38,376.38421156306464,22.785196796038356,High
02-03-2024 11:50,40.73623986137789,-73.73151414,226,68.33096476915753,92.85890420323952,Green,Clear,1,-0.249748574,46,21,309.8134979258544,6.983094304174193,High
02-03-2024 11:55,40.864652445566094,-73.99271333,171,65.06048472330632,31.919279557465227,Yellow,Snow,0,-0.39312755,82,39,368.1761234263114,7.268840432763603,Medium
02-03-2024 12:00,40.87537366653398,-73.94306893,249,32.48909545344482,17.674688144357603,Green,Rain,0,0.12753496214099758,82,23,316.95338091417983,11.284501570691752,High
02-03-2024 12:05,40.670305901928145,-73.75414295,236,74.65708873148945,16.003441061855867,Green,Snow,0,-0.601432075,74,29,124.88391695115646,7.1807198868948525,High
02-03-2024 12:10,40.73571150336789,-73.78236037,284,41.658293371068396,33.17895736594808,Green,Fog,0,-0.555940643,66,49,182.57409187792572,16.332322587296467,High
02-03-2024 12:15,40.63583866911081,-73.82960681,77,5.478466018836421,92.31665074782909,Green,Clear,0,0.11889151912567364,89,2,290.85982829862996,19.256309770997298,High
02-03-2024 12:20,40.756727663600444,-73.83348587,293,78.27510058087688,51.48066826002342,Red,Fog,0,0.053634633,62,36,464.87224827414695,17.298837780411368,High
02-03-2024 12:25,40.89155625748661,-73.70564731,144,33.29495363049061,15.435196443571044,Red,Fog,0,0.9006723534707373,33,7,309.90791629516104,22.89473430495618,Medium
02-03-2024 12:30,40.77172035575082,-73.84617334,49,23.928857932697728,89.49967573367317,Red,Fog,0,-0.549081738,49,26,366.9158766604309,10.738304112089104,High
02-03-2024 12:35,40.756731458581726,-73.87455304,44,75.17498964329131,95.56762269953971,Red,Rain,0,0.23201327529941596,43,38,199.0814325088258,12.030376392355143,High
02-03-2024 12:40,40.65536705120466,-73.78218423,257,54.47039681,80.82227487402695,Green,Rain,0,0.7851379119593846,80,39,253.24901892586962,27.128803860070654,High
02-03-2024 12:45,40.730218384284974,-73.92672789,164,36.162426708384714,53.676138769510615,Red,Rain,0,-0.836904568,71,39,482.3797987952743,29.07657473495315,Medium
02-03-2024 12:50,40.825951698411636,-73.80129162,182,13.21207052448247,51.01387506319976,Yellow,Snow,0,-0.704692957,88,43,465.3530256064946,11.122654167851104,High
02-03-2024 12:55,40.64105295079985,-73.84181316,294,47.11644464157437,49.27627765305583,Yellow,Fog,0,0.39489159756971937,13,45,399.50294552784055,28.90603324443748,High
02-03-2024 13:00,40.82050142,-73.74349631,67,66.16981047259782,47.81300046962903,Green,Clear,0,0.524221647,90,38,429.7948649863371,23.45817735552725,Low
02-03-2024 13:05,40.84304226448329,-73.97226155,111,76.05551049327941,54.463769188869534,Green,Rain,0,-0.035018447,8,15,284.8589352226386,6.486363578073757,Medium
02-03-2024 13:10,40.87106024883175,-73.82738593,175,54.503834624812896,97.45176163732296,Green,Fog,0,0.15911883168448915,17,14,357.9393632151523,19.59780285839507,High
02-03-2024 13:15,40.830340784886126,-73.97389481,201,43.64644793126749,68.40394442,Green,Snow,0,0.994782274,90,4,497.0880916742011,14.101489579312597,High
02-03-2024 13:20,40.74582742445886,-73.7204947,175,55.69479186521623,63.684106032091854,Red,Clear,0,-0.024179373,31,23,203.41439272538472,13.446081799391141,Medium
02-03-2024 13:25,40.663283681840205,-73.72546479,37,14.766508420749656,92.43357251249648,Green,Fog,0,0.4008455282214618,34,29,446.33636273328966,21.528204737495653,High
02-03-2024 13:30,40.807330067859695,-73.99721662,215,6.208133675692344,71.30455520635712,Yellow,Fog,0,-0.573124001,92,20,364.79930600479844,5.863735080768668,High
02-03-2024 13:35,40.64446688,-73.78341781,28,17.624721033670856,40.781329325706864,Green,Clear,1,-0.299110457,59,49,232.83366969341046,29.691517264943712,High
02-03-2024 13:40,40.76023974665123,-73.88556036,86,73.84856159770166,23.88041612858996,Yellow,Rain,0,-0.12191431,50,3,394.5304908,23.266096499768704,Low
02-03-2024 13:45,40.60356738930079,-73.88718242,207,36.74702691479736,45.133001019013264,Yellow,Rain,0,0.9000767395495299,36,10,281.0706014721406,7.165307683506967,High
02-03-2024 13:50,40.73573871127565,-73.84527933,237,44.67017030782089,20.32315154474039,Red,Fog,0,-0.571688996,52,21,206.9812128188245,25.37701227833788,High
02-03-2024 13:55,40.73662232939193,-73.98053294,232,6.768884048741112,78.47699445688768,Red,Rain,0,0.036121171571199095,55,31,236.99840784843846,12.986728459491822,High
02-03-2024 14:00,40.89501158,-73.92791894,281,41.08931070167014,67.85113676213075,Yellow,Snow,0,-0.766544173,26,1,354.38210360106325,15.925267202732844,High
02-03-2024 14:05,40.64583299756883,-73.88866145,129,72.02330170204971,75.05506323158855,Red,Clear,0,-0.509274785,81,30,444.1622208136151,29.593024554104172,Medium
02-03-2024 14:10,40.66129617913772,-73.91640277,21,45.00788780065568,25.830818503239893,Red,Rain,0,-0.399566949,36,11,211.1255149723856,18.259277605811768,Low
02-03-2024 14:15,40.70340060423263,-73.70951602,245,69.63144806911126,94.85975189276031,Red,Fog,0,-0.217514168,56,24,83.34889085325061,28.934059139811893,High
02-03-2024 14:20,40.70266694380816,-73.87988358,94,16.932637023832747,90.32236771,Yellow,Rain,0,-0.129917537,48,16,324.8627836248145,17.277112788035993,High
02-03-2024 14:25,40.702924224536005,-73.92627802,181,42.60061544971241,42.87446821863334,Red,Rain,0,0.275497823,3,18,78.28792604246482,5.057318564207814,Medium
02-03-2024 14:30,40.72238458646509,-73.92554683,221,5.243503314866827,38.24055942140387,Red,Rain,0,-0.282003048,20,4,57.76321242,13.820882085770384,High
02-03-2024 14:35,40.88544297736844,-73.98353337,284,65.88987409790516,78.51717382,Yellow,Clear,0,-0.506814649,41,29,357.7785229062073,21.086302771020293,High
02-03-2024 14:40,40.84492410283454,-73.85787722,257,27.868587669221235,50.24600935607934,Yellow,Rain,1,0.6225451943135845,30,21,207.3037785292807,24.750250414195694,High
02-03-2024 14:45,40.82439673292649,-73.79584,62,38.60734495747295,97.93906414992091,Green,Snow,0,0.006271369,61,35,334.675015,18.25061878,High
02-03-2024 14:50,40.71524989297522,-73.90090081,204,67.91879418351937,75.32335526,Green,Snow,0,0.9642819673535505,72,49,76.95160778582218,9.636107039187387,High
02-03-2024 14:55,40.75201846,-73.8402347,168,49.23876966672907,93.77658914783692,Red,Fog,0,0.9066910461670286,6,25,322.86722092221487,7.997564749794588,High
02-03-2024 15:00,40.85666585493911,-73.87683573,285,21.738278054528276,32.11616279327426,Green,Fog,0,-0.440374748,96,15,215.78188376536147,11.032987618453738,High
02-03-2024 15:05,40.79273345494929,-73.93530177,26,61.59106807,69.87820271059577,Green,Fog,0,0.7030510163743868,95,18,483.3305513934409,17.289744253280197,Medium
02-03-2024 15:10,40.64638945968164,-73.95275372,185,48.00859027249568,30.275138023686893,Red,Clear,0,-0.048442366,18,48,92.73884477037012,13.168219017789596,Medium
02-03-2024 15:15,40.67000775496258,-73.93155169,36,77.60412363480869,21.37863539287151,Red,Clear,0,0.5809991288796867,31,12,88.39776081899095,15.17171920917502,Low
02-03-2024 15:20,40.877246540542615,-73.77015414,146,13.361728934309006,69.04200387126292,Green,Fog,0,-0.319925461,34,44,396.9023821559997,23.53004154514386,High
02-03-2024 15:25,40.825116955845594,-73.93670228,82,45.46357549646112,93.96290185442808,Red,Clear,0,0.6938432685225469,82,11,410.07502039364965,17.613528542127113,High
02-03-2024 15:30,40.769795331363724,-73.72295046,182,63.855431135701295,24.881518389824315,Red,Rain,0,0.1046745888244367,20,25,234.96725267246123,12.331489296018933,Medium
02-03-2024 15:35,40.89537930141606,-73.88939519,282,53.04840319584499,14.014016955471215,Green,Snow,0,-0.88401991,45,21,460.12253666574685,10.287794940318621,High
02-03-2024 15:40,40.674763042352346,-73.72120338,255,51.78866627563543,25.075635786810537,Yellow,Snow,0,-0.478422717,17,46,366.9822380026657,9.525673378935025,High
02-03-2024 15:45,40.765934099252135,-73.73475966,143,29.820808717464352,90.71920742845845,Green,Fog,0,0.013322473062956641,36,40,168.18471735440363,14.16077716942647,High
02-03-2024 15:50,40.60308606322282,-73.86274297,73,19.002603929290256,88.57142222465218,Green,Rain,0,-0.482697436,47,19,140.8529523800686,28.32106188,High
02-03-2024 15:55,40.80053233470336,-73.90782079,48,69.80575193708823,10.52346190144651,Green,Rain,0,0.14072595582618308,40,27,164.99377370088666,26.59324754644023,Low
02-03-2024 16:00,40.7117873,-73.93744768,118,5.440155755958807,28.384918708279354,Red,Fog,0,-0.049406444,33,19,160.34202730523992,20.96899110332645,High
02-03-2024 16:05,40.804176076130354,-73.74379393,153,68.94173432,36.392430070133265,Red,Clear,0,0.4307782241661895,28,8,105.1279815140739,18.03158486,Medium
02-03-2024 16:10,40.69367716846873,-73.84367907,188,75.69054987914906,29.37279994236471,Yellow,Fog,0,0.9769953335279171,71,33,110.49800082522664,8.571789782054196,Medium
02-03-2024 16:15,40.77792688,-73.89041397,188,50.616168346314424,65.50783649984459,Red,Snow,0,0.9203054319815291,43,21,460.6693218214049,6.100360626721256,Medium
02-03-2024 16:20,40.758616273511656,-73.81935852,150,46.59298411800704,15.316655888884908,Green,Fog,0,-0.915199118,26,18,372.5191453314169,24.420981936930154,Medium
02-03-2024 16:25,40.69465998443316,-73.86110683,225,8.085902406255014,53.09774855,Green,Snow,1,-0.774266588,43,38,166.97481288388374,6.319950659595717,High
02-03-2024 16:30,40.676996881223715,-73.99117752,39,10.672462676121837,17.316344498846874,Red,Fog,0,-0.336323186,40,22,159.70544272985336,21.702706546281764,High
02-03-2024 16:35,40.61056998227099,-73.71046727,229,9.634636734042349,66.57495148745113,Green,Fog,0,-0.157041011,82,2,381.5710395570372,20.542259114421814,High
02-03-2024 16:40,40.89592354630844,-73.72538024,121,54.35337204875344,88.81880376656946,Yellow,Rain,0,-0.813768839,57,49,447.24705074947826,24.91258476159547,High
02-03-2024 16:45,40.86337571465176,-73.87256909,55,41.84537697500876,87.97693758157395,Green,Clear,0,0.9317967431424534,70,40,191.36861188270942,9.742284585842688,High
02-03-2024 16:50,40.762954650641824,-73.75171251,114,73.64167959303705,69.71808590325993,Yellow,Snow,0,0.016176868513465115,72,29,316.3860349305622,9.535217882,Medium
02-03-2024 16:55,40.82840399349992,-73.7705553,256,47.18255159828133,98.31572735606412,Red,Rain,0,0.9194668210037185,42,8,153.77311276070012,17.053044558267807,High
02-03-2024 17:00,40.655484171153766,-73.88462076,228,38.92659709685751,52.59418888,Red,Rain,0,-0.29086261,41,10,399.7875429015113,11.405257669968892,High
02-03-2024 17:05,40.70800816,-73.893748,143,50.488489295105374,13.526722112431198,Green,Rain,0,0.10605632840556134,70,11,315.8845138399005,11.113501705256837,Medium
02-03-2024 17:10,40.62052497002949,-73.77425736,123,74.40901013,38.16683375325947,Yellow,Snow,0,0.38291439403459826,90,26,62.342277918347854,28.16878554879713,Medium
02-03-2024 17:15,40.631936226884676,-73.75984939,144,37.369650374922735,94.99049261666745,Yellow,Fog,1,0.910399244,72,16,394.81655991590185,15.466037228046718,High
02-03-2024 17:20,40.70571416353283,-73.71485328,250,53.62813177206306,60.391745348316036,Yellow,Snow,0,0.24328639385707662,62,16,197.2310741590603,13.39731465938685,High
02-03-2024 17:25,40.78207437069921,-73.9973414,108,14.207201053897338,14.90443507078584,Yellow,Fog,0,0.7679898627823809,22,9,400.5817472,24.646072459226254,High
02-03-2024 17:30,40.77540780742114,-73.97054912,10,72.03080296287433,51.171436777860855,Green,Fog,0,0.6416861135038345,29,43,58.13050948,25.502502315890254,Medium
02-03-2024 17:35,40.78534474029862,-73.89711241,63,44.879640476577826,26.54228027260625,Red,Rain,0,-0.731512992,81,20,412.98925513660055,6.854317910662778,Low
02-03-2024 17:40,40.627560144472284,-73.97329465,273,61.08313211350413,48.70645299615111,Red,Fog,0,0.589676412,16,18,303.9388287951955,29.40589751660137,High
02-03-2024 17:45,40.68434029500858,-73.92042025,13,75.37875292045048,60.04940157,Yellow,Rain,0,0.5465148977360739,62,3,423.72012031453744,15.391783150481848,Medium
02-03-2024 17:50,40.601003262314904,-73.9410036,201,11.385285711162375,56.32760991814731,Yellow,Fog,1,0.25309441311575553,62,46,498.99490868108796,10.477172133291901,High
02-03-2024 17:55,40.732640148863005,-73.85560514,196,13.557814128122695,17.067727588287674,Red,Fog,0,-0.776633906,55,7,429.88416783972065,12.952043268681452,High
02-03-2024 18:00,40.77391946492884,-73.80905869,273,41.527954931365834,13.99003290279409,Yellow,Rain,0,0.5377604734435475,5,21,302.1199192,9.40048495,High
02-03-2024 18:05,40.71763512023433,-73.92981265,293,38.18420710532771,40.57519190034151,Yellow,Clear,0,-0.804491715,32,45,101.53811112491726,5.508607897480736,High
02-03-2024 18:10,40.890975974382755,-73.9828346,57,17.116124515758223,34.72229563086243,Green,Fog,0,0.3614166709272635,53,13,307.7855441154949,13.092347408434536,High
02-03-2024 18:15,40.845350106180106,-73.9577183,171,41.27267258675509,28.749120678288428,Green,Fog,0,-0.637591277,20,7,337.6429536,13.262741320157058,Medium
02-03-2024 18:20,40.81821040963649,-73.91453224,135,7.9938453860810785,22.92435599491924,Yellow,Clear,0,-0.493489945,2,48,371.5939375376158,16.00819921383568,High
02-03-2024 18:25,40.777255521862564,-73.85264264,104,78.76323488,32.812042969955584,Red,Snow,0,0.511163664,32,30,397.4034638967584,17.98648326198332,Medium
02-03-2024 18:30,40.664952782013245,-73.84685607,80,46.844356473913685,28.95234592213779,Yellow,Fog,0,-0.045473124,6,9,75.96110438715513,13.314124495044432,Low
02-03-2024 18:35,40.893711167841495,-73.94686169,298,77.78485880757869,95.72850384163742,Yellow,Snow,0,0.683825933,8,49,407.96260903261503,14.570673245221489,High
02-03-2024 18:40,40.856913951669995,-73.88592832,283,79.96037714284729,21.080493239120262,Red,Clear,0,-0.100259764,46,38,417.3475485432588,8.344543798097755,High
02-03-2024 18:45,40.60483339600754,-73.88721877,109,7.198012067637626,39.66300880382074,Green,Fog,0,0.5604481693811751,95,8,196.97984696765727,18.027541576533675,High
02-03-2024 18:50,40.66432328352141,-73.95238707,256,42.38096028204343,28.97918675226293,Yellow,Fog,0,-0.157257021,3,16,190.6789820699706,16.425455627586082,High
02-03-2024 18:55,40.701216873099256,-73.72992927,148,54.49623508046861,97.58178970501665,Yellow,Snow,1,-0.21176134,79,49,256.16306723236266,17.880695009958327,High
02-03-2024 19:00,40.772108256475185,-73.73360754,203,23.64702803812773,99.76497474126246,Yellow,Fog,0,-0.025027658,81,38,77.74057270478787,7.763880402965799,High
02-03-2024 19:05,40.845508148138734,-73.96265978,255,37.39466407148233,97.58191382713315,Yellow,Fog,0,0.14622484892947574,28,41,319.26922430004083,18.782496315969908,High
02-03-2024 19:10,40.75793322232137,-73.80933476,232,5.435831474598341,70.10077783177908,Yellow,Fog,0,-0.256848501,89,11,136.9610449893659,21.991524758737658,High
02-03-2024 19:15,40.871998412227114,-73.82350114,200,30.120984245495404,14.786880511047343,Yellow,Fog,0,-0.260011732,27,49,488.3939392644824,12.743865925412226,Medium
02-03-2024 19:20,40.60845876942744,-73.84077782,19,27.17053632929468,25.52943824167165,Yellow,Rain,0,-0.708384188,39,0,499.5189647970966,21.907107954524164,Medium
02-03-2024 19:25,40.68868910129315,-73.80089214,262,79.98444820421045,85.69326869647556,Yellow,Fog,1,0.4118892758301347,93,4,171.4178917465352,17.157625420625905,High
02-03-2024 19:30,40.75309432649194,-73.77219385,67,56.73504157,74.90930279956866,Yellow,Clear,0,-0.194521721,15,26,89.69046497995102,12.032720168200921,Medium
02-03-2024 19:35,40.67604762239953,-73.94483017,293,73.03702110745448,17.46466311416967,Green,Fog,0,-0.262279659,57,47,95.89475585844113,25.540140341640363,High
02-03-2024 19:40,40.792024393907575,-73.77278443,257,15.64194476079707,56.827465049667175,Green,Fog,0,-0.451249291,72,27,480.1361960170602,29.932973318292312,High
02-03-2024 19:45,40.70503343310598,-73.9185643,185,43.16531872460319,86.16787145156397,Yellow,Snow,0,-0.433904558,22,42,92.08708408498546,17.11622386,High
02-03-2024 19:50,40.68228277,-73.80781308,39,55.07666696,46.02314067080552,Yellow,Rain,0,0.8160648504647021,98,33,86.13746876747126,9.64082627,Low
02-03-2024 19:55,40.758428449311616,-73.88648178,192,19.42130979,32.52156890012159,Red,Snow,0,0.5695352064327075,17,6,433.69808575914465,12.799801804267176,High
02-03-2024 20:00,40.73493654355126,-73.85713277,299,14.547078296230053,54.824644610590504,Red,Clear,0,-0.888208441,84,41,242.93622409850303,23.64629486150736,High
02-03-2024 20:05,40.789226736637396,-73.83904976,126,27.263889857437235,52.876089902215625,Green,Fog,0,0.047071581,62,33,230.5424775,10.462550587270627,Medium
02-03-2024 20:10,40.707902494365946,-73.84187912,105,59.62762643180496,31.481278253079555,Green,Rain,0,-0.062343631,62,23,186.6350480690894,13.227260036330028,Medium
02-03-2024 20:15,40.64614085436366,-73.89005756,50,31.447038985295617,94.79420218,Green,Clear,1,-0.713718409,46,16,168.19593308429955,9.777526573,High
02-03-2024 20:20,40.81321891362776,-73.81172911,131,70.48022728067905,78.79533813184011,Green,Fog,0,-0.224163144,73,43,499.6209757132079,10.556373850528587,Medium
02-03-2024 20:25,40.67243507021478,-73.75942039,61,57.62843496322817,86.35045754,Yellow,Rain,1,-0.949168688,52,27,361.66313049031163,23.130186419280943,High
02-03-2024 20:30,40.841084629316704,-73.8772646,156,30.012810374840488,14.286717641524866,Yellow,Clear,0,-0.980687947,98,12,205.2156776896598,24.672533575361197,Medium
02-03-2024 20:35,40.76100507,-73.94482213,107,46.58037986763574,11.620572319537134,Yellow,Clear,0,0.8624684545759922,99,31,481.81751965513746,26.430608655230163,Medium
02-03-2024 20:40,40.85233556669608,-73.81984211,256,35.28433134515713,59.61145826840126,Yellow,Rain,0,-0.945694363,67,44,57.79222999,11.591207412415969,High
02-03-2024 20:45,40.89882556707926,-73.71685852,159,32.35067717700612,56.47308515,Green,Snow,0,0.7802207358108564,55,32,339.0200858822562,26.32832848609514,Medium
02-03-2024 20:50,40.898673299372646,-73.85775567,35,14.893357049339782,72.38023652321188,Yellow,Fog,0,-0.827197445,72,10,297.042552,11.353544476850207,High
02-03-2024 20:55,40.734583007053615,-73.91597657,27,7.49411758,37.68930870018723,Green,Snow,0,-0.411361886,53,30,201.55499670364483,7.384430503407581,High
02-03-2024 21:00,40.86103545630245,-73.83990194,193,75.70822841953894,70.08800467861846,Green,Fog,0,0.5871803644585536,55,5,339.1412622449393,23.518498898372894,Medium
02-03-2024 21:05,40.801386724997734,-73.94034357,256,19.11529985906369,61.522319151432065,Red,Snow,0,0.48132994823300757,6,28,299.88332604567904,6.126858197554828,High
02-03-2024 21:10,40.63664878280859,-73.83877411,144,61.48883342485713,91.27426456608354,Red,Fog,0,0.7805369632661054,3,4,135.0266808595893,25.932312408052862,High
02-03-2024 21:15,40.88340394470417,-73.73957596,140,5.942196988553679,36.418174861621324,Green,Clear,0,0.22574001496880625,24,11,406.22922686372385,7.321810129,High
02-03-2024 21:20,40.61522879978914,-73.95037618,219,6.740431827935742,67.06740779954964,Green,Snow,0,-0.890998859,67,44,402.5618117789155,8.965865187396581,High
02-03-2024 21:25,40.64158213,-73.90906673,144,64.55987764491945,27.610852510362182,Green,Snow,0,-0.536837892,95,33,270.67768435691437,23.719727646280646,Medium
02-03-2024 21:30,40.61688141556627,-73.79721693,21,52.34760843085696,33.05046333894462,Red,Rain,0,0.32124143773414326,38,5,182.1428957303629,29.522003552611448,Low
02-03-2024 21:35,40.61745735042785,-73.72502978,111,30.460688125131938,41.05635525370661,Green,Rain,0,-0.329197217,56,20,489.2952611,15.045468921959932,Medium
02-03-2024 21:40,40.89327607078598,-73.99325399,234,43.87370150939642,22.22090454221532,Yellow,Clear,0,0.6477436401802796,59,22,361.7039823929482,24.11481645011328,High
02-03-2024 21:45,40.865189813873336,-73.83389398,256,45.84786871837537,84.00083206646322,Yellow,Fog,0,-0.763840251,61,13,58.304556388070864,10.375589257551145,High
02-03-2024 21:50,40.6701085,-73.86781829,226,50.02435283985991,35.64057295074239,Green,Snow,0,-0.737397018,91,31,199.0907797724607,28.928787876449356,High
02-03-2024 21:55,40.87433530884119,-73.92122816,191,21.564278225096203,10.370853326542802,Green,Clear,0,0.6169435795007103,35,41,215.30207586859132,20.12577157042503,Medium
02-03-2024 22:00,40.613576379878964,-73.94541627,85,75.74608522998757,68.02748564781902,Red,Snow,0,-0.135380133,46,42,62.70728629381437,28.491851815984813,Medium
02-03-2024 22:05,40.82326179780796,-73.82456968,59,62.37237942201503,75.44184112,Yellow,Snow,0,0.5617134586990002,89,23,366.8430875545656,17.987494947538348,Medium
02-03-2024 22:10,40.65170100465553,-73.85476351,120,6.608375149,86.19544880166843,Yellow,Fog,0,0.2812930834464049,61,0,261.67695638503545,25.914179420558114,High
02-03-2024 22:15,40.79176608,-73.73204061,219,15.152817196929245,27.175853616309922,Green,Fog,0,-0.91253531,88,6,52.562356284826286,7.664395338706385,High
02-03-2024 22:20,40.867435484529764,-73.94845894,287,42.61459724,16.49365440852238,Yellow,Fog,0,0.98331793,33,1,388.13788363985157,25.82395618246879,High
02-03-2024 22:25,40.75352399784919,-73.73372599,28,21.037460665591794,50.94310117716114,Yellow,Snow,0,-0.654631956,26,29,277.63109738242315,10.881728154805154,Medium
02-03-2024 22:30,40.69129475622155,-73.74099625,20,5.601824186068417,26.37244240594444,Yellow,Fog,0,-0.010039939,16,36,176.07142770510086,22.306256278431302,High
02-03-2024 22:35,40.85669461632389,-73.72794315,261,11.73801771889697,36.79808688763136,Red,Clear,0,0.19820290085667058,30,17,407.2603331487702,8.83401141,High
02-03-2024 22:40,40.76878554165785,-73.83743105,181,50.278210762065385,35.30488701,Green,Fog,0,-0.843511733,46,11,471.45376259526677,29.972608424294446,Medium
02-03-2024 22:45,40.886388255464155,-73.95103882,33,73.81496467022106,43.28840528624635,Red,Clear,1,-0.60271921,97,47,131.09950259822415,11.75141043838384,High
02-03-2024 22:50,40.62976497464042,-73.70233819,288,39.055459030422575,33.83838454716343,Green,Rain,0,-0.322283728,76,17,497.11627446892555,18.76483647,High
02-03-2024 22:55,40.803947680179135,-73.87793827,19,17.559442047433425,66.76122594785309,Green,Clear,0,-0.840393653,46,0,166.88919916415466,24.409601049146456,High
02-03-2024 23:00,40.74593857902268,-73.91893704,155,23.74849428815396,42.23921701063015,Green,Clear,0,0.19677382647849506,21,27,378.84739239418843,7.153623277189884,Medium
02-03-2024 23:05,40.87742147352353,-73.98862706,194,19.691284256825632,14.201126579559197,Red,Clear,0,-0.978165504,68,46,407.14255396567415,12.429343483473538,High
02-03-2024 23:10,40.67074635803953,-73.74695506,150,67.67036971759919,59.21365033705416,Yellow,Snow,0,-0.593449399,74,28,172.44558908737733,26.44511405238269,Medium
02-03-2024 23:15,40.645016812866565,-73.93545699,20,29.889221631653864,39.944611288378496,Red,Snow,1,-0.664966046,32,37,149.70160093723564,12.306949591916334,High
02-03-2024 23:20,40.66995930876582,-73.87090165,70,22.35197639776715,91.66272294224237,Green,Clear,0,0.24949793340545834,93,33,410.6564536754751,19.91005670153617,High
02-03-2024 23:25,40.63860779720655,-73.9786075,272,66.11818331817403,95.13143411101704,Yellow,Clear,0,0.7167262433312109,82,41,230.33885193579883,20.962106172295385,High
02-03-2024 23:30,40.77803369804642,-73.74450871,15,62.99649463028427,61.31242309042315,Yellow,Snow,0,0.638592704,55,49,215.3703881,25.83982126809484,Medium
02-03-2024 23:35,40.62770372,-73.85140414,40,41.28976228709614,89.87594161,Green,Clear,1,-0.490929819,20,9,55.01025442257046,24.047856735232802,High
02-03-2024 23:40,40.80394324621464,-73.91643339,240,59.90702431554656,54.91712826600712,Green,Rain,0,-0.178441704,51,24,92.65776130793242,8.693921175016705,High
02-03-2024 23:45,40.814625310752255,-73.70047565,83,78.50040870570459,88.08844975662518,Green,Rain,0,0.3251528261611909,99,36,438.2885327135704,21.70299874316285,High
02-03-2024 23:50,40.781023833414444,-73.90731491,214,66.40737042333932,88.21451808901907,Yellow,Clear,0,-0.66557505,74,45,179.71931533306955,27.65518384658069,High
02-03-2024 23:55,40.82036785,-73.97609832,112,66.57315089053769,96.02290809292734,Green,Rain,0,0.9867119837223348,45,20,235.85774588499243,9.160764818891778,High
03-03-2024 00:00,40.68260956730586,-73.91123455,92,77.60737335745355,83.84599295022521,Yellow,Fog,0,0.7540485042714251,33,17,76.49301087733792,22.94716846047035,High
03-03-2024 00:05,40.819680644720506,-73.80883719,280,21.66542628182258,34.65170140229377,Green,Rain,0,0.9114728358707014,63,31,411.75629814868165,24.624806976650017,High
03-03-2024 00:10,40.70534243,-73.96322585,54,23.886989399142806,13.322628248812475,Yellow,Rain,0,-0.086761764,69,24,407.9609306136054,22.273289804750103,Medium
03-03-2024 00:15,40.819296130116406,-73.73855546,296,17.794050765657175,15.20097567320835,Green,Snow,1,-0.727068457,73,16,141.9629910493665,7.505750168900048,High
03-03-2024 00:20,40.67246320297326,-73.79894239,65,33.51947070281548,16.481356999709586,Yellow,Rain,0,-0.906738365,50,12,444.2400705679809,25.990236786293064,Medium
03-03-2024 00:25,40.66802395559911,-73.72408976,230,72.99079048905254,61.543327737105244,Yellow,Snow,0,0.9301926522472046,96,11,321.51950247306326,19.425737591679464,High
03-03-2024 00:30,40.84305929654114,-73.80600176,153,43.23911589964017,24.678774071687904,Green,Fog,0,0.8920185806710754,2,45,354.4641168473336,23.800176337350276,Medium
03-03-2024 00:35,40.838913969584674,-73.8414743,105,17.381206608778633,80.60438768351972,Green,Fog,0,-0.791399221,38,8,321.8214187433919,6.3040091644758025,High
03-03-2024 00:40,40.79826247460667,-73.79399917,186,53.860191556358416,99.17760507405048,Yellow,Fog,0,-0.131435688,62,26,358.2666386081204,13.300307302948978,High
03-03-2024 00:45,40.86880372693198,-73.9144327,115,63.946421307102355,49.54938155115592,Yellow,Fog,0,0.5619990617087038,75,41,149.67721043460506,17.19494352583931,Medium
03-03-2024 00:50,40.63713058638887,-73.9652348,161,75.03715786563463,67.06983442100505,Green,Clear,0,-0.436989624,81,37,367.15491862293936,19.062206379204987,Medium
03-03-2024 00:55,40.81441172767847,-73.89137522,248,53.56218091758178,56.49119164962327,Green,Fog,0,0.16488226145315554,10,13,484.6997306,25.578006774493495,High
03-03-2024 01:00,40.64804678441241,-73.92339289,65,70.72513749244497,23.326715884031657,Red,Rain,0,0.28411600482476507,23,46,257.6710926201704,16.274946581413083,Low
03-03-2024 01:05,40.60625713645737,-73.85460581,48,17.39865055243794,40.26525505802914,Yellow,Fog,0,0.6873919798694952,95,7,256.5406534814948,12.918898948809623,High
03-03-2024 01:10,40.78980574450978,-73.98195694,248,7.666725732294256,82.53107247365477,Red,Rain,0,-0.970171374,3,8,250.0130468073157,26.139300700604405,High
03-03-2024 01:15,40.76746477153914,-73.73780798,246,57.24608498321691,78.69890112975237,Yellow,Clear,0,-0.017343065,97,17,434.3401729658917,10.44054118254258,High
03-03-2024 01:20,40.82471084810944,-73.79730148,214,9.337918465923252,74.07873638197263,Green,Fog,1,-0.412630733,7,46,63.042632235311615,23.84846506,High
03-03-2024 01:25,40.76509557205698,-73.77692131,172,10.695594625488596,75.05345533,Red,Fog,0,-0.218820869,49,9,469.74396223914675,20.002983069310726,High
03-03-2024 01:30,40.82908245847269,-73.75642128,285,65.9808335,78.22021950771348,Red,Clear,0,-0.254070214,13,49,84.69662710152559,13.855164286156331,High
03-03-2024 01:35,40.71446572032212,-73.7194455,112,30.088280009740707,37.047132517927096,Yellow,Fog,0,0.7377201788045573,56,12,72.57890063195025,29.702571323664696,Medium
03-03-2024 01:40,40.63837124377718,-73.87658743,294,55.001044359773516,91.33330791788276,Red,Rain,0,-0.425573675,50,46,423.4294562637308,13.832466766269615,High
03-03-2024 01:45,40.71464734486731,-73.79189757,215,62.361105776396975,78.62478309320944,Yellow,Fog,0,0.8971665391874273,35,5,94.23336265881818,18.836959527833976,High
03-03-2024 01:50,40.65530995285664,-73.78619398,194,36.47368791636171,19.34362306311384,Yellow,Fog,0,-0.173984672,33,2,60.035430887639514,8.266121029753336,Medium
03-03-2024 01:55,40.71892727103392,-73.8025688,199,35.40749081892551,79.65521215,Red,Fog,0,0.24336142817330342,37,24,454.9922784429504,24.635936320014572,Medium
03-03-2024 02:00,40.627274476872124,-73.86453764,220,30.75784885678617,35.31188106718123,Green,Fog,0,-0.497735987,58,46,200.52674596863673,20.410536980195868,High
03-03-2024 02:05,40.86802159795709,-73.77883641,283,79.8917162,35.408240652690054,Green,Fog,0,-0.483984777,96,46,306.6974984025922,14.689664093529556,High
03-03-2024 02:10,40.80834442034124,-73.72518072,125,24.224927202359325,30.953505473832138,Red,Rain,0,-0.545497856,72,29,240.44174723345108,19.477452807046795,Medium
03-03-2024 02:15,40.68089362838977,-73.79292834,189,16.49410829201753,34.74767981212494,Yellow,Fog,0,-0.332104943,64,19,190.69733831875612,24.708883510317406,High
03-03-2024 02:20,40.70849868621217,-73.96736645,110,30.261112429229467,90.43461411307473,Red,Snow,0,-0.506300139,9,37,343.5312778313942,10.81226814145981,High
03-03-2024 02:25,40.86426180817232,-73.90041035,269,28.98257695553994,90.92074109872173,Yellow,Rain,0,0.9820366218221785,87,17,253.18565929903158,16.406964358044817,High
03-03-2024 02:30,40.64866380381176,-73.80818301,88,41.630402542970984,37.789137168739735,Red,Clear,0,0.8786601074376565,83,0,140.67522789584837,7.719906398858809,Low
03-03-2024 02:35,40.73504449446509,-73.77517296,222,20.28202522128613,56.084610987143364,Yellow,Fog,1,-0.865228665,62,41,301.0341036035323,17.872940186047735,High
03-03-2024 02:40,40.837134030167626,-73.81238559,162,72.31204805559382,66.90830554044501,Green,Rain,0,-0.936155393,24,0,207.68173453545543,15.886023525703118,Medium
03-03-2024 02:45,40.85657168071853,-73.84589164,185,6.134579691584337,61.75281961247791,Yellow,Clear,0,0.21936216810011677,85,20,215.47381547127978,21.567730086953116,High
03-03-2024 02:50,40.704294499448736,-73.80313044,293,11.41790818523921,78.97645740108447,Yellow,Clear,0,0.070328348,98,43,122.21334002920301,6.5532769808996205,High
03-03-2024 02:55,40.73014865882943,-73.94164329,219,6.187062917784515,77.52426378,Green,Rain,0,0.8002667150485965,45,29,463.25508849206324,21.41403359283401,High
03-03-2024 03:00,40.789523209034776,-73.89768343,52,78.40660380652105,84.82348382710563,Red,Fog,0,0.092919204,70,15,342.3744028942753,21.268214543607264,High
03-03-2024 03:05,40.68687772811092,-73.76801746,222,56.84695836,54.06098603092057,Green,Fog,0,0.5842052017150174,78,13,313.54294,8.794973284620465,High
03-03-2024 03:10,40.71619502677388,-73.88474198,133,43.08488302171356,26.023744163940464,Green,Snow,0,0.2673206427660808,54,7,70.39577133496027,8.404640062431277,Medium
03-03-2024 03:15,40.83817524118715,-73.83437917,134,50.470065154306695,79.24468115967495,Green,Snow,0,0.4624979031485881,91,4,254.58373837971126,21.002013760596242,Medium
03-03-2024 03:20,40.73223294300087,-73.99770572,84,62.407229793575276,23.243886087023064,Green,Fog,0,0.4564516359377033,11,47,482.5258549858373,29.16537637334132,Low
03-03-2024 03:25,40.806463759972424,-73.96684675,168,54.68009220702055,62.918330464589765,Green,Rain,0,-0.59386108,38,11,241.6318187,7.706664960027549,Medium
03-03-2024 03:30,40.63796705891618,-73.88342256,211,79.29971967309167,57.40402988299275,Yellow,Rain,0,-0.025639879,19,0,58.172313646261294,23.68910142612563,High
03-03-2024 03:35,40.770727581732274,-73.91074889,252,40.95938881756205,80.57964779778743,Yellow,Rain,0,-0.676568264,58,27,484.2701423343383,13.300624331780861,High
03-03-2024 03:40,40.85602908,-73.90607267,68,8.920417528040094,74.69504267406057,Red,Fog,0,-0.740919994,24,21,348.31537526820705,18.269079085407867,High
03-03-2024 03:45,40.816910314688485,-73.71190012,43,27.20024545285615,59.071244165958035,Yellow,Clear,0,0.5411792164000486,36,30,446.6376922227231,13.502917880137817,Medium
03-03-2024 03:50,40.758305074042624,-73.84062218,295,36.27082003730758,92.51174863,Red,Rain,0,-0.826974273,66,16,75.28537467864159,18.140989326545824,High
03-03-2024 03:55,40.687226645148144,-73.79781936,48,77.96271902527663,77.91276945354147,Red,Clear,0,-0.583798136,21,1,141.43871086025007,11.789620040600557,Medium
03-03-2024 04:00,40.682225288818735,-73.81671673,210,35.34716430413152,98.30374403117682,Red,Rain,0,-0.064318344,34,21,104.82425227516012,5.075542304496576,High
03-03-2024 04:05,40.70269404453827,-73.86215025,40,46.55890304031165,64.62854432,Yellow,Rain,0,0.17781084454774376,51,46,402.4236926700144,13.476043222128688,Medium
03-03-2024 04:10,40.777916997480645,-73.95344967,253,35.33503473391148,91.99569949883517,Red,Snow,0,-0.09381585,41,13,390.56683510033815,19.30701218111085,High
03-03-2024 04:15,40.669914972576414,-73.74952334,150,55.22064514855926,54.86267063369164,Yellow,Fog,1,-0.240383052,72,26,427.20838129898004,12.915946720681028,High
03-03-2024 04:20,40.80112151889913,-73.88036682,221,12.318745295554901,67.82460496052153,Green,Clear,0,0.7797597704514523,56,38,95.26280999444069,9.201139452796577,High
03-03-2024 04:25,40.64565908176812,-73.96288118,47,43.929674236387406,52.41419524938047,Green,Clear,1,0.35138379,15,20,302.6731498174729,7.8002248252664454,High
03-03-2024 04:30,40.795100489108584,-73.97696035,69,28.84613570737441,16.19357031406377,Yellow,Clear,0,-0.722995328,36,32,271.28249375647124,6.353239893232574,Medium
03-03-2024 04:35,40.83059406130921,-73.81261851,236,16.383499109172664,99.5028693,Yellow,Fog,0,-0.674465006,89,20,445.6260841240404,8.052851077596063,High
03-03-2024 04:40,40.86802746738876,-73.94024768,40,26.549392915469852,70.57254045976474,Red,Clear,0,-0.135811374,16,35,459.9297579730577,9.971080346594928,Medium
03-03-2024 04:45,40.79288113033524,-73.8495535,290,69.85923619,63.575500851123486,Green,Snow,0,0.9626322823035218,73,44,448.03540841727414,17.12982074824776,High
03-03-2024 04:50,40.84874520503138,-73.81485113,197,11.977447665220287,87.77683707,Yellow,Clear,0,-0.403186574,98,41,167.11672878514355,15.574749757266378,High
03-03-2024 04:55,40.712444726212546,-73.89079102,284,25.404868918744583,87.36613519640024,Yellow,Rain,0,-0.72384164,45,24,241.46242178303282,27.15774483363733,High
03-03-2024 05:00,40.646151945432166,-73.83525732,276,32.12909284265447,76.89939347812087,Yellow,Rain,0,0.9710642780248191,15,46,250.90569913287203,5.567926386075257,High
03-03-2024 05:05,40.83126443,-73.80332076,125,20.143810670273126,29.333296716227803,Red,Rain,0,0.6431429152661023,87,48,153.5964180559177,8.122529805,Medium
03-03-2024 05:10,40.852553256927216,-73.744308,271,11.103497416968862,31.01619470336867,Yellow,Fog,0,-0.023109965,14,33,345.7414808689895,11.752645992715482,High
03-03-2024 05:15,40.858378946716876,-73.89766571,10,42.41417911824977,24.45298033971848,Yellow,Fog,0,0.5137260387122371,15,22,458.1671695598269,13.596304308999628,Low
03-03-2024 05:20,40.88298306,-73.85787546,207,8.689165169832256,38.77781723811215,Red,Snow,0,0.41180083890865427,34,26,478.42722930425543,23.541893972711527,High
03-03-2024 05:25,40.813721690240655,-73.97690784,30,39.59804459589628,94.55141606344215,Red,Rain,0,-0.46296067,64,39,407.9823861493997,11.159123705057521,High
03-03-2024 05:30,40.670285130183906,-73.94814698,253,18.453928413596348,88.17758431662836,Green,Rain,0,0.8809348899682499,27,47,342.95685906864804,20.025039537660774,High
03-03-2024 05:35,40.73415858400429,-73.94380149,112,58.314040177421184,27.000372868517932,Red,Clear,0,0.8719688770446281,91,30,369.54046702429696,6.603130336594022,Medium
03-03-2024 05:40,40.62530567,-73.75573511,231,73.39847528642825,78.18219362150147,Yellow,Clear,0,-0.793328136,35,12,331.2209425109067,8.013649423088818,High
03-03-2024 05:45,40.60056248865906,-73.93261461,224,8.040662326978902,42.59885219864741,Red,Clear,0,0.8665682195532085,40,35,321.6910049909346,9.401374128526248,High
03-03-2024 05:50,40.886419832827364,-73.85193764,199,49.91975138186792,12.490337627998395,Red,Clear,0,0.099260559,37,0,324.1218106582234,9.748471528,Medium
03-03-2024 05:55,40.86405323101926,-73.93849133,168,55.49380100111174,39.44593614,Green,Rain,0,0.4720501436623614,74,17,423.4001988919511,12.12690039924368,Medium
03-03-2024 06:00,40.747167171379026,-73.90836252,256,49.62944181,77.83152398620963,Green,Snow,0,-0.619748021,55,3,136.02284508772743,8.852186735,High
03-03-2024 06:05,40.71169643005438,-73.7498609,234,47.81428324165645,46.28482944389239,Green,Clear,0,-0.229577226,28,47,468.1485527279415,15.67079583493211,High
03-03-2024 06:10,40.714462764510046,-73.86191929,30,61.03682806150154,91.21482885351763,Yellow,Clear,0,0.7375678352349511,57,44,236.95931631593754,17.167747578247564,High
03-03-2024 06:15,40.840771896847286,-73.72221242,264,27.21731518537315,48.99918755186779,Red,Rain,0,-0.100572535,14,24,154.28798241407284,5.295540352,High
03-03-2024 06:20,40.805760139506496,-73.8715678,97,29.59432064209969,79.58626786103602,Yellow,Fog,0,-0.438862463,54,22,385.16952773729304,17.74189467080053,Medium
03-03-2024 06:25,40.70478831018741,-73.87772339,290,7.535573778821143,29.390715487322048,Red,Clear,0,0.12951330535697214,6,5,183.71465289617726,21.17708964654765,High
03-03-2024 06:30,40.85525193098381,-73.78508597,135,63.046986644100855,98.37699813918725,Red,Fog,0,0.7122486923799414,2,47,256.0463288827279,13.993637726847673,High
03-03-2024 06:35,40.80862897628343,-73.8820691,125,7.0459459352032745,93.84550053107198,Green,Snow,0,0.6965535922500263,9,11,497.29521982596407,18.457166207428948,High
03-03-2024 06:40,40.88542521,-73.77243348,39,49.49046623239216,73.13000855043364,Yellow,Snow,0,0.33616608906645373,5,0,471.0643326451718,22.35102409552884,Medium
03-03-2024 06:45,40.66857319023828,-73.82043681,43,14.538940945504597,21.999572379676458,Red,Clear,0,-0.387497691,43,17,367.88614015206923,28.566098278261272,High
03-03-2024 06:50,40.67528857734416,-73.80564806,63,77.71193930692588,33.86732540872826,Red,Rain,1,-0.601324358,40,17,352.99604184952705,6.150148059105921,High
03-03-2024 06:55,40.74917510540101,-73.75937275,268,7.231297819517258,62.49666681847951,Green,Rain,0,-0.688739941,75,10,265.2522101549057,11.791915163689435,High
03-03-2024 07:00,40.68943623,-73.73875795,114,78.72076105399452,18.094435139267567,Green,Fog,0,-0.161880882,64,48,265.5916139533121,22.014247438217282,Medium
03-03-2024 07:05,40.69790275783291,-73.78281997,205,35.035631947642074,20.66111333138934,Yellow,Clear,0,0.012850902483021898,22,37,326.57025560362956,10.784946831571236,High
03-03-2024 07:10,40.83057621133979,-73.80931468,19,63.484765003691756,50.79538244123382,Green,Clear,0,0.5793153465948175,55,40,106.46874422550991,6.509739994,Medium
03-03-2024 07:15,40.723619549760784,-73.92353202,158,62.71850031980108,74.99576314825248,Green,Clear,0,-0.113409735,45,4,199.7988435376539,26.11099286578788,Medium
03-03-2024 07:20,40.76266511014427,-73.70329898,200,56.55894630117147,67.44736863656428,Red,Rain,0,0.9049124855432724,32,0,373.97662201622796,24.21725632662052,Medium
03-03-2024 07:25,40.825577029283586,-73.7846394,113,7.661831187484637,29.87567342132571,Green,Snow,0,-0.244871883,70,40,395.6426873075616,29.03917112197024,High
03-03-2024 07:30,40.65904092867378,-73.91502053,177,66.79092109947328,97.84611539584759,Green,Fog,1,-0.161768966,77,35,273.19427111507184,14.309866099428138,High
03-03-2024 07:35,40.833930189567006,-73.9242823,94,27.188483246026944,37.748298023060876,Yellow,Snow,0,-0.960961908,80,24,478.7209277567399,27.54708756698377,Medium
03-03-2024 07:40,40.760991077555644,-73.99778947,246,40.145171439228996,75.46944041720222,Red,Snow,0,0.5029227225884396,71,39,372.05508747178027,20.333934271168275,High
03-03-2024 07:45,40.76157920633347,-73.83481706,204,77.54430576796747,15.838442771114298,Red,Rain,0,0.42262419035842425,75,45,277.0658639380298,11.11355289476137,High
03-03-2024 07:50,40.83142134694007,-73.89087681,61,13.60027400062395,25.264523262130062,Yellow,Snow,0,-0.297068141,99,42,53.616173017163405,25.134000968470065,High
03-03-2024 07:55,40.880838164830955,-73.94474964,281,46.23597282838067,87.12045628942742,Green,Rain,0,-0.352917327,49,29,397.1805120186954,7.626257100305141,High
03-03-2024 08:00,40.838422345897484,-73.75405827,227,67.35195679,91.92006218,Red,Snow,0,0.24514867530882278,90,20,360.0580093532619,29.860945207644107,High
03-03-2024 08:05,40.802520420817814,-73.75370085,135,60.60687754499035,80.49966825616255,Green,Clear,0,0.6223447342408792,7,33,187.86961288616624,17.80746212858176,High
03-03-2024 08:10,40.65038408199513,-73.81689716,132,11.992905120721332,93.25565905695724,Red,Rain,0,-0.178136719,1,45,362.17519255405443,16.07913149316145,High
03-03-2024 08:15,40.703891654879804,-73.98958317,216,49.14932610262525,97.50847036587871,Red,Fog,0,0.40068755439404047,25,49,392.22365727643154,9.824858020357055,High
03-03-2024 08:20,40.70038510051654,-73.89454856,116,21.728662773266528,43.17746498889716,Yellow,Fog,0,-0.02880557,50,1,59.87189287457444,16.380300744400376,Medium
03-03-2024 08:25,40.67125022390481,-73.86613583,253,17.19321364717812,10.471281622757733,Yellow,Fog,0,0.030179509823004214,47,8,340.1717224353072,10.418483251967418,High
03-03-2024 08:30,40.694910075742406,-73.74782455,218,47.469816258998556,75.78929242,Yellow,Snow,0,-0.334902052,77,39,450.5173064772257,6.829425540519312,High
03-03-2024 08:35,40.60166530768083,-73.97839386,239,74.54168611308017,12.437291510099378,Yellow,Fog,0,0.37280311422219903,98,20,173.70321901596515,24.040170137759755,High
03-03-2024 08:40,40.86878504079371,-73.77911807,270,30.391593787520378,14.788522831936417,Green,Fog,0,-0.063207404,97,13,360.8494727808875,29.827473064175297,High
03-03-2024 08:45,40.89067945,-73.94131841,35,58.216219102522466,87.73233064552366,Green,Fog,0,0.32376192372729373,78,31,464.26487311138254,15.717036298414396,High
03-03-2024 08:50,40.810109749746154,-73.8990895,214,66.86733069328174,77.76283675359586,Yellow,Fog,0,-0.949639929,36,13,373.20075789905513,15.189886612744123,High
03-03-2024 08:55,40.65794786223669,-73.84172273,194,44.33464861557113,21.850826730347585,Red,Rain,0,-0.079727797,30,15,115.1625705557303,15.290321156932094,Medium
03-03-2024 09:00,40.708501665429814,-73.95730116,160,45.523275744804344,41.40176046068571,Yellow,Snow,0,0.9293845282001971,9,43,142.27255064070985,6.816055675580666,Medium
03-03-2024 09:05,40.88186272536755,-73.88423675,271,69.17706194,31.34767779,Yellow,Clear,0,0.6310702059632407,17,39,361.10709752384895,24.85829030801554,High
03-03-2024 09:10,40.78267836391691,-73.97483194,155,76.17917826446808,18.560744736838032,Yellow,Rain,0,-0.57376047,39,38,462.55869506314804,29.57913539317125,Medium
03-03-2024 09:15,40.78198863663535,-73.82509908,25,33.07670215951124,40.22481366866338,Green,Clear,0,-0.091386779,35,45,409.97092175972915,18.013512221155217,Medium
03-03-2024 09:20,40.784498037188875,-73.81374065,185,17.97991720690649,33.90554655,Yellow,Snow,0,0.045463156,97,41,426.195748,6.785939844911743,High
03-03-2024 09:25,40.73057316917526,-73.71694319,215,23.492886259736032,84.76738637,Yellow,Rain,0,0.613000332,38,28,401.6811313253037,14.377061493903604,High
03-03-2024 09:30,40.72697911113598,-73.70271127,70,78.83683892530667,67.55049097965147,Yellow,Snow,0,0.8270203139258305,45,8,168.02826383200357,26.401838803923503,Medium
03-03-2024 09:35,40.68848937587667,-73.82595327,124,51.76947724,77.70768836305703,Red,Snow,0,-0.405589637,78,20,129.58261568390444,26.828751893291663,Medium
03-03-2024 09:40,40.89589984853157,-73.78210091,247,68.19983883815141,86.67858965,Green,Snow,0,-0.43172929,17,0,294.12196286829527,11.21810690549101,High
03-03-2024 09:45,40.84575696,-73.76790941,163,45.12711539830182,98.57982949,Red,Fog,0,0.071220401,83,8,289.81770830334716,19.457907659045905,High
03-03-2024 09:50,40.775008737542166,-73.81210118,221,11.263074144679567,17.523521309172494,Yellow,Fog,0,-0.046588041,89,18,257.7303970922383,24.53417668985584,High
03-03-2024 09:55,40.649218775304135,-73.80327778,107,15.919422732821763,88.73044916153867,Green,Snow,0,0.9762275286016935,97,0,86.27926426251518,9.754102695008282,High
03-03-2024 10:00,40.63100265621654,-73.91368135,273,45.692817439943255,26.276784908393584,Yellow,Clear,0,-0.659885342,78,2,249.33494599616424,12.78207012024443,High
03-03-2024 10:05,40.76406601416374,-73.77341045,239,29.92127851660016,58.07758053,Red,Clear,1,-0.942793983,36,45,58.038388235837175,28.72559322579014,High
03-03-2024 10:10,40.627184718880955,-73.87643697,275,34.846690522782666,10.669940504576106,Green,Snow,0,0.571002882,7,1,321.97059879290936,8.114188024447024,High
03-03-2024 10:15,40.76918477380323,-73.71368221,74,21.18736626868532,69.52070351897648,Green,Fog,0,-0.884768831,81,42,304.7793105852499,6.676309038351468,Medium
03-03-2024 10:20,40.84325232001221,-73.79654562,245,40.13596752243035,34.44014245166373,Green,Clear,0,0.7175065057945684,54,23,406.41737748417097,26.73724295064985,High
03-03-2024 10:25,40.657993440551465,-73.96972812,168,77.84024017312464,34.236610948842696,Red,Snow,0,0.5503074873747025,98,21,256.2600072909486,29.497734933107203,Medium
03-03-2024 10:30,40.77062183495899,-73.71291612,186,6.009499907,43.38507833416601,Red,Fog,0,0.941047412,40,6,73.60079472716825,13.154708932516591,High
03-03-2024 10:35,40.774643411700815,-73.79155806,35,49.39407867176368,46.34789600461486,Yellow,Fog,0,-0.122674058,62,35,449.17816474654217,22.91873724138661,Low
03-03-2024 10:40,40.71494900015111,-73.87153845,155,12.119047454248822,31.089659826844812,Yellow,Rain,1,-0.637572278,91,37,139.71440611558447,26.548801882686977,High
03-03-2024 10:45,40.89780624782688,-73.94874436,267,19.96085749727827,66.90708514730315,Yellow,Fog,0,-0.133533824,68,11,117.00036263740249,19.812888330238877,High
03-03-2024 10:50,40.69185628914239,-73.80954355,244,17.793420872269145,32.558701724181034,Yellow,Snow,0,0.5176108983696843,12,45,395.3032633116875,20.751938773371883,High
03-03-2024 10:55,40.84207321781611,-73.83989036,167,10.265998873467776,23.77153320848764,Green,Snow,0,-0.121281001,67,45,83.16792748573123,20.606154161174878,High
03-03-2024 11:00,40.818698638362775,-73.76656734,30,41.19380377436168,24.15885241,Green,Clear,0,0.43934437172940166,16,3,159.79620814896313,17.511136870862927,Low
03-03-2024 11:05,40.79792194259674,-73.75173292,142,31.45821806649201,42.98667008016449,Green,Snow,0,-0.2029347,70,0,140.7422749345299,15.16985062186427,Medium
03-03-2024 11:10,40.67522243579903,-73.97055463,43,55.44952569057893,18.042482504287122,Yellow,Snow,0,-0.780787954,52,46,440.67167176656966,8.449267759053654,Low
03-03-2024 11:15,40.87145353831376,-73.73646621,191,23.020038265731948,68.21835623642099,Yellow,Rain,0,-0.213715299,49,49,417.04489351106514,17.81228801738076,Medium
03-03-2024 11:20,40.642764045901224,-73.82829661,44,34.70156345214313,70.40355013964201,Red,Clear,1,0.7872801326218681,57,44,439.0719846485922,6.972517045237984,High
03-03-2024 11:25,40.88954792410096,-73.79939118,291,45.834223424750796,57.843113522218665,Yellow,Snow,0,-0.1552649,91,3,76.54430065520017,8.435347939417033,High
03-03-2024 11:30,40.74709239955577,-73.85133535,290,7.349101766676762,29.134058750362296,Green,Snow,0,-0.484445341,30,32,72.17339747621406,7.947606369081379,High
03-03-2024 11:35,40.72317422372272,-73.94688602,86,72.28451088694297,18.601373314147207,Red,Clear,1,0.43830917451435325,66,42,107.79065215832028,25.723749217914964,High
03-03-2024 11:40,40.64246605877436,-73.99017612,56,68.22652465292018,10.593698023990886,Yellow,Rain,0,0.6250935721664195,10,13,244.0987344373859,14.005891103976435,Low
03-03-2024 11:45,40.72680433166914,-73.76079661,10,64.15213826929943,82.57008731099111,Yellow,Snow,0,-0.170327443,41,19,451.98460271796597,10.909217046166972,High
03-03-2024 11:50,40.794763594032915,-73.78635971,247,53.829903221892366,30.079342966669003,Red,Rain,0,-0.216440261,1,24,120.8614237874849,20.858331173424656,High
03-03-2024 11:55,40.781499019330546,-73.88623166,224,33.544536266896785,52.71445321333321,Yellow,Fog,1,-0.599978181,5,41,140.16726803168729,21.479115908500887,High
03-03-2024 12:00,40.60558248301804,-73.9076873,219,41.212285071650655,94.97867446537491,Yellow,Fog,1,-0.667387211,33,29,231.36904559850046,12.78465987920038,High
03-03-2024 12:05,40.681279334758486,-73.73925078,243,26.81456725039045,47.45024102217309,Red,Snow,0,0.8791908458763449,74,21,150.01774743064624,10.158811492904928,High
03-03-2024 12:10,40.79260201809419,-73.78882228,193,27.92727474461661,31.67870644064633,Green,Snow,0,-0.43463138,8,39,402.1713687983858,22.05466392819168,Medium
03-03-2024 12:15,40.843541262507856,-73.80318422,299,7.275461909556729,39.26849128752269,Yellow,Clear,0,0.8021738364254036,24,14,194.55528134753777,11.80756206697524,High
03-03-2024 12:20,40.848810788331264,-73.83582944,118,55.42245888650398,11.088651515969318,Yellow,Fog,0,0.8171829764363419,51,37,312.4391249,29.63159905042426,Medium
03-03-2024 12:25,40.67740136614209,-73.73879995,210,57.731558499708434,84.73317928765785,Green,Snow,0,0.8978899075044862,67,11,58.81961921324135,23.06143543344847,High
03-03-2024 12:30,40.615557928393514,-73.79330801,103,7.433808716972832,87.78046383675425,Green,Rain,0,-0.991609094,43,5,201.87996840430603,24.614814150570176,High
03-03-2024 12:35,40.72207543048581,-73.76315635,139,66.15026045,27.75935933509936,Green,Fog,0,0.044965677,4,16,451.61494161875834,23.22579523452909,Medium
03-03-2024 12:40,40.64735115012127,-73.79618728,44,26.184927641264753,55.916678753708766,Red,Snow,0,0.21706275066640335,26,40,419.5688322187504,19.41101616576675,Medium
03-03-2024 12:45,40.762347925288125,-73.91383875,245,10.320381236454278,41.99603786047885,Yellow,Rain,0,0.3568655470014268,46,24,226.15809759057785,17.87638429728949,High
03-03-2024 12:50,40.80199580789547,-73.7803171,49,40.07207596610526,64.97383872,Green,Fog,0,-0.871937557,22,11,386.62429011121895,15.011230812398273,Medium
03-03-2024 12:55,40.77804754505834,-73.81148277,260,58.355625684389885,28.507648539453452,Red,Rain,0,-0.021467384,77,47,90.06130557011832,10.018760916670159,High
03-03-2024 13:00,40.71121165679582,-73.94260757,53,11.525511201913789,57.50721348780471,Red,Rain,0,0.8833026319645676,78,28,102.5983517511221,9.901276854627021,High
03-03-2024 13:05,40.733098599897694,-73.93268881,26,61.004991189678606,92.00636422167356,Yellow,Snow,0,-0.696720445,90,15,427.3023763073137,11.409904382464077,High
03-03-2024 13:10,40.848089560607534,-73.8030431,110,66.58590540568258,79.52886466757067,Yellow,Clear,0,0.21357402062183217,61,7,449.4769512987152,29.04715596697381,Medium
03-03-2024 13:15,40.87367516816824,-73.72474137,249,7.321024871453398,66.68597981460285,Yellow,Fog,0,-0.443009109,25,12,431.40225079675565,29.68752412376287,High
03-03-2024 13:20,40.74989219053125,-73.98513451,65,58.74814211990716,31.197135895132885,Red,Rain,0,-0.548689865,36,40,154.80038347320985,16.930375430936788,Low
03-03-2024 13:25,40.705124382568634,-73.93491575,155,76.71856001326364,66.19874379102552,Green,Fog,0,0.6315293584339179,57,42,207.28663016849652,9.367563577598087,Medium
03-03-2024 13:30,40.67325710806449,-73.76582244,269,69.39632337791383,20.356941298425703,Green,Fog,0,0.7147249101850341,50,6,67.83190109046426,17.060196110842405,High
03-03-2024 13:35,40.60644711388956,-73.80832655,237,52.010138337001706,25.898487330601768,Yellow,Fog,0,-0.197944759,94,34,471.7165257749377,12.706098459759897,High
03-03-2024 13:40,40.82690185,-73.87191497,135,7.997745154015332,96.89796173461778,Green,Rain,0,-0.498696157,14,20,475.5460827648489,27.114242397680993,High
03-03-2024 13:45,40.86622392747941,-73.81451079,240,22.497929180590546,29.88362938624906,Yellow,Snow,0,-0.996390581,1,44,318.5165898467532,25.264645167180277,High
03-03-2024 13:50,40.82868252,-73.78608135,218,50.25586758547236,30.56072598031763,Red,Snow,0,-0.46589231,26,43,383.12484377405093,23.642914665871288,High
03-03-2024 13:55,40.73499886267316,-73.92994999,130,60.75527883503835,26.412371860816663,Yellow,Snow,0,0.24915779992545062,29,27,168.5151851779354,8.46016738,Medium
03-03-2024 14:00,40.60367094101885,-73.84455547,41,12.98096911827356,44.87796305779146,Yellow,Rain,0,-0.843548577,65,31,115.74550664221618,10.139252721851808,High
03-03-2024 14:05,40.89149695661618,-73.87935866,31,24.352521633254288,63.763296971935816,Green,Clear,0,0.45331857017202704,12,22,439.65950873031113,23.559825520490293,Medium
03-03-2024 14:10,40.62961852341255,-73.71704066,12,78.31069514598346,87.70414233311735,Red,Rain,1,0.48612603782088337,77,46,222.3522875205177,14.025412115937161,High
03-03-2024 14:15,40.629115151463886,-73.8151106,36,52.72676302042882,39.86042169811306,Green,Snow,0,0.11109242978681877,74,39,167.00604367698892,29.695738234739817,Low
03-03-2024 14:20,40.853975769726446,-73.75820283,21,64.07567056835424,50.18619495594976,Red,Fog,0,-0.574303262,77,2,378.59182511305926,25.475719177928607,Medium
03-03-2024 14:25,40.84052588776081,-73.89789095,43,15.635594599213293,55.72796358406066,Green,Fog,0,0.703721509,28,29,81.23622689304995,14.551835050508615,High
03-03-2024 14:30,40.603745088713886,-73.79697741,115,54.33867271753347,44.60658923259825,Yellow,Fog,0,0.031540278867266736,35,6,171.15256222806914,8.690936386341983,Medium
03-03-2024 14:35,40.62535195464662,-73.75289219,86,36.811839639654394,15.498242405542117,Yellow,Clear,0,0.49903028353204393,62,9,386.20723631817236,5.891597127,Medium
03-03-2024 14:40,40.88372512709947,-73.70517389,14,43.97923288484154,27.077052072791254,Yellow,Fog,0,0.025035371641650483,26,33,204.04119442707164,14.503201109049886,Low
03-03-2024 14:45,40.62812895615419,-73.70852494,115,49.57429899554241,25.198865055066136,Green,Fog,1,-0.816002503,91,49,296.9462973845157,27.51482104239168,High
03-03-2024 14:50,40.66201362936105,-73.89965013,201,38.958854441856346,36.33529781355426,Yellow,Rain,0,-0.449584726,79,22,320.32787391217755,26.083037675012857,High
03-03-2024 14:55,40.713863214941235,-73.75461334,46,70.91191444636605,90.11956009109032,Yellow,Rain,0,-0.227355159,62,26,376.8578238,11.577195738118565,High
03-03-2024 15:00,40.77273981,-73.89170124,18,20.281638555824173,42.15924285007753,Yellow,Rain,0,-0.77980223,32,34,121.12843452433061,21.45792779087726,Medium
03-03-2024 15:05,40.67158113345899,-73.96313027,88,47.70751225855003,21.154954061769146,Green,Fog,0,-0.74470423,13,1,178.7730725035608,19.254493220166303,Low
03-03-2024 15:10,40.625748222582324,-73.72392656,179,64.87109957465351,98.84329426498903,Red,Snow,0,-0.69240191,74,14,333.88708026379044,18.973907779507726,High
03-03-2024 15:15,40.66495654106534,-73.86769571,278,23.10194987456475,76.94829535983574,Yellow,Rain,0,0.45611952434475067,21,30,176.3264219226972,15.747051159369352,High
03-03-2024 15:20,40.68478039848613,-73.90459163,212,79.66221098470531,42.98601067566509,Yellow,Rain,0,-0.520537633,24,30,135.9880752334533,29.38485843421026,High
03-03-2024 15:25,40.68898903283011,-73.78499374,89,13.625450361834217,64.52415821,Yellow,Rain,0,0.568682992,79,27,125.37722468399191,29.32629203408813,High
03-03-2024 15:30,40.703337421132424,-73.73919185,21,78.27149839535707,29.28560941320347,Yellow,Rain,0,-0.254865195,89,25,194.49411484834215,6.074007959922602,Low
03-03-2024 15:35,40.834723590927304,-73.70354962,210,64.15291410618991,94.46463380377249,Red,Snow,0,0.095940916,78,32,223.0885388959639,29.736487852562288,High
03-03-2024 15:40,40.81995382918672,-73.97119104,30,74.29514307217006,61.872188423588426,Green,Snow,0,0.8269170157601897,84,39,188.1151177346135,6.6558562582978364,Medium
03-03-2024 15:45,40.744946769019165,-73.898692,295,42.401773446527315,62.40187668552676,Green,Rain,0,-0.523120422,3,34,90.84639201710118,19.68725312185175,High
03-03-2024 15:50,40.85137259617015,-73.78636579,24,66.62283687,49.12251452542175,Green,Fog,0,0.622065985,58,44,237.66014022511914,15.08952046613567,Low
03-03-2024 15:55,40.62316612582133,-73.8224454,185,21.485628269663234,45.83566705992518,Yellow,Snow,0,0.2835557326893834,81,1,449.1443531,24.212770267475634,Medium
03-03-2024 16:00,40.86882893799653,-73.93979156,27,41.90582670469362,17.26829917959767,Green,Snow,0,-0.864062179,56,32,147.62856021995137,27.074846798934853,Low
03-03-2024 16:05,40.727655700949185,-73.80330606,162,65.76753099388893,69.28712245814518,Green,Rain,0,-0.999111541,25,22,354.95697696566856,15.794150663832214,Medium
03-03-2024 16:10,40.830337560220435,-73.72055132,227,8.707380013,60.591193019785294,Green,Snow,0,-0.818614887,14,45,133.2160167917191,18.164171299936744,High
03-03-2024 16:15,40.696978488394265,-73.90238714,94,29.318256270078322,21.415438817204965,Yellow,Rain,0,-0.716719071,10,49,269.5085907025458,6.430080516376137,Medium
03-03-2024 16:20,40.72757836386466,-73.81348064,210,67.79448680626197,99.14811644336046,Yellow,Snow,0,0.9704934718006801,14,47,88.02269309991351,16.68918068178696,High
03-03-2024 16:25,40.61745130012742,-73.81925532,48,58.749623434949434,82.68473744201408,Green,Rain,0,0.11197417937778043,94,21,89.63628419458163,9.798562386,High
03-03-2024 16:30,40.725200304007835,-73.70568194,47,32.197441294334936,30.710796691274915,Red,Clear,0,-0.667143863,24,22,327.7341628976493,14.098778935854767,Medium
03-03-2024 16:35,40.86066707364362,-73.88734327,192,13.650555042982722,12.17690934589471,Yellow,Fog,0,0.8201232750143832,94,7,191.30423734099287,8.975665447224022,High
03-03-2024 16:40,40.82634154703058,-73.93508492,189,74.40928967,91.14743653931775,Red,Fog,0,0.3203827539209716,27,34,347.8392388821776,7.1283996883509015,High
03-03-2024 16:45,40.70536012928765,-73.70635101,218,56.50082080209291,81.52199073949961,Yellow,Clear,0,-0.915931529,9,8,298.44240851422626,8.261886294155023,High
03-03-2024 16:50,40.61580223936364,-73.98962569,51,32.017507503272974,84.26485487,Green,Snow,0,0.14389834801905854,60,45,306.6463279525392,21.75760939241742,High
03-03-2024 16:55,40.87456649036631,-73.8720992,120,20.293276951535706,86.36907575120941,Red,Clear,0,0.5341999788480649,59,11,427.8310238223021,26.700596592696655,High
03-03-2024 17:00,40.86294638271918,-73.71462607,78,16.496828705507774,86.41108075501083,Green,Fog,0,0.4658505146630192,14,16,330.3292643751926,10.815119567584539,High
03-03-2024 17:05,40.70070244410917,-73.91097709,220,24.51915195596755,74.50673133589797,Yellow,Rain,0,0.12611742553078065,33,40,261.6854843984589,25.28082233182158,High
03-03-2024 17:10,40.84230541646936,-73.98171354,255,78.09105815017826,98.98508477147101,Yellow,Clear,0,0.5864755314516652,50,27,80.16129030783152,15.591784181740572,High
03-03-2024 17:15,40.800316611554344,-73.95105078,149,33.777999048833344,75.09989651302877,Yellow,Fog,0,0.24108134092315092,90,21,180.97510420691736,17.876748410385463,Medium
03-03-2024 17:20,40.80126611443473,-73.92323343,192,25.195968963434545,32.89251142288157,Green,Rain,0,-0.34945011,9,43,74.89544459969743,6.606345443,Medium
03-03-2024 17:25,40.840768457776214,-73.9214396,12,19.596423192813063,98.66111442755575,Red,Snow,0,-0.992514282,11,36,177.57920480388572,15.234334713749895,High
03-03-2024 17:30,40.71270637199282,-73.9787359,103,28.06009060060432,53.93183892731127,Yellow,Rain,0,-0.47434159,21,2,224.66623644729304,22.127119982554934,Medium
03-03-2024 17:35,40.71961382983844,-73.87941917,164,35.70634580516682,19.890808381327062,Yellow,Rain,0,-0.177391791,14,8,234.00380145449978,18.975285354281944,Medium
03-03-2024 17:40,40.84601020642566,-73.81760298,254,8.717879253403913,95.71562126191314,Red,Fog,0,0.9891543226800577,25,36,320.1531509091936,20.43402939,High
03-03-2024 17:45,40.608313702607454,-73.98151272,130,21.230457685290496,24.453447308771914,Yellow,Snow,1,0.6755160412448538,19,6,332.1948497973911,28.353654603543262,High
03-03-2024 17:50,40.78810719574542,-73.90621288,230,28.094771099143983,36.24528687837977,Yellow,Fog,0,0.20329102276432542,91,7,387.2338963674996,18.048117145023213,High
03-03-2024 17:55,40.666249118998216,-73.79824967,53,53.355518759156254,13.04110756880804,Red,Rain,0,0.8511121339159875,50,17,95.87839879718831,27.212745655714762,Low
03-03-2024 18:00,40.78768789273687,-73.77764155,114,24.636299802209493,50.879195496990825,Red,Rain,1,0.7234844641805407,85,13,434.9952718209509,22.229790633310774,High
03-03-2024 18:05,40.68896683014666,-73.97841225,52,11.731545496981983,32.85361860427507,Yellow,Snow,0,0.17294007519552235,98,27,227.12086821715235,5.168281382746674,High
03-03-2024 18:10,40.81246824248828,-73.99808741,213,33.43810874354156,29.702473728982667,Green,Rain,0,-0.113782563,15,6,73.63344363353201,14.657528052537037,High
03-03-2024 18:15,40.873881288144936,-73.81776351,123,42.925025617303085,59.872821300803366,Yellow,Fog,1,-0.315558068,80,22,171.5733068839387,11.551011614081157,High
03-03-2024 18:20,40.70390052248018,-73.73807001,82,28.07948921292632,93.96867899768596,Green,Rain,0,-0.646954391,24,49,414.1134286298369,22.909053470744034,High
03-03-2024 18:25,40.77937707349429,-73.93755084,175,69.27093521967643,69.03657458,Yellow,Fog,1,0.46240768342685556,36,44,389.36881032917603,15.233725317666945,High
03-03-2024 18:30,40.69636027006148,-73.74962754,175,17.24796266435949,10.306803542969599,Green,Snow,0,-0.831795063,3,5,234.3318257554715,24.66425860616115,High
03-03-2024 18:35,40.80488839373688,-73.84573379,291,45.22954833446537,62.261739023487536,Green,Rain,0,0.4191126333502575,22,30,228.1652060147964,9.803617441282693,High
03-03-2024 18:40,40.89838033362484,-73.93676716,202,32.126536053026896,94.81207679160445,Red,Snow,0,-0.768972343,87,23,350.5373689620306,11.182283060222563,High
03-03-2024 18:45,40.83226198534823,-73.7494443,100,32.72967028591748,48.31162053716379,Yellow,Snow,0,-0.440201345,85,36,470.09586848903245,15.790382245934376,Medium
03-03-2024 18:50,40.73617085530011,-73.9547723,279,21.41449916434335,99.16193766631044,Yellow,Clear,0,-0.7631705,22,10,142.4268021491961,7.738730359525352,High
03-03-2024 18:55,40.71784595791896,-73.86775454,222,15.159827695422482,96.17469926740038,Green,Rain,1,0.08085765,34,28,296.8171161,10.28890213731022,High
03-03-2024 19:00,40.729177855970356,-73.7940398,282,79.49003477,63.642705252722216,Yellow,Rain,0,0.5279319417533064,19,41,88.59117429573791,14.77748347762942,High
03-03-2024 19:05,40.620376991606285,-73.78971518,164,13.147245751490948,30.735986666357235,Green,Fog,0,0.1684367941389313,61,47,62.492002916434245,14.296053051497507,High
03-03-2024 19:10,40.61431784740078,-73.9144451,271,45.52192538609596,60.804297702265636,Yellow,Rain,0,-0.210500247,14,40,323.1469749174179,21.977499577690015,High
03-03-2024 19:15,40.77987181930421,-73.7875717,292,59.85432918203109,12.292138706619378,Red,Snow,0,0.6153487418767318,99,34,362.9630969286432,12.13570907843386,High
03-03-2024 19:20,40.79779555852913,-73.98448361,228,66.48681367312113,21.646163384662056,Green,Rain,0,-0.405784236,25,31,403.56170299929016,7.710439997462757,High
03-03-2024 19:25,40.80320638598229,-73.87347844,297,11.431919623728515,78.93732403473463,Red,Fog,0,-0.006465243,13,10,355.32589867769934,19.307044493099816,High
03-03-2024 19:30,40.669994587423695,-73.95961683,90,25.241218032573613,37.169281153523634,Yellow,Fog,0,0.37157080411098775,37,27,429.7786250876863,21.40387239290864,Medium
03-03-2024 19:35,40.89263520890768,-73.87546606,248,58.446284066489554,66.21205984281102,Red,Snow,1,0.4317941684123858,66,42,325.39944918005193,24.689974819467754,High
03-03-2024 19:40,40.640605699879885,-73.89451573,60,25.019430607584702,17.792214657122756,Red,Snow,0,0.4677743693368981,67,34,360.6941983,9.867360936,Medium
03-03-2024 19:45,40.81408150574824,-73.93496344,251,12.110991932976265,65.10491017456945,Green,Clear,0,0.21851109777988476,51,12,280.91072033819745,10.939460310888597,High
03-03-2024 19:50,40.75500609631783,-73.96530104,206,10.287414971746479,82.76323952102643,Yellow,Clear,0,-0.260316123,48,10,290.5857619588186,5.265931921747869,High
03-03-2024 19:55,40.77747211090417,-73.93142386,186,73.63642531177062,12.484808179206004,Yellow,Fog,0,0.7001008459911631,18,11,195.01961957398927,21.36522146320688,Medium
03-03-2024 20:00,40.79819969796445,-73.81274869,21,56.552680708524015,37.215581444707674,Green,Snow,0,0.7872377246387998,53,32,250.49216339487126,16.16835574250979,Low
03-03-2024 20:05,40.87649479873442,-73.71717289,163,25.66041830597808,79.46837080152656,Yellow,Rain,0,0.7697187019188998,87,14,375.0294836393467,18.118395116915778,Medium
03-03-2024 20:10,40.81241289757382,-73.84912864,61,79.43407278,46.79854504114364,Red,Snow,1,-0.965627265,63,24,286.2712107,12.97409998075105,High
03-03-2024 20:15,40.870693520943405,-73.79625738,14,20.440336664962956,73.40387924711025,Green,Clear,0,-0.640694385,25,24,146.4163303030274,19.98334303,Medium
03-03-2024 20:20,40.60266622346913,-73.75016712,90,10.755986162131846,84.91725757966941,Yellow,Fog,0,-0.498101792,77,19,237.0632330794524,29.19004186023425,High
03-03-2024 20:25,40.787995856921825,-73.72844368,236,58.992981113434816,67.79204508768382,Green,Snow,0,0.3136145815715372,50,3,137.80324299508504,25.687834505412546,High
03-03-2024 20:30,40.78506111289387,-73.81754031,67,50.64477715520673,66.77445789274044,Green,Rain,0,-0.970378564,3,14,232.55152464725703,29.064298192314737,Medium
03-03-2024 20:35,40.69562843088061,-73.99980379,110,34.27156934,86.26999965230473,Yellow,Fog,0,0.3647380018547781,93,42,219.04794790053302,8.276163423334866,High
03-03-2024 20:40,40.66326060099412,-73.81483001,289,50.35870039673655,99.78107681213845,Green,Rain,0,-0.465639835,15,34,312.7622289421829,21.96144362155104,High
03-03-2024 20:45,40.67014792977992,-73.85579352,237,49.01366227041865,94.24855438536838,Red,Rain,0,-0.358646491,56,33,118.66017694186603,17.790339304992628,High
03-03-2024 20:50,40.74314385922017,-73.82036603,23,76.07700420444958,57.122090394199475,Green,Snow,0,-0.577917722,56,17,320.55087360614544,19.642247002673585,Medium
03-03-2024 20:55,40.89606008008558,-73.92554217,160,39.07231184530913,13.682648180898816,Red,Fog,0,0.5918660380152525,60,37,342.66094836790563,26.034339090675562,Medium
03-03-2024 21:00,40.79254803,-73.99592541,52,47.15274064603974,64.33333271221036,Green,Snow,0,-0.280338128,32,43,72.99444770226702,12.489537544584547,Medium
03-03-2024 21:05,40.77777774,-73.75838303,173,73.9550883,24.985435395169407,Green,Snow,0,0.18171225961978754,92,19,495.7861783066515,27.10145572960185,Medium
03-03-2024 21:10,40.831551743103766,-73.96454289,85,29.759006451978234,95.43293127372063,Green,Rain,0,-0.577744471,36,37,190.65664363631944,5.447507061530706,High
03-03-2024 21:15,40.73559625294411,-73.72364302,236,73.38605023066144,80.62091071624455,Green,Clear,0,0.8730200367837861,31,0,165.67654832443714,21.599526060785628,High
03-03-2024 21:20,40.81265425899136,-73.70871834,294,58.14458842,82.28015093134618,Green,Clear,0,-0.993290773,50,9,281.0762509860172,28.021057813305678,High
03-03-2024 21:25,40.60669223316124,-73.91615138,138,28.37425093647743,96.08392087,Yellow,Snow,0,-0.017510909,68,41,354.5616450371805,18.528346148061743,High
03-03-2024 21:30,40.77413460319654,-73.91985356,21,25.030254136393697,87.85101117925323,Red,Snow,0,-0.426517064,43,9,169.52407452523113,5.462061866403241,High
03-03-2024 21:35,40.62441861669532,-73.78959543,97,40.19939711763326,50.129180459064436,Green,Fog,0,-0.659008742,40,42,182.08840232781438,16.22894702013747,Medium
03-03-2024 21:40,40.60999583,-73.85123284,242,76.63576248897785,65.47178090641499,Yellow,Snow,0,0.8490588350317705,58,3,204.66993718390805,9.476780306762917,High
03-03-2024 21:45,40.68646275293277,-73.97660275,43,75.89568591950484,18.807727159178164,Yellow,Clear,0,0.1756780096529642,91,2,399.8989003168262,24.90560561,Low
03-03-2024 21:50,40.69293047700788,-73.76752055,85,13.15145452338259,54.00473712,Yellow,Snow,0,0.1655518934448601,78,48,74.60623082819778,14.277902114833989,High
03-03-2024 21:55,40.791787704585644,-73.83054161,255,42.59649756635097,11.932147097090894,Green,Snow,0,-0.464905606,30,11,220.4104968118772,15.436230971860683,High
03-03-2024 22:00,40.68222395021652,-73.83147899,250,8.126444792983492,67.88223717360171,Red,Fog,0,-0.947080847,52,23,300.66821163681556,10.933044718682236,High
03-03-2024 22:05,40.78896722861095,-73.87934973,208,73.52700844891014,44.23524222738253,Red,Fog,0,-0.193234897,23,36,173.65300733328115,20.608297169439687,High
03-03-2024 22:10,40.69351364036553,-73.94760883,116,67.57088096575788,15.581878522442985,Green,Fog,0,-0.249591883,79,30,321.6163757780598,25.398746443896684,Medium
03-03-2024 22:15,40.898604088201964,-73.79245661,32,31.713200234637796,58.76682529673458,Red,Rain,0,0.022338036306909448,70,8,213.91924630575033,17.837917304618664,Medium
03-03-2024 22:20,40.662805724098455,-73.86986216,222,26.29756347472561,71.38491746093713,Yellow,Clear,0,-0.468700554,93,3,393.09388220052415,9.068789978140567,High
03-03-2024 22:25,40.82479703524126,-73.94349519,17,15.567267957961842,10.449009185976603,Yellow,Clear,0,-0.883826379,44,40,245.06486272049253,16.61256873201126,High
03-03-2024 22:30,40.849257416361475,-73.97022385,34,8.417358848276255,63.88924644769348,Red,Rain,0,0.5158271368804146,87,47,148.8813412791582,23.246850820277913,High
03-03-2024 22:35,40.656731465644235,-73.78919263,215,32.773359127396475,55.96603344,Yellow,Fog,0,0.1923103661378509,96,17,249.17987196251764,16.095481825520615,High
03-03-2024 22:40,40.71494808624668,-73.88334579,105,54.97390145327118,73.88295439,Green,Snow,0,-0.551247573,6,20,372.9589443,24.034454301988944,Medium
03-03-2024 22:45,40.88249911440687,-73.91149655,163,42.010736408163616,19.318055169110583,Red,Fog,0,0.46444295359012333,20,29,277.85563349767074,8.075882379,Medium
03-03-2024 22:50,40.65193812482879,-73.84491224,107,40.67627403,17.987668917840153,Yellow,Fog,0,-0.595950202,50,15,287.28948551732776,5.453038146212581,Medium
03-03-2024 22:55,40.668483220871956,-73.89096892,94,58.05981944834532,17.01990506714253,Green,Rain,0,-0.677205829,55,30,149.7150046454546,10.998984713548879,Low
03-03-2024 23:00,40.87576108,-73.80077416,226,63.291891036773706,62.57669492922983,Yellow,Snow,0,0.46981430964019033,52,4,356.3628389914701,19.07172502441535,High
03-03-2024 23:05,40.80566130559699,-73.7901203,43,60.21202269646308,81.80180655766982,Yellow,Clear,0,-0.525629749,6,36,303.7217448697173,24.602541777761495,High
03-03-2024 23:10,40.844367363782204,-73.96025973,290,46.59226225377817,34.40444475734223,Green,Rain,0,0.859400042,30,18,123.08171373432634,8.946914286347885,High
03-03-2024 23:15,40.74115388443353,-73.91077227,18,10.136260412441544,25.05726162958278,Yellow,Fog,0,0.20481440099759496,60,31,444.2290482920237,19.705496354434242,High
03-03-2024 23:20,40.864241398329234,-73.71428021,32,48.70884409021907,10.36220008152619,Yellow,Rain,1,-0.038429752,90,47,305.8762963716161,20.979263012927927,High
03-03-2024 23:25,40.85008433127833,-73.92576126,81,10.844887717196752,19.11167699248108,Red,Fog,0,-0.881582293,93,48,265.9126521066067,8.918040547,High
03-03-2024 23:30,40.77218191349584,-73.95356754,34,75.0172217,42.273116304834666,Red,Rain,1,0.7340656264402858,9,4,370.3053269189372,25.16220238798567,High
03-03-2024 23:35,40.83945986824534,-73.93061845,194,19.25947543340863,27.656586921110023,Red,Snow,0,0.4225000014076956,41,6,233.05353596128458,9.006427385771063,High
03-03-2024 23:40,40.80582410389773,-73.9189515,58,70.79478623614683,68.26585240126326,Red,Clear,0,0.49343629361180064,43,25,209.51480164541974,21.847969623168634,Medium
03-03-2024 23:45,40.76490607,-73.99506013,70,38.80487165143575,46.490427020577066,Green,Snow,0,0.7442391013048204,98,45,171.2081717447913,11.083111017087873,Medium
03-03-2024 23:50,40.654422533420494,-73.70711377,92,35.58331080555169,42.59019005737865,Red,Clear,0,0.818891431,92,12,129.20858062671078,15.913945756330017,Medium
03-03-2024 23:55,40.79340776104436,-73.99578172,133,29.206761330374974,29.408950642118292,Green,Fog,0,0.8314754596366556,49,19,487.5413814920154,23.711330290879985,Medium
04-03-2024 00:00,40.87043348,-73.77279492,130,64.50328798,20.831212427888424,Green,Rain,0,-0.4307254,81,12,435.01062036947826,21.22252588003617,Medium
04-03-2024 00:05,40.87329259641094,-73.86168658,108,65.86817130381988,39.40872743005106,Green,Snow,0,0.6255263643056661,93,11,385.338058,24.394682461080944,Medium
04-03-2024 00:10,40.657828539351506,-73.86316984,281,44.913999871186924,78.43063850078426,Yellow,Rain,0,-0.752911198,43,44,120.6205066582639,13.015292362431275,High
04-03-2024 00:15,40.68048113450959,-73.73318484,19,66.81546760102148,54.53697572,Green,Rain,0,-0.117880446,42,37,405.0593319321425,7.030741329346639,Medium
04-03-2024 00:20,40.645805865084455,-73.9047216,26,79.78070001662007,27.797661706443755,Yellow,Snow,1,-0.7232581,18,26,158.7809196760804,25.876743290905033,High
04-03-2024 00:25,40.88597425383791,-73.84090683,76,61.167621272491175,25.06932350655896,Red,Clear,0,0.23104489154626595,99,49,188.80299055297428,8.100060549811376,Low
04-03-2024 00:30,40.70591105969388,-73.8258977,214,54.244714502395546,61.17826200137668,Red,Snow,0,-0.790963825,26,47,80.22194508777353,6.064817808904683,High
04-03-2024 00:35,40.73776018347933,-73.97982979,20,8.027392203938264,24.758950966712845,Green,Fog,0,0.42881331903299946,36,26,357.22168362871224,20.769417915984853,High
04-03-2024 00:40,40.855668845966854,-73.73350385,243,49.59253793431373,49.95219197597253,Yellow,Snow,0,-0.841356382,86,24,484.1677053531536,6.182979741,High
04-03-2024 00:45,40.81051585179348,-73.71469551,57,21.05538185358589,89.44638097385265,Green,Clear,0,0.7938845266987702,69,6,475.9875380600495,29.126897585473063,High
04-03-2024 00:50,40.797488068074124,-73.70514598,274,21.548664549298028,79.21382102,Yellow,Rain,0,0.8280198393339051,2,39,155.4004906978427,11.644808048954427,High
04-03-2024 00:55,40.844651479159836,-73.86938205,15,20.54779035821181,15.793733181958128,Yellow,Snow,0,0.079427931,35,43,142.0963476625704,26.539234937634934,Medium
04-03-2024 01:00,40.83641823375124,-73.90727701,216,76.06541057,64.85321345012588,Green,Snow,0,0.019729924336131743,46,25,374.4948856258963,7.5951720345867315,High
04-03-2024 01:05,40.68914453785663,-73.77861422,87,43.974154807615506,92.91215342726734,Red,Rain,0,0.15825578515194283,23,18,324.7009791,20.10837196919168,High
04-03-2024 01:10,40.63021972,-73.73797177,68,38.905262801652015,80.44538205818733,Red,Fog,0,0.15932229680190368,94,29,435.09851607337583,18.074183296081877,High
04-03-2024 01:15,40.84607605193929,-73.94502507,255,65.15676574565373,11.436643973165747,Red,Fog,0,-0.028745985,49,26,326.6728910051453,7.616352538158906,High
04-03-2024 01:20,40.82789360681512,-73.87156075,234,70.42004164742879,13.408157850384288,Red,Clear,0,0.7765645720241783,33,16,161.86120212449822,8.354351569225175,High
04-03-2024 01:25,40.80596892,-73.92900233,24,71.63427464812439,28.43202841333889,Red,Fog,0,-0.585103327,68,21,325.06302599710006,19.934699100163222,Low
04-03-2024 01:30,40.86049799923454,-73.88366586,26,25.469755491684015,23.036873916715436,Yellow,Clear,0,-0.234759288,43,17,53.75019625675808,27.257135014560035,Medium
04-03-2024 01:35,40.64082671579335,-73.93287523,287,37.89952279643714,60.01432412538866,Yellow,Rain,0,-0.296084125,32,45,137.31002316332496,19.447855223321476,High
04-03-2024 01:40,40.604136205862844,-73.83245707,114,69.17510931258471,48.11340964438591,Red,Clear,0,-0.603538364,3,42,240.37228980729734,11.537502351863484,Medium
04-03-2024 01:45,40.843968061171395,-73.76351853,222,74.55302942984443,27.423790925587287,Green,Fog,0,0.5781292178767958,26,45,357.7917298977312,15.947014808353659,High
04-03-2024 01:50,40.62155578635552,-73.86868425,13,22.852425263631886,20.466189437010428,Red,Rain,0,-0.984155858,58,37,488.2508010504407,10.17979925959735,Medium
04-03-2024 01:55,40.61008838771806,-73.94172119,169,29.618397344622593,28.645736009429786,Green,Fog,1,-0.909884005,62,24,490.2459127485941,21.536727855433018,High
04-03-2024 02:00,40.639339793909585,-73.74568,142,37.61325801229472,34.71127246793948,Yellow,Clear,0,-0.430944689,22,9,168.99305784865203,14.426726513837021,Medium
04-03-2024 02:05,40.830273014424314,-73.98008579,224,73.33966788454016,14.865751959050044,Yellow,Rain,1,0.6528174794356851,55,49,446.8223033,20.98681973001375,High
04-03-2024 02:10,40.77473826,-73.93556441,72,61.122659774418054,78.25686078263601,Yellow,Clear,1,0.069868781,37,6,147.91444501101856,14.43080757534036,High
04-03-2024 02:15,40.67495924936877,-73.8450829,174,65.23546795277257,64.11258783301913,Yellow,Fog,1,-0.253901728,51,24,51.25518013719334,9.033204113121112,High
04-03-2024 02:20,40.88205430293861,-73.78094754,240,51.91297355681676,83.29284806635425,Red,Snow,0,0.6884048841761741,25,26,381.1791282534959,17.555010122500207,High
04-03-2024 02:25,40.738197762301915,-73.85122013,281,15.357831379003986,60.35621415275116,Yellow,Fog,0,-0.314760315,91,10,322.0008544166578,20.583500831681555,High
04-03-2024 02:30,40.65690922390134,-73.83090541,113,54.12945697001229,14.222893138929976,Green,Rain,0,-0.759687973,64,35,317.2345614849858,12.338847107448455,Medium
04-03-2024 02:35,40.70594440566365,-73.88058878,278,37.938257719780964,53.29175012199423,Yellow,Fog,0,-0.512133993,69,35,67.46204977930272,5.802088837,High
04-03-2024 02:40,40.70905555651831,-73.86884913,169,38.77876099977119,52.866482043739175,Red,Rain,0,0.897738381,72,19,331.7414899062571,25.542207756964142,Medium
04-03-2024 02:45,40.73809171097652,-73.76103753,41,17.126827575348635,17.416357536406544,Yellow,Clear,0,0.6701655920183325,74,24,310.3133231070571,21.86394593619369,High
04-03-2024 02:50,40.75518152999674,-73.90536793,256,15.662276336773427,58.32012714534462,Green,Clear,1,-0.903675741,54,14,487.71658589802905,16.922382507405572,High
04-03-2024 02:55,40.697554221474924,-73.93674321,68,70.01671156037486,90.85322964,Red,Rain,0,0.036600317,91,48,142.7675153762262,17.125013683282184,High
04-03-2024 03:00,40.76727377711008,-73.93011136,45,22.61838531062874,48.57864198,Red,Clear,0,-0.502244391,92,45,291.06693688852863,10.057632674256205,Medium
04-03-2024 03:05,40.62320831017382,-73.94947326,114,53.35859057368443,20.43249001804131,Red,Fog,0,-0.060177922,99,43,313.35773839533203,13.031281753961384,Medium
04-03-2024 03:10,40.76728751489931,-73.79369412,61,18.0076145,67.78335880826886,Red,Snow,0,-0.194142172,96,33,98.09114067354582,29.34227892981429,High
04-03-2024 03:15,40.84282833845404,-73.9182645,51,66.63476151623581,54.70421217085827,Yellow,Rain,0,-0.701534954,59,24,126.99430967108619,12.11107333418158,Medium
04-03-2024 03:20,40.864960946898144,-73.72099863,127,69.32669298829596,19.278629800686893,Green,Clear,0,-0.509383633,69,3,392.86323000256704,10.537247987054787,Medium
04-03-2024 03:25,40.60080163482924,-73.74596159,277,25.07977901214453,25.71295995330732,Yellow,Snow,0,-0.065083269,95,15,361.7446385,14.855006383863362,High
04-03-2024 03:30,40.63962652,-73.88231043,213,60.44220436857772,22.79547605287359,Red,Rain,0,0.8634161201842268,75,3,55.247639553775144,21.812182646877634,High
04-03-2024 03:35,40.60989317565243,-73.77337507,44,70.85613665,62.67946314478432,Green,Clear,0,0.11607134925874663,53,22,233.47143238424292,18.956731437617314,Medium
04-03-2024 03:40,40.687629286260986,-73.76032683,131,62.411352485514286,48.67942550897775,Red,Snow,0,0.2288489005934362,92,20,57.783799721170716,9.210010866484234,Medium
04-03-2024 03:45,40.85182517721721,-73.82330666,284,44.28210124059512,39.16051551953103,Green,Clear,1,-0.553034206,41,43,117.37361405956543,19.977873524743075,High
04-03-2024 03:50,40.86343056270298,-73.70582186,199,41.93103197518357,42.37858482264558,Red,Rain,0,-0.948726899,92,34,385.8949212719095,6.1149407247112855,Medium
04-03-2024 03:55,40.77490923853683,-73.88733602,260,70.43190301770758,89.65608648528351,Yellow,Rain,0,0.5192028256310106,82,14,420.74316300523975,17.93427384209762,High
04-03-2024 04:00,40.641269841350784,-73.83921036,294,16.947145847969615,90.33782684288326,Red,Rain,0,-0.975057695,2,35,92.77923583,6.924337604212726,High
04-03-2024 04:05,40.74152341,-73.84873224,120,28.514890944139974,16.15909069516652,Red,Snow,0,-0.731471247,46,5,241.29910141232472,11.659205967963436,Medium
04-03-2024 04:10,40.88640865941233,-73.95545949,102,18.00313929496246,62.48744421697007,Yellow,Fog,1,-0.050971332,38,12,290.2215978405948,15.089086072400555,High
04-03-2024 04:15,40.84450932184303,-73.84481564,290,64.60691023689351,54.664332005917856,Yellow,Rain,0,0.37993849175976835,41,35,332.9566797493844,27.08759179509488,High
04-03-2024 04:20,40.615110002471646,-73.72011474,123,23.197484885333633,72.79918200375641,Green,Fog,0,0.1932404227708273,57,45,222.8391413130857,15.60450294807986,Medium
04-03-2024 04:25,40.699781476702775,-73.97191172,100,45.33242496701442,12.317333571672364,Green,Snow,0,-0.618818524,67,20,436.3812161662566,28.059112611574438,Low
04-03-2024 04:30,40.82051354967848,-73.87354895,265,71.81825553111294,95.59445071850874,Yellow,Clear,1,-0.396223203,3,23,87.6403696,5.8715232522475995,High
04-03-2024 04:35,40.66059990225289,-73.89549729,205,73.42310529086035,57.13922975682101,Yellow,Snow,0,-0.959360712,44,30,188.1805138465471,24.787106636577487,High
04-03-2024 04:40,40.71617252675357,-73.97925265,104,11.08747804182605,37.82614620625266,Green,Rain,0,-0.393596371,47,22,97.91777333622862,15.396164451319232,High
04-03-2024 04:45,40.649652656890645,-73.94996673,114,75.20015167659571,14.044914284730138,Green,Rain,0,0.5521437327274314,70,46,132.0581490658322,7.055566423106459,Medium
04-03-2024 04:50,40.695000267209956,-73.87465123,17,60.922227879286474,68.12258975876199,Green,Fog,0,0.081583974,45,30,201.1763650111271,12.267030232325833,Medium
04-03-2024 04:55,40.76391356767796,-73.81022503,176,23.31352525,42.42104541563316,Red,Clear,0,-0.062262373,38,41,233.1817642659504,18.000850328108847,Medium
04-03-2024 05:00,40.60569240115736,-73.92088562,226,29.94663189385171,82.23471836431433,Yellow,Rain,0,0.49118136402208634,71,36,101.26995072341293,7.477413738,High
04-03-2024 05:05,40.70996845758859,-73.94647154,258,14.312194026812895,30.58728283553361,Green,Fog,0,0.38743588278473995,41,3,85.36545253,14.517379559870834,High
04-03-2024 05:10,40.64033186639368,-73.93493826,47,5.818639109987529,28.687211287460926,Red,Snow,0,-0.999156953,32,22,361.73497284648266,6.298957511007087,High
04-03-2024 05:15,40.85536026885151,-73.76226289,66,28.49841184,98.98887561746768,Green,Snow,0,0.23078822055498538,34,28,421.6564250272183,18.759790982700743,High
04-03-2024 05:20,40.68760567610356,-73.90254399,144,43.72364336430776,30.03037711407758,Yellow,Snow,0,0.753510101,92,15,205.33714668185223,6.004635289353642,Medium
04-03-2024 05:25,40.84512418751232,-73.85296947,71,6.440426270169187,87.11478921823586,Red,Fog,0,-0.308083083,84,18,57.14922496851709,25.779668367628574,High
04-03-2024 05:30,40.744860398757055,-73.78690954,145,52.16725258141413,82.77775100123594,Yellow,Fog,0,0.8213442839618956,15,15,123.79060492973535,8.368813369691528,High
04-03-2024 05:35,40.81020699,-73.8013818,95,63.34550407949572,43.54570428804912,Yellow,Rain,0,0.8499925203760612,9,17,228.24978609202225,15.755534833316451,Low
04-03-2024 05:40,40.876886535076245,-73.72172697,174,53.517880503266454,54.650261756334366,Red,Rain,0,0.4028231369908808,31,46,69.72004271871081,18.459054127341282,Medium
04-03-2024 05:45,40.63703354385308,-73.90409991,64,51.587282285644335,19.323282034002617,Red,Rain,0,0.6855075569641791,80,7,463.064758,14.173726796277473,Low
04-03-2024 05:50,40.837001842990844,-73.84837667,188,68.69686438135676,63.606112898313455,Red,Snow,1,0.13314042216192878,85,14,80.21107966729033,17.563828476314107,High
04-03-2024 05:55,40.65368578243371,-73.77380835,229,51.461940123079195,54.62117368748814,Red,Clear,0,-0.452156471,83,26,65.73383657766944,12.790473912397594,High
04-03-2024 06:00,40.72192198066125,-73.98731394,184,57.00522850465575,57.23787202493477,Yellow,Clear,0,0.8970610224248432,68,30,465.4981660967937,9.978147796136387,Medium
04-03-2024 06:05,40.776611347486735,-73.86692487,187,71.60897602,89.07349766620916,Yellow,Fog,0,0.7421876627730757,24,39,99.67790561238598,7.676529477,High
04-03-2024 06:10,40.70378078187798,-73.8466229,113,31.195870978659382,70.76930507545137,Green,Clear,0,0.016221355601452103,50,12,152.95916819228898,16.350899219741585,Medium
04-03-2024 06:15,40.762293898013496,-73.94161852,171,42.488483719820444,11.23733093674255,Green,Clear,0,-0.571809547,46,9,284.0692880974343,21.032104145877778,Medium
04-03-2024 06:20,40.70318709884894,-73.93483479,119,31.550808482672725,98.52347199364812,Green,Snow,1,0.29325226630867807,40,2,428.08295605345603,14.50457484,High
04-03-2024 06:25,40.74340597698854,-73.74097117,143,44.716713757157756,46.85393208614677,Red,Clear,0,-0.777770853,40,46,227.51899826129196,28.266972212994713,Medium
04-03-2024 06:30,40.70818682159656,-73.96081152,257,50.47338550741354,46.24117129798328,Red,Snow,0,-0.994549188,47,24,161.6847671114073,14.306740830484866,High
04-03-2024 06:35,40.72716882,-73.940181,126,70.27345711180337,75.69205809639034,Red,Snow,0,-0.382550932,98,46,439.57308750997834,26.027036935597817,Medium
04-03-2024 06:40,40.88835809334676,-73.82647247,108,59.34629353845995,12.775270537600386,Green,Fog,0,-0.145779384,20,31,442.7101034909653,28.55420097402373,Medium
04-03-2024 06:45,40.779471548133024,-73.92512486,137,35.580010746904954,25.14084224718608,Yellow,Fog,0,0.8405793155418206,84,41,289.79201010940926,22.63532112332009,Medium
04-03-2024 06:50,40.682750310549345,-73.9219851,123,8.473249038140613,49.64695437,Green,Snow,0,0.9413058808171157,44,49,405.1995969265371,14.472521092354484,High
04-03-2024 06:55,40.82535682,-73.75331785,120,48.37653971055579,34.80449934205957,Yellow,Rain,1,0.8672711635797019,85,5,222.82847844779732,7.798882040061454,High
04-03-2024 07:00,40.83428631289975,-73.90736492,80,70.24911385988966,49.74033328998544,Green,Clear,1,0.48883299851006345,51,49,80.21970728600724,25.977152622119107,High
04-03-2024 07:05,40.646505920598976,-73.77606372,46,10.134206801936962,12.17434440791493,Yellow,Clear,0,0.19985329754961678,36,24,488.2878480988846,21.80222069,High
04-03-2024 07:10,40.65416011678522,-73.76068504,79,7.152940143562251,26.29013457885115,Yellow,Rain,0,0.9471327923956052,71,48,336.56755534842046,11.110640737637446,High
04-03-2024 07:15,40.75368226970722,-73.98602828,246,63.565641977990836,93.39814307836846,Red,Rain,0,0.024128876,54,2,230.82414814713087,24.639764095333177,High
04-03-2024 07:20,40.72145238384591,-73.83813981,167,37.08957485092791,86.74373641265969,Red,Snow,0,-0.594527773,36,49,366.82971592922263,25.479619754748775,High
04-03-2024 07:25,40.766509028940156,-73.73607491,170,48.45885802024165,61.23910478657967,Green,Snow,0,-0.060087713,42,46,432.90827505214037,12.92267956051044,Medium
04-03-2024 07:30,40.602327718816895,-73.79393849,125,56.76692100239225,75.38022950110273,Red,Snow,0,-0.469801963,18,3,188.78146479248417,18.427450957313454,Medium
04-03-2024 07:35,40.64627905706341,-73.92466406,105,59.052556018398334,98.90756470700005,Red,Fog,0,0.3254930905141393,54,10,310.20797992874725,27.265358826010036,High
04-03-2024 07:40,40.770302213023726,-73.79840905,172,48.725641723881765,52.66389006,Yellow,Rain,0,-0.481665924,25,0,475.06376766495555,11.978241797214672,Medium
04-03-2024 07:45,40.72389969370208,-73.95200805,143,22.844751788055934,83.03793003165868,Red,Clear,0,-0.87398309,5,43,291.92592102294145,7.105220231915553,High
04-03-2024 07:50,40.79883307258004,-73.99471681,50,66.26418718061463,77.84690404094938,Yellow,Clear,0,-0.437289623,89,21,127.6059037108629,8.249012857,Medium
04-03-2024 07:55,40.81451743622895,-73.7090657,114,44.22882000711907,31.35264659880889,Green,Clear,0,0.17427022353317634,2,31,230.3029593178132,10.5368828,Medium
04-03-2024 08:00,40.81317269251581,-73.7073089,96,20.41638837734117,91.40682705082847,Red,Snow,1,0.8832201787918041,59,4,232.2951458024844,26.97144866455941,High
04-03-2024 08:05,40.68653603738085,-73.80378989,102,33.97665967184643,14.971437051980718,Red,Fog,0,-0.097968715,58,21,429.88810926834486,13.981456938800992,Medium
04-03-2024 08:10,40.64150831447509,-73.71366281,252,78.23710270713259,76.98186424805293,Yellow,Fog,0,0.7457103105145628,23,0,469.4577432575721,19.720249463064256,High
04-03-2024 08:15,40.79588883510405,-73.82159704,254,25.41895131730843,99.04861048506385,Red,Clear,0,-0.88069645,91,2,295.53049760929343,25.378287246651034,High
04-03-2024 08:20,40.82626584895487,-73.81320474,267,64.24399681930173,66.67979582989325,Green,Fog,0,0.3685187699828343,47,18,290.6768477,26.962865120231644,High
04-03-2024 08:25,40.69542580158584,-73.76042938,54,67.85761691141983,59.92103576894534,Yellow,Snow,0,-0.187290955,49,0,206.31801810304466,29.253699920409282,Medium
04-03-2024 08:30,40.860731698070374,-73.7946839,244,13.395732187769015,45.17671890125839,Red,Clear,0,0.074101683,82,24,62.82832662713989,22.99150192675862,High
04-03-2024 08:35,40.647671841553546,-73.70545077,242,14.160613508853368,67.62877308,Green,Snow,0,0.13575106512010615,4,41,485.0705825409685,13.422287160903755,High
04-03-2024 08:40,40.737186774314424,-73.71495569,68,36.11851328479316,11.487181659960013,Green,Fog,0,-0.12539982,14,12,337.33733858173025,13.228360051194796,Medium
04-03-2024 08:45,40.665962789691164,-73.84111483,79,12.700140387623719,81.14745196696187,Yellow,Clear,0,-0.658775122,22,32,158.87326455820747,7.241725942910275,High
04-03-2024 08:50,40.856982681539954,-73.98338445,90,19.474090143821222,63.70971924626711,Red,Rain,0,0.40726806143530947,51,12,253.61993467927863,21.693498564670016,High
04-03-2024 08:55,40.89076297197471,-73.76901462,93,67.97997384163617,12.382297550454862,Red,Snow,0,0.9117697874660953,16,29,289.01806399933304,22.91336397776168,Low
04-03-2024 09:00,40.85409310215395,-73.74253399,204,55.81831534496377,59.383820790921945,Yellow,Clear,0,0.3324673709350048,46,48,94.06465827134909,6.374284123332329,High
04-03-2024 09:05,40.69544349883422,-73.87926526,33,11.383501234051199,43.74510419,Yellow,Clear,0,-0.451606204,98,40,207.1448919,5.6937235371143045,High
04-03-2024 09:10,40.70090114716645,-73.9598853,34,60.70138752,33.371642463106824,Yellow,Snow,0,-0.429274606,69,19,385.4700256321111,28.295839964024758,Low
04-03-2024 09:15,40.628085382942224,-73.87431346,163,8.273695968964027,56.972993320657835,Green,Rain,0,0.36435792784521603,81,36,479.0812610821099,23.20150868044105,High
04-03-2024 09:20,40.607676622759705,-73.79053774,237,33.044284900974205,50.32894519397758,Green,Rain,0,0.9227405467316612,49,40,171.44347405873606,7.014828175567665,High
04-03-2024 09:25,40.88398383252556,-73.98166231,215,43.26557439675737,77.55400220460409,Green,Fog,0,0.1252249770015874,85,39,157.3495759460102,29.633725474691705,High
04-03-2024 09:30,40.88897664595414,-73.91900506,232,13.59309750168947,26.338487900696183,Red,Fog,0,0.062900663,69,41,395.4078112057836,23.182438655789518,High
04-03-2024 09:35,40.89385468007534,-73.95849931,61,59.76250538147209,44.810377416448425,Yellow,Snow,0,0.37816450347735775,38,27,441.35032327357936,22.081370021855495,Low
04-03-2024 09:40,40.83172176536393,-73.93345441,56,51.05314651654413,59.46488409,Red,Snow,0,-0.908246138,65,32,218.30014998098608,19.68478195920245,Medium
04-03-2024 09:45,40.81019616521628,-73.80621087,78,41.83603712,28.86575089922235,Red,Fog,0,-0.206900468,90,46,419.9702701078099,9.494370868811862,Low
04-03-2024 09:50,40.75973870445902,-73.72779582,69,21.837681858377444,29.90378781760996,Green,Fog,0,-0.132409132,92,29,138.08692893875755,14.932828835267838,Medium
04-03-2024 09:55,40.828649495255185,-73.9734758,81,69.10484018157499,47.76500286999101,Yellow,Rain,0,0.6854648708141937,1,0,78.45558567283095,21.039050059558395,Low
04-03-2024 10:00,40.837130784440646,-73.823667,43,54.253833073592375,58.34165558,Yellow,Clear,0,-0.549755142,16,40,491.3783763,6.677100062543713,Medium
04-03-2024 10:05,40.70651240436295,-73.99102725,13,16.607285455310556,74.75195235242205,Green,Clear,0,0.7751687409972767,48,30,230.4405771,13.916758805935117,High
04-03-2024 10:10,40.78357825993218,-73.70899482,239,10.17346698762487,36.77564412895633,Red,Clear,0,-0.841408865,46,47,169.07505985661587,21.216455327038474,High
04-03-2024 10:15,40.86266306934925,-73.7451841,50,55.65561861599461,77.08586507206341,Yellow,Clear,0,-0.26903239,29,29,61.61512673999336,26.127348235706105,Medium
04-03-2024 10:20,40.85511528178412,-73.96490086,90,61.94725888862998,70.69094157,Green,Snow,0,-0.810746261,88,12,352.61863313305844,14.286271588034886,Medium
04-03-2024 10:25,40.74689321421302,-73.71284113,233,12.690819836384025,41.94850494452815,Red,Snow,0,-0.373046474,62,23,330.3295910792879,27.598500388071077,High
04-03-2024 10:30,40.72278686187839,-73.9610506,19,18.848851912054762,67.50022718,Yellow,Fog,0,-0.793138637,65,16,77.61341166,11.882042293288576,High
04-03-2024 10:35,40.81822321763607,-73.8428838,156,26.42566695126123,63.87380198670128,Red,Fog,0,0.6399483518705091,90,27,64.17576423895491,9.558770184650612,Medium
04-03-2024 10:40,40.835360190832816,-73.81893632,219,22.778984104511483,88.42127433573803,Green,Clear,0,0.27995470144424983,20,3,149.1304368139772,26.597136216413222,High
04-03-2024 10:45,40.63747330263451,-73.89430772,149,6.070376191526928,90.55210915895347,Yellow,Snow,0,0.18529540935123023,93,17,478.8770660715052,22.653444951558523,High
04-03-2024 10:50,40.69952135584293,-73.76928625,292,38.77921407999387,11.213683435603732,Green,Fog,0,-0.098058936,22,49,154.3928645422643,23.19792457369971,High
04-03-2024 10:55,40.70000184,-73.90594284,293,19.391328506013622,64.81998905,Red,Rain,0,0.9839913731810246,92,43,199.27177013021364,13.870568447817822,High
04-03-2024 11:00,40.768768521189386,-73.99813454,131,9.792001427866428,31.345052133686984,Yellow,Fog,0,0.046626834352000435,40,10,119.08244134256223,18.078545867540875,High
04-03-2024 11:05,40.784384288819716,-73.8298821,219,51.6641013,12.656154227503203,Green,Rain,0,0.2088050272723856,18,9,230.26313882393617,18.638889732126238,High
04-03-2024 11:10,40.719023649426035,-73.89845073,247,48.51299823636681,18.85587426926805,Yellow,Rain,0,-0.543965677,76,26,420.79268010882225,12.465878539322365,High
04-03-2024 11:15,40.787829334189404,-73.97089257,288,54.64698431758776,83.13715378427233,Yellow,Rain,0,0.16326691446845465,46,44,154.10039271955156,28.14203750451381,High
04-03-2024 11:20,40.862502453683284,-73.80330629,241,57.28427982605785,46.48356070311617,Green,Fog,0,-0.831435181,79,12,200.5044304091217,26.91623958104859,High
04-03-2024 11:25,40.683733302865576,-73.82973571,274,78.36080675353716,75.84026298,Yellow,Snow,0,0.6701470111330659,91,0,117.56087684647343,8.011945226161403,High
04-03-2024 11:30,40.78936852854029,-73.77599323,140,45.62267936833465,40.15583785313639,Green,Fog,0,-0.180459785,51,6,466.9685191124878,7.304382109394437,Medium
04-03-2024 11:35,40.62719194149263,-73.94980819,173,66.03516181720809,65.57947616724616,Red,Rain,0,-0.642115476,35,24,300.5718918866644,8.967053023,Medium
04-03-2024 11:40,40.609767757814616,-73.87731186,208,73.95852544778792,86.44703024215359,Yellow,Fog,0,-0.287365158,18,47,386.4840974486302,29.55205931660896,High
04-03-2024 11:45,40.857179236599464,-73.9242332,219,62.779607080556225,29.13830849081552,Yellow,Snow,0,-0.852652184,8,43,51.68994598209513,12.94461409632547,High
04-03-2024 11:50,40.65777280765636,-73.89995982,221,35.41526382601161,64.26679696,Red,Rain,1,0.7542123781756527,62,40,274.98734311446333,9.708858821269697,High
04-03-2024 11:55,40.63692885307286,-73.7295069,284,22.236115921932694,78.42584772936267,Green,Rain,0,0.275167337,41,25,88.53956323857786,23.54073405604935,High
04-03-2024 12:00,40.656870369893056,-73.86269295,114,6.7324668902682525,75.03214629,Yellow,Snow,1,-0.070999031,66,39,310.5487947429128,7.930809844286427,High
04-03-2024 12:05,40.76683317520479,-73.98224173,208,52.16717194875108,84.49972501413825,Green,Rain,0,-0.752669565,19,29,434.99216733788126,23.91232365263002,High
04-03-2024 12:10,40.77730533266557,-73.96979387,142,57.50886659467655,67.24147608542745,Red,Fog,0,-0.685948746,42,18,292.1613189636399,27.01026799289065,Medium
04-03-2024 12:15,40.622303567760284,-73.71935423,166,26.56048497681509,33.064274557896326,Green,Rain,1,0.30040259781441003,20,8,203.1840554489806,12.527518196298505,High
04-03-2024 12:20,40.889328309952674,-73.79958948,216,64.93365518,18.665048891215687,Green,Rain,0,-0.300916533,42,32,228.49011206945937,28.810388907685102,High
04-03-2024 12:25,40.678277655958425,-73.95190454,25,76.97473163901854,49.25659135481691,Red,Snow,0,-0.598761449,67,26,353.9984612513216,11.151183774276273,Low
04-03-2024 12:30,40.860655524628605,-73.97103219,192,55.187441953049564,24.679677181313707,Green,Rain,1,0.7552599316483593,7,44,278.43886055057635,6.9331006211904755,High
04-03-2024 12:35,40.70852383593896,-73.76765905,20,49.86345330939119,63.417342005839906,Green,Snow,0,-0.479333292,12,35,231.68501901549115,11.145742794020812,Medium
04-03-2024 12:40,40.87353536968118,-73.81423142,162,38.65797913170289,75.50962662284923,Yellow,Snow,0,-0.75324548,84,12,177.7607419479051,29.85688125140639,Medium
04-03-2024 12:45,40.63233949367139,-73.81052366,153,8.135290786489158,24.49658915981206,Red,Rain,0,-0.902825755,99,38,313.6530725024208,27.957543711662616,High
04-03-2024 12:50,40.66181924189859,-73.81699762,138,47.25687370354834,73.34924300555033,Green,Fog,0,0.8259389339628105,97,41,238.37093948812353,19.686520690825592,Medium
04-03-2024 12:55,40.68424805,-73.85717567,198,6.247371750855425,96.32251105237528,Yellow,Snow,1,-0.37342788,62,10,423.2698719384203,23.771396172834613,High
04-03-2024 13:00,40.642089073870686,-73.77356368,110,33.06965900685182,62.445051773572075,Red,Clear,0,0.016266278221995334,86,44,161.03051786984886,19.103613764021667,Medium
04-03-2024 13:05,40.652688068628606,-73.95320016,190,11.75665569197393,58.57914240090738,Red,Rain,0,0.43708408255232034,30,8,451.4263558734404,11.887528258481794,High
04-03-2024 13:10,40.77785426220665,-73.98333257,158,69.83155854942663,98.29443506,Red,Rain,1,0.1254348612762628,22,15,287.2055964,24.439111582065543,High
04-03-2024 13:15,40.86643871109645,-73.74125328,237,57.61717889157255,31.222241915323515,Yellow,Snow,0,-0.245062701,61,40,488.2241462577373,17.283472845176064,High
04-03-2024 13:20,40.84800852113896,-73.85993344,137,37.41618679065028,67.36661125409032,Yellow,Snow,0,0.43671723918231486,20,37,344.99164221247884,20.949138359805588,Medium
04-03-2024 13:25,40.881533325067956,-73.73690449,277,27.6571078,21.478978103180594,Yellow,Clear,0,0.030273516289509805,35,32,84.07128744,21.639373979086034,High
04-03-2024 13:30,40.82794502786297,-73.82501166,117,60.89075048379866,88.00637139,Red,Clear,0,-0.87978043,25,23,63.11207748280259,14.49389760789968,High
04-03-2024 13:35,40.65482174676106,-73.80626955,22,14.434858155304129,80.24990753381208,Green,Snow,0,0.21762975700252762,89,38,87.44409961608088,20.60985085783414,High
04-03-2024 13:40,40.669986871795906,-73.89356848,81,62.62010348693805,22.930292106447254,Yellow,Snow,0,-0.843965417,66,2,324.1015782544369,11.946420087116007,Low
04-03-2024 13:45,40.79640114358772,-73.98282502,175,15.191312482888748,96.61099299139934,Red,Snow,0,-0.39873353,86,12,111.59742848835955,29.779556137487763,High
04-03-2024 13:50,40.843593131669785,-73.72450666,208,12.929575192311592,65.73465122832883,Red,Snow,0,0.9510059442995347,12,37,493.36698810150375,16.695464447535898,High
04-03-2024 13:55,40.85119547544271,-73.78962776,28,36.10529941897636,56.418123512841674,Green,Rain,0,-0.696263745,70,21,328.04002794420137,7.298268619227087,Medium
04-03-2024 14:00,40.75236212281582,-73.87764569,286,49.23727185417759,23.661663374921623,Red,Clear,0,0.11780827559261131,29,24,146.2399462405478,18.239460837003875,High
04-03-2024 14:05,40.62243729981521,-73.94629644,295,5.289099836755774,21.980929707158026,Green,Clear,0,-0.069267525,58,2,299.9567038420688,5.452861415164333,High
04-03-2024 14:10,40.63514382612906,-73.98793869,205,74.05202782468473,72.64337922199543,Red,Snow,0,0.6794636879659337,89,12,69.75275021236648,10.348858453923755,High
04-03-2024 14:15,40.74472055997457,-73.80006151,132,19.329729350223303,62.11324438,Yellow,Clear,0,-0.123826714,54,17,111.95168571662121,21.320454986977293,High
04-03-2024 14:20,40.65275456534033,-73.82929892,138,9.526045065201103,91.56983730367227,Red,Snow,0,0.062974147,32,43,353.06105898381213,19.062634462787095,High
04-03-2024 14:25,40.82494397538609,-73.99091128,166,17.63395410643981,10.148537322613363,Red,Snow,1,0.8004331337537345,82,23,480.8192765770433,11.122107334948517,High
04-03-2024 14:30,40.85735343463695,-73.99680172,75,70.59579958974084,77.02403243458555,Yellow,Snow,0,0.076977157,90,8,450.53908160759016,8.456228887538328,Medium
04-03-2024 14:35,40.882164174180105,-73.80832281,206,57.302987348363544,11.179495867649901,Yellow,Fog,0,0.9896414807699023,37,22,222.88867199954228,6.395687359657188,High
04-03-2024 14:40,40.68334601826921,-73.96388497,211,58.41614373,39.75896041561347,Red,Fog,0,-0.37168826,41,42,367.77866961518316,7.906747095987108,High
04-03-2024 14:45,40.81033282085332,-73.91115241,251,34.64557486644317,68.60835476400834,Green,Clear,0,-0.912268797,88,11,458.0920542,17.49039039031616,High
04-03-2024 14:50,40.87163498351425,-73.84982726,156,13.556223235203436,22.348667687388065,Green,Clear,0,-0.845958714,26,26,118.78988800747152,14.75850623963749,High
04-03-2024 14:55,40.70680721,-73.96515915,190,34.51030421385211,12.04357588755235,Red,Clear,0,0.478026672,1,41,330.75059859606824,6.200093455,Medium
04-03-2024 15:00,40.64459499,-73.70937091,53,44.66821310307207,82.52713612871354,Green,Rain,0,-0.509828469,54,13,226.97160018684514,8.626861341127746,High
04-03-2024 15:05,40.82621750337161,-73.72715871,40,11.269452112460556,59.27924136380179,Yellow,Fog,0,0.28421354233722473,14,25,358.98375529138093,27.97601483600183,High
04-03-2024 15:10,40.69514155146055,-73.83303147,58,35.90513881647719,58.98013934468961,Red,Clear,0,0.6656936036682262,20,33,300.33025381171933,13.33705759729554,Medium
04-03-2024 15:15,40.70578881664243,-73.83112105,14,50.61880218620644,84.74325295037876,Green,Snow,0,-0.657250083,22,17,169.67928631032987,22.304468559435172,High
04-03-2024 15:20,40.82602228449942,-73.752628,90,14.107770456812009,69.93594057,Red,Rain,0,-0.505810237,13,48,443.2211259367912,5.315373931921914,High
04-03-2024 15:25,40.710914137549565,-73.78411311,262,5.497192577040514,12.795548449496044,Red,Rain,0,-0.97351047,15,20,241.8066465433185,14.212362918007313,High
04-03-2024 15:30,40.79919981317444,-73.74033858,119,76.49725823,53.636585797803264,Green,Rain,1,0.15706927402749038,96,42,368.9184157,7.348278234337184,High
04-03-2024 15:35,40.701120439352174,-73.85081353,102,49.45816041298197,95.49427514988405,Red,Rain,0,-0.441710762,40,29,293.95174432672536,11.758900200909853,High
04-03-2024 15:40,40.60372277745481,-73.84655397,147,50.087488423053976,31.227944659221002,Yellow,Snow,0,-0.997366864,3,22,251.44821809891855,18.20007128175705,Medium
04-03-2024 15:45,40.88074405253115,-73.71413867,12,75.07425087,13.314960439202128,Red,Fog,0,-0.206501734,82,49,262.5400820398005,29.376096992658674,Low
04-03-2024 15:50,40.66274768942069,-73.82966919,114,11.564799096391535,28.498986393659113,Green,Clear,0,-0.444586351,99,36,141.0168368428241,9.344101309970725,High
04-03-2024 15:55,40.66121392085749,-73.91524401,118,43.77028734827127,12.747754273415318,Red,Snow,0,0.7822597269342066,74,48,78.84222952079881,9.514419394111343,Medium
04-03-2024 16:00,40.84369658192383,-73.82457095,122,46.971970238540344,15.377400094418569,Yellow,Rain,0,0.8940899201147783,67,25,350.6538130923573,20.789929511746195,Medium
04-03-2024 16:05,40.85128314781559,-73.92902745,158,14.691788812821168,46.771462577224405,Red,Rain,0,0.5898509068678692,9,28,196.40412653143034,14.24930961654974,High
04-03-2024 16:10,40.89091965687251,-73.94495568,207,63.92867623905378,18.507478340970568,Red,Rain,0,0.44999606679276427,1,28,119.09365688648151,12.687700348279769,High
04-03-2024 16:15,40.67047508094416,-73.76612043,21,68.36943018,49.212190044479996,Yellow,Fog,0,-0.288723898,40,29,363.6214110987251,6.621264602651595,Low
04-03-2024 16:20,40.63748848235746,-73.75931939,131,40.119765277528245,60.06507589168009,Green,Clear,0,0.081916841,66,42,154.4720942384921,14.866407320309605,Medium
04-03-2024 16:25,40.854638802939576,-73.98303794,74,61.15275368410145,45.67977499,Red,Fog,0,-0.651708662,4,27,427.59034162695986,11.89865368041875,Low
04-03-2024 16:30,40.79566556727359,-73.92412496,242,39.2560185,54.21405951743708,Yellow,Snow,0,0.7584165628409292,92,34,412.99864118921386,27.782833528556864,High
04-03-2024 16:35,40.71939279293553,-73.97310175,159,76.79590533506031,72.73474663,Red,Snow,0,-0.875385922,22,6,53.35247080602864,8.879304255,Medium
04-03-2024 16:40,40.818846761047986,-73.94297401,246,70.31863529982118,20.84176595300542,Red,Clear,0,0.051697769729033505,27,33,293.9120981798982,11.623895974096463,High
04-03-2024 16:45,40.89372053740199,-73.83835665,259,36.65911991927651,21.490778386131574,Red,Rain,0,-0.616782754,12,19,52.811877239257264,29.399318657430154,High
04-03-2024 16:50,40.75956567498493,-73.84256038,61,16.384059620612042,86.19364550157641,Red,Rain,0,0.9326317443903556,61,12,233.95601353085402,18.599331697728694,High
04-03-2024 16:55,40.62250185561343,-73.79516825,119,61.46329062525598,24.64409931379704,Green,Rain,0,-0.660578402,49,30,277.0329446669507,25.92359848277022,Medium
04-03-2024 17:00,40.80544577,-73.70087003,42,34.75373000310146,96.82302994785401,Red,Snow,0,-0.321589302,35,6,138.4620060722537,21.092860447383572,High
04-03-2024 17:05,40.60162991543576,-73.7638697,108,24.20024232857809,49.37676110064557,Red,Fog,0,-0.189213953,40,24,436.1774993796554,16.284790050218334,Medium
04-03-2024 17:10,40.78850219650196,-73.72797414,190,23.64468985229243,43.57529216240707,Green,Rain,0,0.020841304,46,27,276.7782122129598,17.29514151212389,Medium
04-03-2024 17:15,40.60765736905612,-73.84292977,189,57.95185679606976,74.84442993972618,Red,Rain,0,0.082110929,30,13,487.2116859313507,26.547225986489497,Medium
04-03-2024 17:20,40.77962682510163,-73.72204448,244,19.540427403417247,53.04083186745367,Yellow,Snow,0,-0.326600056,78,28,104.3414955017088,12.990883826643847,High
04-03-2024 17:25,40.81006383205438,-73.70564527,32,70.44580928654983,18.688747858743206,Green,Snow,1,0.028827966,61,5,317.96286678760123,25.814140078469283,High
04-03-2024 17:30,40.62917369829495,-73.88169031,24,26.860279349098537,42.87834468357694,Red,Snow,0,0.9173139936641246,79,36,266.7253501342452,15.31347031689849,Medium
04-03-2024 17:35,40.70946334191186,-73.83912482,289,69.12632480071711,65.96802760373846,Yellow,Snow,0,-0.238533997,24,40,325.56594565746997,29.34213011375709,High
04-03-2024 17:40,40.79926832585717,-73.73100363,152,57.64358456379009,70.54986987,Green,Fog,0,0.41873132962324533,52,35,374.36422320732555,5.898790741112979,Medium
04-03-2024 17:45,40.78819929363072,-73.76769654,193,70.51716342,45.96986013128859,Red,Clear,0,-0.444334036,71,45,220.24323853907492,24.785382564997107,Medium
04-03-2024 17:50,40.87511886321109,-73.98502996,152,39.191952904660006,90.4861871,Green,Fog,0,-0.78440376,10,10,126.73378724922496,15.723598076192031,High
04-03-2024 17:55,40.78273109526229,-73.90095717,27,75.46029390572853,60.91699074360294,Red,Fog,0,0.10855109077611824,75,13,360.29797156982073,21.661576307031115,Medium
04-03-2024 18:00,40.77659110718061,-73.72410815,203,45.704040512717036,21.67733059294268,Yellow,Fog,0,-0.965271783,65,39,317.4068533301418,27.95254904085577,High
04-03-2024 18:05,40.84721009102459,-73.72868311,102,74.78613593590224,28.89256918,Red,Snow,0,-0.183158074,9,25,215.43326141539293,5.532631479980192,Medium
04-03-2024 18:10,40.606893307845425,-73.81382809,134,55.16161188414009,60.332653019112996,Red,Fog,0,0.9580155149796294,65,24,136.66362150766287,18.10067672,Medium
04-03-2024 18:15,40.79835944422415,-73.73308814,68,40.83610622982839,77.79621151708734,Green,Clear,0,-0.884466324,79,29,202.40915911276713,27.638923679265982,Medium
04-03-2024 18:20,40.79310540358331,-73.84590539,234,41.41097339677951,77.61509922102523,Green,Clear,0,0.48123982557412015,42,40,314.36578387447184,20.31925298786878,High
04-03-2024 18:25,40.78649709518664,-73.8856828,165,17.962877288927906,63.45427264315684,Red,Snow,0,0.677958248,43,29,325.3681301038195,24.372695957640634,High
04-03-2024 18:30,40.63866518292633,-73.98392502,142,43.82635688590384,71.62867433904452,Yellow,Clear,0,0.7244125889858888,64,6,404.9991289356281,8.990396028191348,Medium
04-03-2024 18:35,40.64852325298135,-73.87442713,21,5.063578246863963,52.781220294420585,Yellow,Rain,0,-0.823710983,43,6,453.29422815576413,5.7315141809708825,High
04-03-2024 18:40,40.72181992450308,-73.7131351,53,40.45791926451858,59.80029716278756,Yellow,Snow,1,0.6845570828176106,55,24,152.80198786349152,20.066546481676024,High
04-03-2024 18:45,40.76656883414028,-73.93113077,22,6.8866327021544915,60.108063543272856,Yellow,Clear,1,-0.597788774,87,48,311.87215609956905,7.645512527903487,High
04-03-2024 18:50,40.61935321105854,-73.85199594,67,25.446781984319028,11.119188732074676,Green,Clear,0,0.2094913650847443,75,28,171.65113465248336,17.03372763,Medium
04-03-2024 18:55,40.75180914029666,-73.81556106,34,20.671469421868025,74.65857186,Green,Snow,0,-0.929951545,79,12,322.9849815332168,12.913913894315613,Medium
04-03-2024 19:00,40.819322021934916,-73.72341184,271,15.248899196873184,81.02468279914095,Green,Fog,0,0.47962370894099915,80,28,426.19760174684166,8.108459050157597,High
04-03-2024 19:05,40.84557805293969,-73.78985608,146,56.43884683912354,16.229585877059726,Yellow,Clear,0,0.592347724,62,43,488.5948016274839,9.894354687,Medium
04-03-2024 19:10,40.68137257346561,-73.71028562,145,27.260293516205046,34.75892193197535,Green,Rain,0,-0.059713501,89,35,448.85558263161255,13.214685395631276,Medium
04-03-2024 19:15,40.63206949574615,-73.89164016,57,22.84710848,81.96520926,Green,Rain,0,0.1536977735391689,89,4,290.0025233466786,16.881772680982216,High
04-03-2024 19:20,40.82463596414458,-73.75635524,140,38.185633022479024,93.43011172,Green,Fog,0,0.9287722825970193,97,32,171.83350900539122,15.688198317494527,High
04-03-2024 19:25,40.840873731779816,-73.85430754,187,63.15864368582557,56.36477266346088,Green,Rain,0,-0.582325938,68,27,185.91011351608083,26.270427127998186,Medium
04-03-2024 19:30,40.77679164177494,-73.91013356,249,74.87489309,58.50105812,Red,Rain,0,0.085482135,70,9,499.9226630053219,22.741442398553993,High
04-03-2024 19:35,40.66197554017523,-73.81274839,104,11.157232097065336,43.59542983387619,Yellow,Fog,0,-0.205750508,85,41,311.49826053343105,14.024417830440429,High
04-03-2024 19:40,40.80329893902179,-73.80287729,256,21.79119911703281,12.159168422293178,Green,Snow,1,-0.405111598,5,29,50.13685533232076,8.507533741855209,High
04-03-2024 19:45,40.71333223428241,-73.84721738,207,39.85502261864386,68.42812651,Yellow,Snow,0,0.046889286512598494,93,16,242.56689193891577,13.479342321862235,High
04-03-2024 19:50,40.61041626,-73.87434587,283,22.254360823332064,42.01213177183801,Green,Rain,0,0.15902634609280408,14,19,490.901353,21.519653117685124,High
04-03-2024 19:55,40.63523356638584,-73.76514674,39,43.435299154484156,79.70911643501972,Yellow,Rain,0,-0.290729003,26,17,418.8214696479454,16.64242770721476,Medium
04-03-2024 20:00,40.88664677404254,-73.87220947,265,11.422487032761467,51.15272120414066,Red,Clear,0,-0.431299058,71,3,489.0333505838626,16.799518688586105,High
04-03-2024 20:05,40.89464386368457,-73.76232207,73,62.109064811282614,71.16908882127974,Red,Rain,0,-0.173377729,32,33,367.8648569802343,6.936002271644546,Medium
04-03-2024 20:10,40.77950174988919,-73.76263799,41,75.71682602690981,59.888892170813065,Red,Rain,0,0.5436802623571493,2,43,289.43282768056395,28.56914912810828,Medium
04-03-2024 20:15,40.68269359877324,-73.83017459,258,20.853414052924343,14.074116,Green,Fog,0,-0.568018565,52,27,189.20811113209768,17.548531649507066,High
04-03-2024 20:20,40.87687007843546,-73.80264665,289,52.22519902,58.48788388377048,Red,Clear,0,0.7100786954325755,50,41,182.2180954409302,11.970057199237617,High
04-03-2024 20:25,40.636502607110366,-73.95363861,272,26.368234338264276,35.45195845,Green,Fog,0,0.43532804354637866,60,18,130.0723495,15.270224126946548,High
04-03-2024 20:30,40.861941672573124,-73.7035313,50,55.60039526512011,54.5838987,Yellow,Clear,0,-0.558489715,58,28,134.2642186637154,18.623692767354257,Medium
04-03-2024 20:35,40.67209244777577,-73.70581528,33,19.298277464835667,60.440280413880195,Yellow,Rain,0,0.8656810451082184,23,19,73.01255552214431,29.475641483566402,High
04-03-2024 20:40,40.60917032047527,-73.86120614,135,70.74453471398935,20.235925719650112,Green,Rain,0,0.4998004625712671,41,44,311.72279456891084,12.076685213065076,Medium
04-03-2024 20:45,40.827226850051126,-73.84470725,25,50.51262680054341,82.36364443350165,Yellow,Clear,0,0.69604672,58,26,208.40404929413953,13.483489473118674,High
04-03-2024 20:50,40.65180951343775,-73.84093409,123,39.36836258291643,10.909161116481386,Green,Fog,0,0.2797017919606557,79,5,169.20888564179222,26.159581475732654,Medium
04-03-2024 20:55,40.887848260705226,-73.9267677,282,60.37163727020886,44.570374874175705,Yellow,Snow,1,-0.643589108,80,49,234.18045510975335,6.023436518525206,High
04-03-2024 21:00,40.69303074295781,-73.84358381,239,12.361668039236916,95.79951223002757,Red,Fog,0,0.49401916064790896,96,28,208.26005884294693,17.057054705886006,High
04-03-2024 21:05,40.72392661663477,-73.99562423,123,17.496078639479975,81.63075582747156,Yellow,Clear,0,0.6483898694023809,48,18,164.66891712174868,19.14881937927325,High
04-03-2024 21:10,40.71694142043171,-73.7317126,13,52.091049361841286,78.39310567396431,Yellow,Snow,0,-0.822989791,92,46,215.71940639164535,28.214129960357173,Medium
04-03-2024 21:15,40.838872686020466,-73.92449178,196,33.61982296189417,90.26983778078417,Red,Clear,0,-0.296986132,14,5,54.61294563224929,20.684684962030214,High
04-03-2024 21:20,40.65211265267165,-73.85676295,211,17.606825147813645,95.97642234065651,Red,Fog,0,0.6808050108064401,80,5,360.9332992932809,25.51063627633801,High
04-03-2024 21:25,40.88836105277352,-73.75140837,28,40.95602379750994,41.45082201272061,Green,Fog,0,0.47077394814362217,55,24,477.0905796015133,20.51958793874814,Low
04-03-2024 21:30,40.73037656858976,-73.77175933,242,69.55565328847466,26.73956606087561,Red,Fog,0,0.7129204925864727,48,45,186.98996276691884,9.441740194122698,High
04-03-2024 21:35,40.84822290229306,-73.91176498,96,46.095680864911465,68.06932134920265,Red,Rain,0,0.9008676154511668,39,39,102.27958924515423,29.06010425849318,Medium
04-03-2024 21:40,40.610274889300804,-73.79997907,202,19.373712607730184,34.99875117332401,Green,Clear,0,0.709538317,83,4,131.6093808191934,13.265836013229432,High
04-03-2024 21:45,40.75549180191737,-73.87532919,183,13.637299081457645,24.440039727384466,Red,Rain,0,0.3295418307516147,63,3,461.01899195464074,22.72219773309694,High
04-03-2024 21:50,40.611249042062674,-73.75298739,282,45.86982157253062,99.30680417757696,Green,Rain,0,-0.822007877,93,37,464.1809945611751,15.65990775283134,High
04-03-2024 21:55,40.645148956320796,-73.7550141,108,44.66147397,72.75545766512388,Red,Rain,0,0.5508916757189499,73,10,402.97189031488483,6.295075788005478,Medium
04-03-2024 22:00,40.76975447361955,-73.91430185,249,19.139369761186412,57.13926814026948,Red,Fog,0,-0.985679029,19,7,230.3241447605153,22.40721731,High
04-03-2024 22:05,40.770954763313824,-73.89076532,244,60.216394730784835,88.95841640298337,Yellow,Fog,0,0.2965547246641189,40,13,358.19777469375754,25.798286394752218,High
04-03-2024 22:10,40.788005953473466,-73.93757805,265,58.30301018193153,63.31338509248575,Red,Snow,0,0.5807866017318717,2,47,296.53291128233536,8.811489327101208,High
04-03-2024 22:15,40.792367139468894,-73.81354648,159,45.569666115115524,96.49368788953419,Red,Clear,0,0.8776443502242186,40,22,314.8864002988758,19.933263906237904,High
04-03-2024 22:20,40.86175238473402,-73.89328586,230,38.281404773183404,93.88642273887896,Green,Snow,0,0.779513702,78,35,437.20301443917106,14.827140837572127,High
04-03-2024 22:25,40.73348874018689,-73.77230628,167,59.03629126700874,97.94822631318576,Yellow,Clear,0,0.3338177885744773,45,17,471.7627739392133,28.885652443396044,High
04-03-2024 22:30,40.63624321697112,-73.76031526,253,51.60033643643789,88.38878543,Green,Rain,0,-0.531533814,25,3,121.56312685627253,22.09645231494752,High
04-03-2024 22:35,40.868434718894925,-73.95142737,99,17.06713705761733,92.18100741581978,Red,Clear,0,0.4442534351049048,68,7,362.0495026549855,19.280619907229216,High
04-03-2024 22:40,40.86328244261038,-73.74171414,94,44.968336807819185,73.93087514155786,Green,Fog,0,0.6350933362070279,32,30,181.8784719209239,26.374011014172893,Medium
04-03-2024 22:45,40.85048798186536,-73.74342126,101,58.21453715840011,74.05708198581668,Green,Clear,0,-0.586552204,46,48,297.79040271093527,16.54798981617182,Medium
04-03-2024 22:50,40.616940282838364,-73.99623757,10,56.70396782462266,14.510168016523894,Yellow,Rain,0,-0.693264664,43,3,222.43304053906766,8.30225317,Low
04-03-2024 22:55,40.65825492438487,-73.82703604,144,68.11351409,97.55810704870892,Red,Rain,0,0.4036735700996379,3,9,231.13307883165788,10.690706098186768,High
04-03-2024 23:00,40.80738055131434,-73.96238432,82,35.62701726923051,85.27808647915431,Yellow,Clear,1,0.13374699627027686,9,35,461.74401480477525,9.544834685180195,High
04-03-2024 23:05,40.609600934581096,-73.77194215,68,64.47880591910894,79.94979162192541,Red,Fog,0,-0.935913993,49,21,65.30271812969599,9.962242669229287,Medium
04-03-2024 23:10,40.899710717821954,-73.85446542,267,36.70871708222032,88.61994534315606,Yellow,Fog,0,0.008231224,98,15,199.9275372597834,23.923954596859907,High
04-03-2024 23:15,40.88689684376616,-73.77441006,187,36.26648438095994,76.33368539472633,Yellow,Fog,0,0.066718252,93,33,154.95360997356033,19.969951433496377,Medium
04-03-2024 23:20,40.64427976,-73.88425182,91,5.308951206392372,90.62114278812126,Green,Fog,0,0.4010559108362255,34,40,487.1233118153256,22.95819717,High
04-03-2024 23:25,40.756525747119404,-73.98797496,283,21.756678532281505,47.994095074833645,Green,Snow,0,0.3096554783917471,49,16,456.54686600804354,15.054715165348213,High
04-03-2024 23:30,40.86287208603635,-73.74297367,42,35.40018000210494,19.27307360795311,Yellow,Rain,0,0.2546212296791228,51,44,340.48495775368986,29.860019536643236,Medium
04-03-2024 23:35,40.8291984,-73.9790842,252,74.91504283692413,51.82017195350337,Green,Fog,0,-0.375057006,74,0,56.83405920786367,18.371598847418767,High
04-03-2024 23:40,40.874003716850794,-73.75020215,45,68.89638842261836,53.996565990122214,Red,Rain,0,0.2669930506357998,14,41,82.68316336329528,19.801893041225718,Medium
04-03-2024 23:45,40.65441790897843,-73.99561372,51,15.264057815577637,26.301830785503817,Yellow,Clear,0,0.8857341028256354,62,2,102.68464254412737,11.386561777885897,High
04-03-2024 23:50,40.631328205293045,-73.76020649,119,50.505556336860465,81.39681211993262,Red,Rain,0,-0.703369404,2,13,351.3697283,20.18337031159146,High
04-03-2024 23:55,40.842075346374926,-73.91307548,212,53.156262571895745,96.12165759957306,Red,Snow,0,-0.374643742,37,0,427.14070532858193,10.981512287125963,High
05-03-2024 00:00,40.71078634480485,-73.77791675,255,23.129733600382487,33.08811082998948,Yellow,Snow,0,-0.280020585,48,22,196.37717996596743,17.066973456926927,High
05-03-2024 00:05,40.710686462125004,-73.72582804,10,50.23440741515478,10.213371028144275,Green,Snow,0,-0.522948429,42,10,258.87545484032734,21.31960793578292,Low
05-03-2024 00:10,40.73701008358658,-73.88162905,50,46.57433531872252,58.97518247439491,Red,Snow,0,-0.032336909,23,32,451.49903118814547,28.845501875132705,Medium
05-03-2024 00:15,40.806207631770434,-73.93054682,119,48.15500349850552,97.29877009,Yellow,Rain,0,-0.475173534,75,6,452.52878384629935,23.001385435873356,High
05-03-2024 00:20,40.62015715503368,-73.74576155,162,77.42283887,28.596458962242274,Red,Fog,0,-0.304716877,66,48,263.0295963173527,24.790265058223113,Medium
05-03-2024 00:25,40.682830219205144,-73.95720912,104,19.316403027432862,65.59111502001713,Yellow,Clear,0,0.080448211,43,0,53.12016657270793,27.226352802957635,High
05-03-2024 00:30,40.71666388260982,-73.98767238,28,9.123860999304776,47.462655880416726,Yellow,Fog,1,0.24492866367107613,86,41,304.6585152032704,11.15773865516572,High
05-03-2024 00:35,40.7051839,-73.84307181,148,33.35516490781943,54.564839586062305,Yellow,Rain,0,-0.016010923,22,14,306.72804757904987,14.32614668919897,Medium
05-03-2024 00:40,40.882973047151665,-73.94610346,172,34.514284281341084,51.02910092391171,Red,Rain,1,-0.21765046,99,1,130.2738549373786,24.563489018239586,High
05-03-2024 00:45,40.72627974864519,-73.76531982,259,28.169297086084672,11.824812489532611,Yellow,Rain,0,0.9450045483881329,52,40,125.98827644660243,12.114944835999012,High
05-03-2024 00:50,40.65301752362903,-73.80270586,279,41.970126225975996,85.49587266180593,Green,Snow,0,-0.173752526,24,11,81.05253749015696,15.83028003,High
05-03-2024 00:55,40.68629101387483,-73.99557618,75,31.51624728,81.31115938999149,Yellow,Snow,1,-0.237397,47,24,374.1415423603662,5.701583837669645,High
05-03-2024 01:00,40.720593803695294,-73.74669277,163,69.14274535,91.00094500686106,Green,Snow,0,0.6543050675328532,8,29,75.36920523063867,13.066426744787384,High
05-03-2024 01:05,40.733145248637214,-73.70812329,120,62.416528022476335,91.45545207416878,Yellow,Snow,1,-0.321141103,95,16,240.13686851500577,21.98176817710365,High
05-03-2024 01:10,40.836641396957006,-73.90989118,295,73.24810396,17.353916510088574,Yellow,Fog,0,0.4462661993334911,76,16,154.57795149592084,17.513218306957025,High
05-03-2024 01:15,40.75600395061693,-73.91213657,64,70.19946630724147,63.36657529656659,Red,Snow,0,-0.532330922,70,32,251.6014489361935,28.67365958728338,Medium
05-03-2024 01:20,40.88707296250567,-73.90902753,28,59.79172629899409,27.75128019178445,Red,Rain,0,0.575248845,19,12,180.48490030068726,5.814325466614937,Low
05-03-2024 01:25,40.81286740731948,-73.85546932,240,71.72037176311647,51.827313493013605,Red,Rain,1,-0.104171419,62,14,415.9720848736581,26.760750365021885,High
05-03-2024 01:30,40.75936567241292,-73.85476668,183,53.65963784176086,58.200122709923754,Green,Rain,0,0.8103520115615219,54,43,160.79046280426763,7.839597643081035,Medium
05-03-2024 01:35,40.63148371188834,-73.71118302,68,15.20057334,57.96413681457639,Yellow,Fog,0,-0.940397873,89,23,414.7084590554016,18.045501650855797,High
05-03-2024 01:40,40.63975645639703,-73.80902977,274,58.66834973597319,88.89551477,Red,Snow,0,-0.66138562,1,38,303.48322970774063,14.684620093571686,High
05-03-2024 01:45,40.63361844106371,-73.8464211,71,40.62526990408804,10.100182586570538,Yellow,Clear,0,-0.481773732,99,34,310.2146969256437,5.479532229198595,Low
05-03-2024 01:50,40.61289916521708,-73.85855402,76,9.475804656665215,90.96031094847287,Green,Rain,0,0.9836696991118639,87,11,100.34694520674316,26.85351993102594,High
05-03-2024 01:55,40.724741638140216,-73.90448021,272,17.27703109,64.10419699219577,Green,Fog,0,0.8136648662331458,61,24,269.9494036164731,25.702853801605407,High
05-03-2024 02:00,40.61410980394702,-73.72100382,165,54.04397320665437,13.825994685058498,Yellow,Rain,0,-0.178948631,85,46,64.33260562162631,21.59026630037583,Medium
05-03-2024 02:05,40.87617038988243,-73.82674823,107,55.62514024,71.65269039,Yellow,Snow,0,0.587080804,53,18,484.5763875443213,27.728459250994458,Medium
05-03-2024 02:10,40.72121770237229,-73.97768162,259,20.82024586503374,71.22080068933228,Red,Clear,0,-0.556606629,92,11,85.58975938535144,22.26437464,High
05-03-2024 02:15,40.72233941398236,-73.80579854,36,48.090323173316484,45.668848755890146,Green,Fog,1,-0.865475026,41,6,172.06465946178324,23.991269626335686,High
05-03-2024 02:20,40.89051547160793,-73.79625574,83,58.55124961975067,85.68454826171758,Yellow,Clear,0,0.580861453,84,1,352.54200169285855,22.078213245847888,High
05-03-2024 02:25,40.85446471204429,-73.86668941,74,75.38320425471572,22.415617397976213,Yellow,Fog,0,0.45592971160813356,83,35,444.7110399389758,8.021240171453377,Low
05-03-2024 02:30,40.86555017088442,-73.91527328,299,23.867880773608263,78.45988109665149,Green,Fog,0,0.17171225123252976,11,16,190.61875442501142,19.418495179826177,High
05-03-2024 02:35,40.83254833665084,-73.91501431,171,62.64612109754252,53.98845670895363,Red,Clear,0,0.15780038037972322,27,49,293.15163020406567,10.094851845200946,Medium
05-03-2024 02:40,40.766135729370056,-73.75305804,28,7.163770374814389,18.118362733057975,Red,Fog,0,-0.054600435,4,19,54.853593002080906,23.111615955391397,High
05-03-2024 02:45,40.89224174682201,-73.97379766,49,30.096433247567763,35.310557799580195,Green,Rain,0,0.1521926490604355,48,40,242.40952654678915,15.276023982566668,Medium
05-03-2024 02:50,40.77251973448591,-73.70544897,211,36.13191052443795,71.53610227,Green,Snow,0,-0.916209319,88,27,338.63075906996943,23.257522397016253,High
05-03-2024 02:55,40.73429684508077,-73.89899491,281,72.43345898724503,42.86304366992942,Yellow,Snow,0,-0.484043378,62,19,318.84541293059584,28.173869212179767,High
05-03-2024 03:00,40.87589796309243,-73.74296909,265,29.021061053773437,70.70651142472187,Yellow,Rain,0,-0.178662478,39,12,374.5105905344674,19.209087799606507,High
05-03-2024 03:05,40.840260251808346,-73.87847826,138,41.948839923358314,64.46986860610583,Red,Clear,0,0.3322379704215883,37,2,277.0461678721822,24.30820223873662,Medium
05-03-2024 03:10,40.851912261759395,-73.91561281,206,79.38690525294776,78.77118263647604,Red,Rain,1,-0.559658745,6,33,337.25446234935515,25.961216101728564,High
05-03-2024 03:15,40.75548575334792,-73.92886464,106,71.16711918783949,81.53763146701621,Yellow,Snow,1,0.5525401453183225,82,25,339.05765033918897,11.148920750517206,High
05-03-2024 03:20,40.61944724368625,-73.85843478,132,14.006897976572473,94.72157088035088,Yellow,Fog,0,-0.544642461,84,30,393.8855961334588,23.46980969302307,High
05-03-2024 03:25,40.67317818353294,-73.98937538,259,60.37496857020508,33.61374605432374,Red,Clear,0,0.649885461,98,45,460.81316630617175,11.123177400097157,High
05-03-2024 03:30,40.65779344338156,-73.89825882,285,30.71655633629115,80.40083952585356,Red,Clear,0,-0.487146486,24,40,426.83475913724504,29.443362503595466,High
05-03-2024 03:35,40.700651823251235,-73.75420847,226,75.81537993191952,29.488099355371812,Green,Rain,1,0.035039648231409926,20,45,59.86987454493558,17.012266715820296,High
05-03-2024 03:40,40.69644141,-73.98307264,24,17.804800450347003,79.79096546,Red,Clear,0,0.7430276956223958,50,37,310.9810284899973,28.14037398262889,High
05-03-2024 03:45,40.611346832829064,-73.96163169,297,16.65471496735816,47.273881272171266,Green,Fog,0,-0.812654541,25,3,267.7844819257117,14.132574008413863,High
05-03-2024 03:50,40.728673326429984,-73.83811645,74,12.523140004632904,49.58356449500048,Red,Clear,0,0.6682558777208079,60,27,270.97251691176393,12.013566562143462,High
05-03-2024 03:55,40.704676124189874,-73.83755062,276,75.93471686,55.76141410063734,Red,Snow,0,-0.190276306,78,7,188.79632057291772,18.563408328068288,High
05-03-2024 04:00,40.648719085981554,-73.71071245,116,26.954298352247264,10.089652642243912,Red,Rain,0,-0.241202516,98,44,259.30917209368556,21.049179901973034,Medium
05-03-2024 04:05,40.622786109474134,-73.86511801,71,74.92589082150516,90.93194491285212,Yellow,Clear,0,0.1271381552540991,65,28,316.9892539717158,27.490712159559763,High
05-03-2024 04:10,40.78615576591819,-73.78244649,156,33.07738352250175,42.71354614324622,Green,Clear,0,0.6576705077580727,87,10,249.7698350398371,5.622356433874471,Medium
05-03-2024 04:15,40.797338233335665,-73.84776943,168,25.278700170372133,92.40192153580372,Red,Clear,0,0.013206011139891505,67,41,159.10747710387037,13.637894427805163,High
05-03-2024 04:20,40.60165269573132,-73.93973748,128,70.67097196,42.603109199018846,Red,Fog,1,-0.249257037,90,32,329.2236521068259,27.883924642068354,High
05-03-2024 04:25,40.81915314461404,-73.77517343,115,61.292671269828126,51.47608083965633,Green,Snow,1,0.1070566099231598,3,37,151.64731691142205,29.335391291815693,High
05-03-2024 04:30,40.802047280360114,-73.72360096,219,66.39280153407174,87.73231195,Red,Clear,0,0.9358584322468797,85,36,109.03001382479198,16.117427858195413,High
05-03-2024 04:35,40.60630251142723,-73.90983246,55,69.53456815,84.21767909,Red,Rain,0,-0.656858417,50,25,61.110683951180334,29.92700315969018,High
05-03-2024 04:40,40.88644679927779,-73.95310645,190,41.420639076978894,57.13345459294792,Red,Snow,0,-0.520890707,31,43,319.51821793201196,14.00447023739512,Medium
05-03-2024 04:45,40.65015062572174,-73.79057881,60,8.418055098547601,12.801335395702935,Yellow,Fog,0,0.7968572061432655,39,26,55.31344296559354,28.803421484396807,High
05-03-2024 04:50,40.76312330348826,-73.96097529,82,58.97433564043241,25.47847162790585,Red,Snow,0,-0.693745036,23,1,109.18050736088642,17.74212086904957,Low
05-03-2024 04:55,40.67035411592584,-73.8757104,87,37.87706809284538,69.80868103822964,Green,Rain,0,-0.777659139,72,5,317.43907280698113,21.98443969695076,Medium
05-03-2024 05:00,40.81306380992648,-73.99299608,236,61.13514512331797,36.90603177440677,Red,Clear,0,0.9038659622612077,15,30,427.63634018562817,25.933122493342616,High
05-03-2024 05:05,40.77110615245468,-73.90384673,62,19.358020113460512,34.72130059,Red,Clear,0,0.11280293062773938,25,34,80.41196577796958,19.677698493210357,High
05-03-2024 05:10,40.72553245106102,-73.75018917,288,74.49950407456558,22.938206839395946,Green,Snow,0,0.7258565998458364,39,22,281.0688199243409,28.627968618584745,High
05-03-2024 05:15,40.70282315063176,-73.75727243,244,9.062746351183963,56.51528427012841,Red,Fog,0,-0.957615691,19,17,70.95587436034671,26.191316231496234,High
05-03-2024 05:20,40.89382858287567,-73.80549965,52,6.304276629501971,88.09022945366489,Red,Rain,0,0.6509041942361249,87,5,496.73066202936644,22.558598516687862,High
05-03-2024 05:25,40.85163378,-73.90842955,116,49.08636219936675,35.42664962020553,Green,Clear,0,-0.81067502,85,24,85.16072185483489,13.139514936004375,Medium
05-03-2024 05:30,40.679650569736445,-73.88927546,43,47.79797593769045,60.856019762995416,Yellow,Rain,0,0.5944798548628909,2,26,169.8412159046644,13.122457552802679,Medium
05-03-2024 05:35,40.794907681810095,-73.75343779,226,72.13110058309289,66.03773492904588,Yellow,Snow,0,-0.032848892,77,13,478.4561473348881,23.95198801132151,High
05-03-2024 05:40,40.70829188490812,-73.99027724,208,20.836002672203193,95.53686498121093,Red,Rain,0,-0.270808038,45,7,190.98831380389336,13.918912152216087,High
05-03-2024 05:45,40.827477030007564,-73.73922777,132,60.893596578921546,14.896110131180356,Red,Snow,0,-0.951996612,94,10,133.34771022914424,24.283830727843903,Medium
05-03-2024 05:50,40.89279375613414,-73.86348393,236,51.82457519203383,10.524715408122837,Yellow,Clear,0,0.545211013,29,42,192.28912869461652,29.112828454626904,High
05-03-2024 05:55,40.725095212785455,-73.7007463,282,13.173629232182552,70.58433803035652,Red,Rain,0,-0.743439359,20,34,292.94850941799245,29.46927209168916,High
05-03-2024 06:00,40.63369444741241,-73.76380325,215,44.37902906654746,21.962139152710233,Green,Clear,0,0.22162580889152017,73,30,134.67186441927817,11.027322147087816,High
05-03-2024 06:05,40.868090859662466,-73.86972797,186,76.37739548752187,51.088682649477704,Green,Snow,0,-0.947531952,51,8,435.7821561276163,22.690289777667665,Medium
05-03-2024 06:10,40.74641284,-73.71398054,133,33.92057877879236,35.19350088538512,Yellow,Clear,0,-0.094415889,93,49,196.8224639995677,16.257987778921162,Medium
05-03-2024 06:15,40.60205232,-73.95802922,187,48.163059037855234,37.563263728008565,Red,Clear,0,0.7300264297985701,23,6,160.94059399403284,25.588179558194405,Medium
05-03-2024 06:20,40.88319235825621,-73.76548424,282,27.59735478941729,41.85069241,Yellow,Fog,0,-0.822484499,69,0,209.78272960456442,20.142509711297272,High
05-03-2024 06:25,40.749928797811826,-73.75861724,256,53.05418982178362,51.58475403337872,Yellow,Rain,0,0.5459967218525656,56,22,120.61075264818543,17.200647768594724,High
05-03-2024 06:30,40.84701703,-73.75318893,34,26.20132842652647,88.38094726588902,Red,Fog,0,0.942454031,81,11,293.1029204348778,13.522416618458681,High
05-03-2024 06:35,40.68638182271325,-73.9148237,24,60.02710545223954,87.09223738,Yellow,Clear,0,-0.14092918,47,42,419.1012313894279,8.615660169184064,High
05-03-2024 06:40,40.72992233459802,-73.99319065,259,60.314182697240966,37.56210527494518,Red,Clear,0,0.6087946237752897,68,37,307.89595193204786,17.51361231745681,High
05-03-2024 06:45,40.651820984526346,-73.75982472,179,58.817519614142405,79.08361330685068,Yellow,Fog,0,-0.539550633,33,43,374.60973666679575,19.465319528094135,Medium
05-03-2024 06:50,40.62038077625211,-73.79610706,47,71.87218226248835,16.289666055055974,Green,Snow,0,-0.397796065,23,28,239.02015494038642,29.50474632,Low
05-03-2024 06:55,40.71391413021778,-73.74426879,294,21.481951969219104,37.24214981326875,Yellow,Rain,0,0.2313690287663972,61,34,482.65179672397414,21.12686791476682,High
05-03-2024 07:00,40.80909576593763,-73.93660425,247,61.83791995517859,80.25566227063739,Red,Clear,0,0.2773131016871513,43,10,497.20369854006384,11.786625884001834,High
05-03-2024 07:05,40.73240738208883,-73.81763152,265,30.411398191961528,94.55790613492097,Yellow,Fog,1,-0.204559347,8,7,52.797911708285206,22.130593084910977,High
05-03-2024 07:10,40.81604477964145,-73.94551292,221,56.87284398306578,34.19962508475096,Green,Rain,0,0.786378948,58,17,305.9728769335504,13.309893213889572,High
05-03-2024 07:15,40.83140304739587,-73.99415786,123,65.15256346514661,73.60380465805545,Green,Clear,0,0.6276920044658976,44,40,123.49402326239313,7.73017739,Medium
05-03-2024 07:20,40.782583907663756,-73.71778459,40,51.58710230980767,71.34985589232012,Red,Clear,0,-0.395771557,31,22,264.30099320361853,29.267016120453782,Medium
05-03-2024 07:25,40.68232973887337,-73.70448491,252,10.944473993774002,34.63926311697551,Yellow,Rain,0,-0.687742628,66,41,93.99670517174286,18.590701322852755,High
05-03-2024 07:30,40.61963669818677,-73.95881153,199,13.52369276346211,47.84938332592701,Green,Rain,0,0.4844980622384152,69,29,448.23146860024406,20.384379155469418,High
05-03-2024 07:35,40.64080098477391,-73.76311306,213,47.03134710799859,38.47214304927785,Yellow,Fog,0,-0.364491241,86,37,278.35572005054746,23.584368891340276,High
05-03-2024 07:40,40.82111223208222,-73.992559,158,39.105243648829926,84.32323454367638,Yellow,Snow,0,0.7559754906834713,39,6,227.6442805114072,22.957756220614794,High
05-03-2024 07:45,40.867201910765985,-73.89720693,176,34.786152623237754,46.523881293776505,Green,Fog,0,-0.92215601,72,41,363.22189408061473,9.596965980658442,Medium
05-03-2024 07:50,40.87016303460789,-73.91708332,68,57.543450167469665,14.691746427225874,Red,Clear,1,-0.742683301,82,13,63.20614643235763,19.37510177471953,High
05-03-2024 07:55,40.64385699555463,-73.74452711,67,51.426032430158884,88.44887678532773,Green,Clear,1,0.4300407019929253,86,35,319.49005745054956,15.936426625944362,High
05-03-2024 08:00,40.88275374,-73.99273679,154,34.47823143293127,79.60536060822692,Yellow,Fog,0,0.074315895,77,0,50.61529946795112,28.071230046557446,Medium
05-03-2024 08:05,40.709365907236354,-73.88358328,157,7.597875074695924,20.542308034196548,Yellow,Rain,0,0.095993845,55,43,260.64070093517176,17.34777736907896,High
05-03-2024 08:10,40.85955175832747,-73.8674562,294,43.612667892962975,65.94245232526472,Red,Snow,0,0.34386841712340455,5,23,127.1515816212449,10.27149241252216,High
05-03-2024 08:15,40.743266733387166,-73.9507776,226,45.58021000928184,87.44090446918834,Yellow,Snow,0,0.11722033148543431,63,42,108.12365086584505,25.586739385213594,High
05-03-2024 08:20,40.87416233,-73.91525528,182,29.581465340243145,44.3106135,Red,Snow,0,-0.379754632,51,20,281.2407229047669,28.827603521028344,Medium
05-03-2024 08:25,40.89611375673864,-73.75277751,98,60.45618633371448,19.23732876539696,Green,Rain,0,0.6071559677859009,84,4,425.51855378114317,28.418082169388587,Low
05-03-2024 08:30,40.89933445684036,-73.84283126,50,49.06619812,17.920548928381887,Green,Fog,0,-0.878458877,18,25,153.49722787464646,23.329227816294026,Low
05-03-2024 08:35,40.781679306855395,-73.77433652,75,22.02378535201369,54.58105214,Green,Rain,0,-0.878917956,27,34,475.4502283413006,16.893414930278276,Medium
05-03-2024 08:40,40.61857809668571,-73.76072934,199,22.31680473483775,85.82966835373833,Green,Fog,0,-0.036705667,46,10,386.05450948783465,25.929898325531134,High
05-03-2024 08:45,40.741587475667345,-73.7588105,118,24.04538356,83.76972204,Yellow,Rain,0,0.116914926,67,45,125.06635277236828,19.521440899400595,High
05-03-2024 08:50,40.75628215816757,-73.73713715,270,51.10659772,62.910766109607266,Green,Snow,0,-0.566868818,82,5,175.71817709656747,9.399153025,High
05-03-2024 08:55,40.62902656616181,-73.72006637,289,30.822805534180244,32.51372539647615,Green,Snow,1,-0.540884484,19,0,387.3992523146864,18.58720684,High
05-03-2024 09:00,40.82104251472183,-73.94205204,133,76.0970966,81.44936873811935,Red,Rain,0,-0.405536973,50,11,463.76947948722386,25.25056027486597,High
05-03-2024 09:05,40.78040294705628,-73.94259567,116,18.91017919329323,60.364286651941335,Yellow,Fog,0,0.36678455254477615,97,35,328.2510872,17.120863324312314,High
05-03-2024 09:10,40.71826942590103,-73.87641626,184,42.14609869509337,49.056153139444646,Yellow,Clear,1,-0.428929088,58,2,116.37255215481109,17.629972968978166,High
05-03-2024 09:15,40.73849910144393,-73.98428982,255,34.81450159297316,45.27836042713245,Yellow,Fog,0,0.591581692,41,15,229.38626518347286,22.308279723131008,High
05-03-2024 09:20,40.73502407055934,-73.96013888,78,75.45476532367651,92.98454794383353,Yellow,Fog,0,0.9591730689627092,96,41,285.74208181924536,14.590534819771634,High
05-03-2024 09:25,40.739406283992565,-73.91554633,140,39.50568182149979,53.64808412781654,Red,Snow,0,-0.302641938,21,18,63.03901993603336,19.556105431443783,Medium
05-03-2024 09:30,40.69726383239961,-73.90254983,283,67.98478086233932,15.631130801048561,Green,Fog,0,-0.630879123,86,32,268.1162572438109,17.393880932213946,High
05-03-2024 09:35,40.79493761097051,-73.87740637,87,42.46265079234769,73.73754655996139,Green,Snow,0,0.7350461354791111,25,3,313.70707370202786,20.802357695691477,Medium
05-03-2024 09:40,40.78761445456899,-73.74201208,28,53.111155414003576,30.220057552629534,Green,Clear,0,0.5844069430677634,74,22,136.92700574456111,8.953911918141989,Low
05-03-2024 09:45,40.714955505094494,-73.75896674,112,20.42669394625684,38.02656057593345,Red,Rain,0,-0.004411385,31,37,276.5713286181352,20.951737350342874,Medium
05-03-2024 09:50,40.60588194192476,-73.96434501,31,74.78816221,70.42898901256748,Green,Clear,0,0.8191719858287916,74,26,259.70600467424043,16.60320213942832,Medium
05-03-2024 09:55,40.722951414630664,-73.99725497,16,75.07502518253764,82.20718584959165,Yellow,Rain,0,-0.15721186,93,7,107.30871100859494,28.10980158646533,High
05-03-2024 10:00,40.620722979041815,-73.81810559,246,22.928005601329403,32.58859967299772,Yellow,Fog,0,0.34183602822180115,34,42,275.9703868981161,14.84293937604946,High
05-03-2024 10:05,40.875744985107396,-73.86748327,190,53.77216730967564,70.04241275692466,Yellow,Snow,0,0.9316200187125236,43,26,236.5030578850198,24.080621114483368,Medium
05-03-2024 10:10,40.66032179281441,-73.77274889,203,51.46489857223181,11.908977094498011,Green,Fog,0,-0.745301715,87,29,471.1105617823785,16.34925588471628,High
05-03-2024 10:15,40.74480677038583,-73.85351676,220,18.357095687386412,32.27876641497522,Yellow,Snow,0,-0.705542293,6,18,144.8959084283897,18.320954232266114,High
05-03-2024 10:20,40.87967864079603,-73.99785006,49,52.63960908324703,93.65354840879041,Yellow,Snow,1,-0.758797207,91,23,114.66287129622407,26.622417041533215,High
05-03-2024 10:25,40.779248494611245,-73.86099677,146,39.765919182099594,50.80650225443877,Red,Fog,1,-0.40898547,22,32,141.37220391478257,29.636906366403714,High
05-03-2024 10:30,40.867883431988425,-73.7705941,120,71.14122032611236,99.44763102027926,Green,Fog,0,-0.115372819,4,25,175.34147285026003,6.052994545864772,High
05-03-2024 10:35,40.88485322828948,-73.79087773,119,39.934429257287796,72.68275476622186,Yellow,Rain,0,0.2504540457858506,53,43,180.6666724436009,26.707960579977282,Medium
05-03-2024 10:40,40.80132056152023,-73.76169936,222,60.76854881133243,86.35701364,Red,Fog,0,-0.254643673,40,24,69.7379061,7.873178708025878,High
05-03-2024 10:45,40.74145789006973,-73.80854039,193,56.17080635866241,68.42915600211735,Green,Snow,0,0.1592179994565821,26,24,173.65887298346564,21.732092982640076,Medium
05-03-2024 10:50,40.64471353248666,-73.9216077,11,57.167634643062655,17.68517619,Red,Clear,0,-0.70252415,53,22,139.4059384669958,10.682747779564401,Low
05-03-2024 10:55,40.71161019354333,-73.84622773,88,79.03602170987149,58.09619819826334,Red,Snow,0,-0.999513869,79,43,103.1681516018712,20.438043763646245,Medium
05-03-2024 11:00,40.88158856655865,-73.83601207,204,8.289248748535826,99.46862489083853,Red,Clear,1,0.6244644497957255,17,6,243.75071811823608,25.89273589109956,High
05-03-2024 11:05,40.78950310295289,-73.94220778,185,51.76810071007291,16.142015600745346,Green,Rain,0,-0.853214561,48,41,465.7980550866514,17.461176036314313,Medium
05-03-2024 11:10,40.739602349983976,-73.73097716,128,50.19880966563906,54.119559529104535,Yellow,Fog,0,-0.948968395,79,33,177.62033398380345,15.674388956805442,Medium
05-03-2024 11:15,40.81748675673585,-73.77408236,168,79.57119639448597,51.285742796761404,Red,Snow,0,0.5350588783734211,95,34,142.32255320790628,28.75963766381556,Medium
05-03-2024 11:20,40.893761633453174,-73.80681423,236,11.795294764717493,32.992535417871096,Yellow,Clear,0,-0.943624528,63,5,207.96346667253175,16.00528552255325,High
05-03-2024 11:25,40.895109667964995,-73.79983091,267,9.233086667932302,77.78215366313721,Green,Clear,0,-0.310923968,3,3,366.50442736112683,7.357477250420792,High
05-03-2024 11:30,40.88263378346842,-73.84915526,93,65.90729074419198,82.12658581551656,Green,Snow,0,-0.162442162,67,38,334.23765114927215,16.077208785930168,High
05-03-2024 11:35,40.84699240892729,-73.73264753,276,44.73143472561245,34.560200787945604,Yellow,Rain,0,-0.367199726,60,21,136.80445631731527,15.844253832151216,High
05-03-2024 11:40,40.62032219364212,-73.74733851,258,32.740168292195435,32.09187622723008,Yellow,Rain,0,-0.708125997,88,22,156.82616277771768,8.217409218417464,High
05-03-2024 11:45,40.62559900297047,-73.98269718,190,30.55185149393018,44.74376008491243,Yellow,Rain,1,0.076065838,1,35,375.26096976688154,22.305483429532416,High
05-03-2024 11:50,40.73887066999918,-73.79685006,221,35.705855111785986,59.31303067695339,Green,Rain,0,0.5885312251023429,85,45,457.16125380792283,10.829102863674866,High
05-03-2024 11:55,40.708936307809914,-73.90292358,246,44.41162359041357,29.341763977745163,Red,Snow,0,-0.754654252,25,32,364.03567817013226,12.55701951444556,High
05-03-2024 12:00,40.72338242358338,-73.82275129,285,72.01328717328772,54.36325419896179,Red,Rain,0,0.063197942,20,9,359.59728481857644,6.092743814069697,High
05-03-2024 12:05,40.85239378,-73.9079849,31,71.78087125587878,29.934958628512096,Red,Snow,0,0.3056121477986673,83,17,342.84258527357593,27.034973387016144,Low
05-03-2024 12:10,40.78717251862725,-73.97914832,298,11.07677391431497,64.67303199870486,Yellow,Rain,0,0.4957493144823808,26,32,355.1635339058676,6.907206828257274,High
05-03-2024 12:15,40.88622157719577,-73.88069235,233,33.09226624491579,42.96823852397279,Red,Snow,0,0.9712482236046722,83,14,276.2865313882156,25.840290721069355,High
05-03-2024 12:20,40.69262450623801,-73.77451443,145,48.595484176464765,99.15756315286657,Green,Snow,0,-0.959223515,71,18,266.5239236435252,14.995801449650637,High
05-03-2024 12:25,40.760289972123864,-73.97979536,214,37.294285729951376,70.84979136992409,Green,Clear,0,0.730987133,99,21,463.7017678606352,15.371041679102753,High
05-03-2024 12:30,40.87658991,-73.79030183,252,60.10296756178834,13.978944456055704,Red,Fog,0,-0.386157714,79,38,358.9518313060495,22.86499107822336,High
05-03-2024 12:35,40.699337012575526,-73.77180638,192,55.06679431451665,39.40127649012485,Yellow,Fog,0,0.5463505956795898,71,47,53.10329622525492,5.918429486708708,Medium
05-03-2024 12:40,40.82696442126047,-73.7160612,189,42.05337744,75.88048445773057,Yellow,Fog,0,-0.286831561,93,12,144.09486506082413,23.44748267104726,Medium
05-03-2024 12:45,40.774525458036784,-73.88969487,33,19.38967534,22.110222125796653,Red,Fog,0,-0.510768721,39,40,427.5242220938309,9.437291800485369,High
05-03-2024 12:50,40.89616078119616,-73.86755873,223,31.27827699007335,32.082981661951926,Yellow,Clear,0,-0.618844252,64,33,426.29410903257417,17.25630472015986,High
05-03-2024 12:55,40.79273609039929,-73.93841172,284,8.079006233624662,19.020991394360895,Yellow,Snow,0,-0.492882983,65,32,187.40325117559908,17.595761890388513,High
05-03-2024 13:00,40.61181618930338,-73.89240804,47,32.088481681315116,71.77709408121265,Red,Snow,0,0.19256755118696667,43,16,336.8555111635603,17.403023365545273,Medium
05-03-2024 13:05,40.73732526132733,-73.8798826,128,49.34468553494139,70.69117459514439,Yellow,Clear,0,0.042421414895759346,45,23,337.37420265289364,7.980191095298751,Medium
05-03-2024 13:10,40.73072560373036,-73.73217654,15,44.812569108981535,91.29286278155288,Green,Clear,0,0.5806474422993808,48,10,299.8821239401895,20.602994198649057,High
05-03-2024 13:15,40.646023218041634,-73.79882378,140,28.887684010909418,24.99037532384819,Yellow,Fog,0,-0.088805546,93,41,172.65474470801388,22.236479234815643,Medium
05-03-2024 13:20,40.89193184700817,-73.933315,120,73.70693995647599,24.21485444826027,Green,Snow,0,0.9018396557296553,43,38,341.7534083746826,22.66045687,Medium
05-03-2024 13:25,40.87377536352497,-73.91501222,71,9.397891643655115,29.856993272584017,Red,Snow,0,-0.949270848,81,20,430.75337415462275,19.10047131099078,High
05-03-2024 13:30,40.86147579,-73.92850591,158,35.80050159527978,91.18713855515146,Red,Rain,1,0.2626170204205194,95,10,273.30139464920455,14.02688178613701,High
05-03-2024 13:35,40.84183792962932,-73.75662439,207,72.12367711603257,61.00300956201192,Green,Snow,0,0.856905068,19,38,148.82359134772105,28.26346243352378,High
05-03-2024 13:40,40.677442968007355,-73.90750954,160,20.98677021581493,10.924648630017805,Yellow,Clear,1,0.4446407150324132,52,21,78.24104351755997,27.476674281186995,High
05-03-2024 13:45,40.68536079342623,-73.75969081,90,64.50176004472473,77.23546848253613,Green,Snow,0,-0.773158854,95,37,400.02725128849886,23.513069971852723,Medium
05-03-2024 13:50,40.77197013976901,-73.8041223,230,68.25138048840986,67.40637905427113,Green,Clear,0,-0.057325298,97,13,339.1185732754786,20.987141839158472,High
05-03-2024 13:55,40.61899470354888,-73.90324108,161,39.27606297568198,80.02010523061892,Red,Rain,0,-0.817966647,92,13,235.03230232742274,24.908284989684834,High
05-03-2024 14:00,40.60182924,-73.74853912,31,51.309151546185376,12.149419983174656,Red,Rain,0,-0.786183534,73,12,450.7471673581641,23.06525530887812,Low
05-03-2024 14:05,40.64734747420125,-73.9382701,183,16.67277693134274,69.61488680369695,Green,Clear,0,-0.423318492,73,31,174.8272856433648,20.396505482456288,High
05-03-2024 14:10,40.750161265981404,-73.94336506,271,13.566436176560865,28.322999920529202,Yellow,Clear,0,-0.284231299,72,14,297.27028376232806,14.798541832948922,High
05-03-2024 14:15,40.79220666475208,-73.88827067,28,25.135084113067624,21.50222934736737,Green,Fog,0,-0.999818917,71,41,303.01639754958796,25.998450685496003,Medium
05-03-2024 14:20,40.78771877,-73.8374626,201,62.48815625612042,94.56515409100848,Red,Rain,0,0.8896478751843115,88,43,330.44672562654233,15.702338160581185,High
05-03-2024 14:25,40.75303501808239,-73.77543977,76,59.13466210586636,75.99926188247453,Red,Clear,0,0.050569416161197145,36,13,239.6139506524452,19.023259854563804,Medium
05-03-2024 14:30,40.65442741917383,-73.96692826,75,27.367810881362445,13.899877557605967,Red,Rain,0,0.7947316977770065,30,43,395.7501879891611,5.689512883035065,Medium
05-03-2024 14:35,40.774724669028814,-73.71000817,234,61.703192623914745,42.491866645133875,Green,Rain,0,-0.814060736,3,36,277.7133732274525,7.558001743712177,High
05-03-2024 14:40,40.759762371857924,-73.87185914,212,75.57005073815637,62.88215456832943,Red,Clear,0,-0.398961215,34,4,158.32175278936722,9.845365749218223,High
05-03-2024 14:45,40.618342569680955,-73.7782154,66,9.501020995226142,16.894937419804123,Green,Fog,0,-0.097151826,31,40,398.1223981022161,15.284825065344391,High
05-03-2024 14:50,40.68861658523315,-73.81220942,98,20.15440336699572,94.70685693847462,Red,Fog,0,0.095236932,52,16,491.8944758296563,25.67489071534587,High
05-03-2024 14:55,40.79351805383521,-73.96523722,279,64.51764518,87.62400509098634,Red,Snow,0,-0.234332178,94,18,423.53759214289346,5.616407499050697,High
05-03-2024 15:00,40.80389073436222,-73.95202484,169,36.269486003989286,19.081581721296544,Green,Rain,0,-0.429165768,31,9,308.4340218277697,15.70363198,Medium
05-03-2024 15:05,40.86981915167851,-73.84313909,280,36.576148815849685,63.58710680747689,Green,Rain,0,0.6220809342443192,28,28,348.7549888635497,26.724242071864047,High
05-03-2024 15:10,40.60383856849856,-73.73361649,70,43.53525654729267,89.09578437286271,Yellow,Snow,0,0.7887547391750303,36,32,375.54679185146745,5.834643327509302,High
05-03-2024 15:15,40.64659226255717,-73.80723847,180,69.07025735970309,86.14612210222522,Yellow,Fog,0,0.48890407584002404,37,4,321.53166188304755,7.456448204527087,High
05-03-2024 15:20,40.619639880585325,-73.94302927,57,6.2268498807636865,12.007787407507655,Yellow,Rain,0,0.4595200686999483,40,48,406.4627604169675,7.080907160950021,High
05-03-2024 15:25,40.60001638114008,-73.89639112,292,9.699933192709715,19.844368890714975,Red,Fog,0,-0.711217456,79,5,181.25450777241778,25.49421568747306,High
05-03-2024 15:30,40.76503999194138,-73.87785191,74,77.64760437504744,41.37464369633134,Red,Fog,0,0.12823526864011003,46,5,273.0256219,24.83705362771424,Low
05-03-2024 15:35,40.73846072,-73.71463216,208,17.989366753691968,88.64038818954214,Green,Fog,0,0.9480204389226969,16,12,443.34733240957166,19.902749590990716,High
05-03-2024 15:40,40.891107138783134,-73.92467626,119,66.16004138264478,82.01432860741858,Green,Clear,0,0.9895624265013325,37,32,168.60844081061055,25.562332803405084,High
05-03-2024 15:45,40.76616324595849,-73.86923504,173,66.26411637310898,22.01333763776437,Yellow,Fog,0,-0.451207942,88,44,162.79465485462435,5.235200437738206,Medium
05-03-2024 15:50,40.84284095356269,-73.86553514,279,11.27298226155699,84.24456040037786,Green,Rain,0,0.7345583377936922,19,23,395.4544632862619,16.854734531045036,High
05-03-2024 15:55,40.89240977292371,-73.90277752,72,41.64662339932557,43.95333087822373,Red,Rain,0,0.8370075254973315,59,18,144.50949314119407,9.775146863065252,Low
05-03-2024 16:00,40.699306655798665,-73.95314404,124,37.375474147836265,53.56603303019811,Green,Clear,0,0.6387859641212992,72,5,351.1847951467448,17.039289350521912,Medium
05-03-2024 16:05,40.71569567002951,-73.81056226,124,17.529162559200305,45.585537045059894,Red,Fog,0,0.476379496,24,42,429.6101575634572,12.832984587562441,High
05-03-2024 16:10,40.87872206236892,-73.94365958,30,14.83847512,10.036916710328992,Yellow,Clear,0,-0.242578192,94,45,321.0078434620207,8.081883546117474,High
05-03-2024 16:15,40.84482433,-73.71273448,251,75.89966332,90.16891858864649,Green,Snow,0,0.8022645201523158,28,11,142.55654555211012,7.943434439946086,High
05-03-2024 16:20,40.894651440939086,-73.88716187,212,67.10490425262319,58.58176158920257,Yellow,Rain,0,0.12508552885579127,15,6,353.9560704287805,13.956605276458895,High
05-03-2024 16:25,40.868770793172914,-73.86045343,274,12.939990566269653,88.43081655219939,Green,Rain,0,0.075555314,82,20,424.62169928122256,24.603425274769588,High
05-03-2024 16:30,40.65122032261526,-73.73124799,281,32.51774974605544,48.11572625898136,Red,Snow,1,-0.668026286,59,37,444.76200958605943,18.604238306633928,High
05-03-2024 16:35,40.650379318257876,-73.99498686,86,78.59886817,97.19963274522836,Red,Fog,0,0.7242739688234225,40,17,205.43241764406807,6.521633687765528,High
05-03-2024 16:40,40.78720191934749,-73.71040281,143,12.910107065414671,57.086217086994715,Yellow,Clear,0,0.5140710742253547,79,20,300.80426125718395,29.647346514590662,High
05-03-2024 16:45,40.87846908431973,-73.88024671,239,37.65938656829547,91.62231580913533,Green,Snow,0,-0.027720148,46,45,225.3236060495703,24.072854988616445,High
05-03-2024 16:50,40.67779192777274,-73.70684052,184,10.160402054305106,59.62188650116969,Green,Fog,0,-0.202610429,99,23,469.9371632271926,22.32216463676934,High
05-03-2024 16:55,40.71848356600196,-73.78061201,262,14.044172654865177,17.71691795950649,Red,Rain,0,0.20111031696215598,4,20,277.5386489576368,17.372633173760043,High
05-03-2024 17:00,40.60600302109672,-73.90015957,53,41.29616341,25.934967580307614,Yellow,Snow,0,-0.114102472,28,24,454.9758790492102,22.649892033110685,Low
05-03-2024 17:05,40.64209165047158,-73.75350432,124,31.99659569962049,25.712843149896784,Red,Fog,0,-0.528348999,64,15,238.3509057794205,18.52621923246049,Medium
05-03-2024 17:10,40.79581634209416,-73.95963438,260,54.94953922161426,14.930026734757043,Yellow,Rain,0,-0.118251978,29,47,493.92374656811114,9.086111385180043,High
05-03-2024 17:15,40.87236995697164,-73.9222975,101,24.854162289229386,48.77536539403668,Green,Clear,0,-0.982893196,27,42,355.77120586308575,5.868753206758472,Medium
05-03-2024 17:20,40.81634859177787,-73.99582306,130,13.615037393000048,55.305019969337785,Yellow,Snow,0,-0.907238316,43,9,300.8031077754314,24.349391230837313,High
05-03-2024 17:25,40.791486015148905,-73.8664419,129,25.283840709244313,84.89930636753529,Red,Clear,0,-0.239047604,96,27,119.73589195690695,20.81641364080101,High
05-03-2024 17:30,40.70219144474936,-73.97700884,162,11.950519880277795,13.23427649153411,Red,Fog,0,0.35852813061075905,63,37,231.6579423053182,5.979664021699403,High
05-03-2024 17:35,40.87298828,-73.86982852,243,42.534619174911064,60.25325384786103,Red,Clear,0,-0.781610423,45,1,462.9908817509299,25.95485375098027,High
05-03-2024 17:40,40.78611808,-73.84720986,90,19.125771615086894,61.87367337296334,Green,Clear,0,-0.716514301,96,2,381.9912758685487,16.610181668920205,High
05-03-2024 17:45,40.85832862931015,-73.77082697,155,28.542673166703622,54.74805526338392,Yellow,Clear,0,-0.028491753,52,49,110.67268679483993,22.360061388272335,Medium
05-03-2024 17:50,40.80730025143556,-73.83287539,125,65.361013,23.948127059993674,Red,Rain,0,-0.991869227,71,43,66.38255090795117,15.202020577762362,Medium
05-03-2024 17:55,40.73752667028751,-73.9681634,96,44.53545933159621,33.74003672514036,Yellow,Snow,0,0.650341898,97,4,243.82996031770395,17.15632566198218,Low
05-03-2024 18:00,40.84185571208563,-73.70617478,112,26.76751349553843,13.693607617505693,Green,Clear,0,0.9314807794582058,85,44,200.80971492061204,20.52449595891745,Medium
05-03-2024 18:05,40.61542955,-73.73910104,269,6.450559226205758,63.79563267050507,Red,Rain,0,-0.52339084,18,29,172.78582946155538,23.999759591694843,High
05-03-2024 18:10,40.628296147288566,-73.7605242,160,45.18219756849201,83.09967775631249,Red,Fog,0,0.6889102687872064,34,26,492.2429930657809,29.449735565702067,High
05-03-2024 18:15,40.76937534302004,-73.8188394,188,5.336067590338512,72.02603669955691,Green,Snow,0,0.7009918485070896,88,28,149.6817582802305,28.502318882827844,High
05-03-2024 18:20,40.64608898126927,-73.77370893,181,12.033859848562887,67.44450701209556,Yellow,Snow,0,-0.314384242,13,24,128.5528435666613,25.283033465118557,High
05-03-2024 18:25,40.85538294469964,-73.82294391,24,38.25131156283805,62.47442937592001,Yellow,Fog,0,0.615511085,92,9,255.93947830163094,27.31202510260541,Medium
05-03-2024 18:30,40.67849763046482,-73.71172917,198,32.45803687498551,56.65592667036437,Yellow,Clear,0,0.16201906672204913,10,44,194.30511539343485,8.473236200959057,Medium
05-03-2024 18:35,40.60155558,-73.75090078,121,30.723543394033364,35.42821117098861,Yellow,Clear,0,0.4171092472926239,77,30,393.34213115471454,26.381986273116294,Medium
05-03-2024 18:40,40.68444097287272,-73.7910542,144,9.093995678621287,37.2491189,Yellow,Rain,0,-0.831304411,45,21,350.06909892447277,7.895807616891222,High
05-03-2024 18:45,40.66667257954406,-73.78368216,25,66.95561462942405,14.77299468725339,Green,Snow,0,-0.217132822,5,2,140.61514386350683,12.960322440573893,Low
05-03-2024 18:50,40.62353430431407,-73.71322938,75,27.117525878159146,72.50838346806641,Red,Rain,0,0.9168120043573773,43,35,415.7355504086125,25.39620216795238,Medium
05-03-2024 18:55,40.73053945949943,-73.94605259,107,11.750962267980853,37.44435863549407,Yellow,Snow,0,-0.975788742,87,46,110.8526773325041,11.417791677415082,High
05-03-2024 19:00,40.80888658316087,-73.79372817,42,57.80273362157571,57.768344751266476,Green,Fog,0,-0.66957221,11,5,280.9255949868186,11.575835110013102,Medium
05-03-2024 19:05,40.79014964903782,-73.73506046,35,50.565943262452755,12.383660033078836,Yellow,Rain,0,0.4524770374536895,50,13,347.60614,5.984865650051875,Low
05-03-2024 19:10,40.87311561587876,-73.78194571,223,53.88271991731707,36.29188205698959,Green,Fog,0,0.081442327,74,15,264.3005816604631,25.70041804554015,High
05-03-2024 19:15,40.60629209715109,-73.86111654,121,68.56187244434881,41.37409281167963,Yellow,Rain,0,-0.623350623,13,13,161.06027619034074,19.43089499669088,Medium
05-03-2024 19:20,40.85646788,-73.71042776,245,15.864853222083024,83.59288429860204,Green,Fog,0,0.4493671339623695,20,42,117.15817420220712,16.40282689490331,High
05-03-2024 19:25,40.60651170972872,-73.95416966,206,34.183668977157296,45.34914115742515,Green,Rain,0,0.16644884783478053,80,4,170.9727277819734,23.483754301608908,High
05-03-2024 19:30,40.625007725611155,-73.79059919,49,64.12740613835436,80.09459368468946,Red,Snow,0,0.49198343098486497,77,26,61.102279,27.032358698851223,High
05-03-2024 19:35,40.653269582741885,-73.81868164,290,18.977406113946177,32.45865477418031,Yellow,Rain,0,-0.898230081,5,8,345.04333433185656,19.996991069984528,High
05-03-2024 19:40,40.833386540817266,-73.75264644,267,65.18309558767558,45.02264535,Green,Clear,0,-0.959309377,47,4,342.7211674701647,5.160821310798054,High
05-03-2024 19:45,40.80446329868718,-73.77540019,215,36.99264225524585,40.64782738,Yellow,Fog,0,-0.047367237,44,41,283.2931949476434,27.69185383,High
05-03-2024 19:50,40.68705486228561,-73.89620695,169,9.352242635469208,69.01101063956686,Green,Clear,0,-0.202900174,97,12,396.1290725172254,28.721330573275964,High
05-03-2024 19:55,40.619904692705525,-73.76615738,150,41.77473115,78.30369570654577,Red,Snow,0,0.8760300062118325,42,29,215.17878246585795,10.844618983522622,Medium
05-03-2024 20:00,40.60981095,-73.80189295,295,63.635249756491675,44.295337309949595,Red,Rain,0,-0.188167839,48,27,482.67396266965744,15.147399934142861,High
05-03-2024 20:05,40.70373231147472,-73.75918093,95,55.50048579430859,15.723766980586934,Green,Fog,0,0.24008098590771776,88,4,228.98131178988208,21.214151070912894,Low
05-03-2024 20:10,40.63122480364974,-73.7336567,143,55.11548721050682,50.90689242354441,Red,Clear,0,-0.931626716,10,20,70.63762777286709,24.291578685309464,Medium
05-03-2024 20:15,40.781151453946286,-73.85872489,208,41.04018315030588,92.86612651843936,Red,Rain,0,0.11968235302545827,16,32,286.93609319525433,10.82760854689823,High
05-03-2024 20:20,40.672309042154744,-73.92027035,17,30.3209379,56.84264729961411,Red,Clear,0,0.8219732915248816,20,44,109.6932175079904,27.01941431890286,Medium
05-03-2024 20:25,40.807734049389595,-73.93843297,254,29.197448384629254,13.220217585380944,Green,Rain,0,-0.131996629,41,40,374.12086025315665,8.554993492412306,High
05-03-2024 20:30,40.679146377656465,-73.78371528,90,36.18060331,30.216347050615752,Red,Rain,0,0.5409796991010809,93,6,50.44885963717858,9.205381459,Medium
05-03-2024 20:35,40.64075785809705,-73.86268998,181,62.75736480510714,30.361017752451605,Green,Snow,0,-0.631424449,63,22,109.34498192457164,27.51028071027474,Medium
05-03-2024 20:40,40.67101799465762,-73.79521279,22,78.68676381612393,94.99739088294119,Yellow,Snow,0,-0.164564813,20,19,82.99438814873088,29.6362714,High
05-03-2024 20:45,40.667850236296424,-73.91576086,261,47.57628546836282,31.42967387,Red,Fog,0,-0.632427836,70,19,253.1640131854177,7.582665514893784,High
05-03-2024 20:50,40.65042881184284,-73.82439537,130,21.15453684088859,25.17008154,Red,Snow,0,-0.835344073,78,36,450.11126794658617,28.822878606869555,Medium
05-03-2024 20:55,40.88017692,-73.9770685,113,41.98785431916837,89.40552299307689,Green,Rain,0,0.20542872326358208,49,5,201.55224778512127,11.050562777430805,High
05-03-2024 21:00,40.61817554417077,-73.71103945,236,79.46891782245045,47.27248787371533,Yellow,Rain,1,0.030045981378109765,73,25,449.4676850615804,13.512326183725996,High
05-03-2024 21:05,40.75493295352795,-73.88351775,281,79.18965308276664,24.190762453316918,Red,Snow,0,-0.260721579,5,10,154.4430012,26.474639510561396,High
05-03-2024 21:10,40.81213894609167,-73.81808702,169,52.36542742726211,38.23259472330872,Yellow,Snow,0,-0.348956653,25,37,381.13612557617085,12.002151615322354,Medium
05-03-2024 21:15,40.80799089604717,-73.85666232,65,32.171255099685965,20.671298359695594,Green,Fog,0,-0.009114624,91,9,139.04291085732757,12.716574025329415,Medium
05-03-2024 21:20,40.606230036765375,-73.77548538,46,79.66888478857553,93.44179702917924,Green,Clear,0,0.39291804763580185,76,33,381.6839028715644,28.325021054796565,High
05-03-2024 21:25,40.65594090250079,-73.83868789,208,47.59432598816548,27.893998260391214,Yellow,Clear,0,-0.617638923,81,11,408.25803817321207,5.033753557531527,High
05-03-2024 21:30,40.719387062272304,-73.70911832,263,35.45584054252808,49.365032094771855,Red,Clear,0,-0.793315055,90,41,84.48285274973941,13.750959362361172,High
05-03-2024 21:35,40.62636697466478,-73.85642623,144,8.475093073,43.931623945021556,Red,Rain,0,0.28255522433302516,82,39,239.35728454769233,17.562015308662964,High
05-03-2024 21:40,40.89780456427944,-73.80478566,132,28.904532233001397,76.48663916166117,Green,Rain,0,-0.462115398,46,21,466.67876364619815,28.257446411815927,Medium
05-03-2024 21:45,40.796991612068716,-73.90487323,229,68.37267885915323,19.548250330083114,Red,Clear,0,-0.322152978,59,45,163.59863641652518,8.826586357629166,High
05-03-2024 21:50,40.85525090584898,-73.74886852,226,10.123010304431787,51.67242046121604,Green,Fog,0,0.3970711624618588,48,39,364.68319323210744,14.973821200854555,High
05-03-2024 21:55,40.74381668185136,-73.74145178,121,19.41378335441147,93.56391334480327,Yellow,Fog,0,-0.74043232,65,15,279.27964174949875,6.345011972,High
05-03-2024 22:00,40.77648808063885,-73.70214314,51,45.08352147571007,77.38009351471413,Green,Snow,0,-0.947269581,60,32,319.23121211223787,12.764293829446528,Medium
05-03-2024 22:05,40.66067143091893,-73.75392114,61,63.01861901168037,46.81651148346777,Green,Fog,0,0.13670563546205883,65,31,222.75765689472175,23.616353453632982,Low
05-03-2024 22:10,40.882503009427396,-73.87681193,279,40.497660748331825,19.17247035729251,Green,Fog,0,0.5181383766400562,3,28,248.39059333880942,27.908017066419443,High
05-03-2024 22:15,40.70104802169285,-73.93256264,270,7.703141584,48.52169364130113,Green,Clear,0,0.43938975736251873,76,46,256.42398807842403,28.942479111391084,High
05-03-2024 22:20,40.71368425200184,-73.88444385,175,49.04955029377688,32.32494894105065,Yellow,Rain,0,-0.491688374,20,47,165.66462492418253,28.871698700664542,Medium
05-03-2024 22:25,40.63020665813073,-73.81020713,131,20.87974252870788,18.15583441501479,Green,Fog,0,0.7428102560571561,55,39,389.3871970260146,27.446337144389116,Medium
05-03-2024 22:30,40.79668952732376,-73.77286434,159,14.09700116168944,22.01791302872797,Yellow,Rain,0,-0.361310258,35,28,176.1539287322251,14.501711376657514,High
05-03-2024 22:35,40.85667403805851,-73.73238924,79,79.69651735,69.51176841407903,Green,Snow,0,-0.712571331,66,12,308.4199825665921,24.803554431733932,Medium
05-03-2024 22:40,40.68037090232434,-73.86103285,192,35.93308233016769,52.076524001195935,Green,Clear,0,0.46489774464672373,23,36,489.1555530637447,13.735249602537342,Medium
05-03-2024 22:45,40.801692261515676,-73.90387557,217,68.67136682927224,55.45560405882719,Yellow,Rain,0,-0.983076764,31,16,193.81863870422654,24.36999949904954,High
05-03-2024 22:50,40.686460929886245,-73.94694784,44,14.793823801498242,18.76350058461591,Yellow,Clear,0,0.7330034857013379,46,17,221.2348054271413,12.855012667621997,High
05-03-2024 22:55,40.64124164,-73.76676849,232,47.894868256871156,64.38838294834628,Yellow,Clear,0,-0.618138186,97,28,84.04398147822309,6.411349986002758,High
05-03-2024 23:00,40.779298149560134,-73.84849725,92,32.07476667485305,65.71628142610763,Yellow,Snow,0,0.5887784565102641,63,17,188.85376590614862,13.43911959302281,Medium
05-03-2024 23:05,40.81986795561989,-73.76325845,284,14.867097434737287,45.41061307527616,Red,Clear,1,0.039858241,11,49,259.6791408176815,28.22464414162363,High
05-03-2024 23:10,40.71350115900456,-73.71847013,59,72.39270128061433,66.51160342363676,Red,Snow,0,0.9266617444235432,85,31,141.37376043905874,13.521946332033862,Medium
05-03-2024 23:15,40.815823631217576,-73.92118131,299,76.85349179073634,14.055129101002365,Yellow,Snow,0,0.6792796614101066,30,34,86.93983672277335,5.890979372904263,High
05-03-2024 23:20,40.83032921389374,-73.74691801,215,37.333186462152355,60.111986551235525,Red,Fog,0,-0.402123743,82,24,287.66557528303576,15.411925517045317,High
05-03-2024 23:25,40.71518580688406,-73.70775234,211,56.604354562119866,64.87493647247297,Red,Snow,0,0.4385410694833607,76,6,448.0374726558353,18.53214810132506,High
05-03-2024 23:30,40.63009147913709,-73.86867639,60,67.37658072549509,32.457907120065926,Red,Fog,0,0.8494489018769633,67,28,401.84061992800474,8.770859939890062,Low
05-03-2024 23:35,40.84974124019609,-73.98098646,34,62.906810123821664,12.06390229554002,Green,Rain,0,-0.544807839,6,12,215.1127769348381,24.114717767467848,Low
05-03-2024 23:40,40.715440661655975,-73.74874237,188,36.03215579398064,34.21022739756471,Yellow,Rain,0,-0.856564091,81,19,259.49983896166145,12.008715112261305,Medium
05-03-2024 23:45,40.665193837260375,-73.87802885,95,60.64912058418879,53.510311768629855,Yellow,Snow,0,0.6425043680843681,68,8,113.14374141896877,29.97691260792046,Medium
05-03-2024 23:50,40.70146118364862,-73.93788478,270,58.18967640240148,72.63590755510546,Red,Clear,0,-0.866069873,36,28,452.45821229358546,15.45820121905734,High
05-03-2024 23:55,40.681744511512136,-73.98544579,19,34.28985912910245,18.114427861377386,Green,Clear,0,-0.341719742,96,38,414.2857752517137,7.950489170631798,Medium
06-03-2024 00:00,40.678044623136856,-73.83311388,150,24.74933116210161,86.11451408105266,Yellow,Rain,0,-0.879839161,47,46,393.7880033350688,11.86502919699846,High
06-03-2024 00:05,40.78817573652544,-73.85061929,87,10.366082980906935,31.62714329792508,Red,Snow,0,-0.421855699,39,40,325.39150289831707,10.53027112259733,High
06-03-2024 00:10,40.66124363786349,-73.91777597,60,59.941511147931834,85.13068078586879,Red,Fog,1,-0.146974808,16,49,283.8180825,16.63429204311825,High
06-03-2024 00:15,40.825359537202395,-73.95536687,77,65.14836744802865,50.26590318873197,Red,Rain,0,0.11735610837078281,74,47,183.77889105666725,25.371518932554693,Medium
06-03-2024 00:20,40.73937319838235,-73.99600346,95,75.68498593769839,35.987025567773614,Green,Rain,0,-0.531854056,55,47,118.90753564631439,9.055465947,Low
06-03-2024 00:25,40.87906225917924,-73.95424045,31,23.06658091886029,54.03855995303836,Red,Clear,0,-0.264009113,63,20,302.0433107546183,7.071046503,Medium
06-03-2024 00:30,40.65649298544988,-73.90536857,190,19.708275229815612,70.95578492,Yellow,Rain,0,0.35543178987779833,35,27,133.43263807903702,23.220868866799076,High
06-03-2024 00:35,40.80561073751205,-73.72752247,63,44.154836356611135,73.31756197192085,Red,Snow,1,0.8010623338602247,88,27,214.68201530743204,12.79209115719332,High
06-03-2024 00:40,40.80297844956541,-73.96901649,260,48.02085945548902,97.21446134545616,Green,Fog,0,-0.947241927,99,12,185.90175355411714,14.704306570917979,High
06-03-2024 00:45,40.645357495738125,-73.79647878,281,29.927906599095635,91.27840095,Green,Snow,0,0.6432724900517435,69,32,102.17632957568763,10.457158666819435,High
06-03-2024 00:50,40.80899694,-73.79914338,53,62.727657021432485,18.00039920169609,Yellow,Clear,1,-0.478698902,96,45,289.7494873252118,8.557977990159253,High
06-03-2024 00:55,40.79152564547739,-73.73905082,156,8.206240675,74.12018373219293,Red,Snow,0,0.050043267,12,32,265.47163929815184,25.414903333365803,High
06-03-2024 01:00,40.65170289916776,-73.84902652,274,70.34630368,66.14080609,Yellow,Rain,0,0.23633558787071385,10,22,176.64795538554012,20.336097479420705,High
06-03-2024 01:05,40.62404888676806,-73.95883952,18,70.60062662,44.35439925936426,Red,Snow,0,0.22487996297331336,57,12,481.60020104408295,8.481828749386722,Low
06-03-2024 01:10,40.859615761938294,-73.75064001,275,45.451160227338576,24.46903387163762,Red,Snow,0,-0.507403491,19,33,381.2390849851265,14.58708747997153,High
06-03-2024 01:15,40.86714800760821,-73.71411112,280,64.96722115849154,92.13336017009168,Green,Clear,0,-0.677729457,87,44,279.0673904271856,13.93402850973953,High
06-03-2024 01:20,40.60544412185849,-73.70339738,297,30.280177912916553,79.86784004454377,Yellow,Fog,0,0.33240994710213934,14,18,135.55210292739412,16.724647911648397,High
06-03-2024 01:25,40.708627647369525,-73.85422626,238,67.81810453621557,51.576248982953395,Red,Clear,0,-0.882482739,33,15,494.3115859370265,12.748258362537916,High
06-03-2024 01:30,40.74618183679138,-73.73264401,220,8.995938151,68.10443730922606,Green,Fog,0,0.9057793465389816,60,35,186.93096886263245,20.26226287293786,High
06-03-2024 01:35,40.67233134951671,-73.72600638,248,47.93739934882856,47.583021652636354,Yellow,Snow,0,0.002961986,36,26,302.31999192619935,21.788978312248222,High
06-03-2024 01:40,40.71146976195033,-73.79494199,148,79.91198878659169,78.65253638727066,Yellow,Clear,1,0.5003826994003466,70,15,297.24099256139783,19.350594185209474,High
06-03-2024 01:45,40.69950912700307,-73.87159924,118,59.14448877280587,54.04369797880156,Green,Clear,0,0.8261519874322802,39,36,104.13794631036606,26.098977061383597,Medium
06-03-2024 01:50,40.83342269871529,-73.88528616,150,11.727024618611097,44.45325329803358,Yellow,Rain,0,0.8936196488321135,86,36,55.48387836103081,16.892331717107623,High
06-03-2024 01:55,40.84802739119722,-73.85115278,155,76.67755293017584,27.061109803695697,Yellow,Clear,0,0.9377335892592833,44,19,292.22342911772046,25.85487327963478,Medium
06-03-2024 02:00,40.662006215518105,-73.99944316,202,50.47831672,87.39275934806686,Green,Fog,0,-0.072962154,59,43,342.4533846067409,14.66688006359481,High
06-03-2024 02:05,40.83550986359127,-73.70848116,276,9.024115918,84.55929619690582,Red,Fog,0,-0.496371107,20,10,75.30602965982706,6.262817765463048,High
06-03-2024 02:10,40.88555924,-73.84719082,163,65.94611248084598,36.78799847153393,Red,Fog,0,-0.517098834,60,47,486.4006899877425,18.77931775939761,Medium
06-03-2024 02:15,40.891876113267564,-73.704285,147,34.724052981165855,18.267168985536117,Green,Clear,0,-0.86769965,58,33,97.30066645938041,12.79120779459519,Medium
06-03-2024 02:20,40.808444917011116,-73.8858825,227,21.71229292514123,17.371134692058174,Green,Clear,0,0.2925886145974055,79,42,367.3559723503718,21.705728465784738,High
06-03-2024 02:25,40.76420686612707,-73.75982717,160,34.966434226853785,85.52529831,Green,Clear,0,0.3322295264609989,73,3,460.5306249,26.877451880785078,High
06-03-2024 02:30,40.71067845765839,-73.98322418,173,59.37478547,48.502640667237685,Green,Clear,0,-0.657876525,49,16,167.70469702027992,28.081621119607533,Medium
06-03-2024 02:35,40.68583719655831,-73.77521317,43,16.42478300564923,34.28649465664385,Yellow,Fog,0,0.8807371134286821,82,45,119.78897067224194,19.903755382526196,High
06-03-2024 02:40,40.61027641,-73.89012732,34,37.906683569396264,91.99796092107731,Red,Snow,0,-0.678385771,33,37,89.91071801492018,19.915031994241048,High
06-03-2024 02:45,40.65884761,-73.84339078,189,42.42308873,91.90117070141974,Green,Clear,0,-0.599978779,38,1,377.08900498647523,28.617315162297388,High
06-03-2024 02:50,40.75256706986267,-73.99415086,58,37.09209963393913,24.55131383836245,Red,Snow,0,-0.630595914,23,16,315.93681287353013,7.196255287481474,Medium
06-03-2024 02:55,40.70178111986633,-73.88349997,284,34.29113031059649,34.017401572697906,Green,Fog,1,-0.526710778,86,31,442.2064579320555,27.646849073906168,High
06-03-2024 03:00,40.87138824078475,-73.73897815,205,22.59162156919315,37.462727669025696,Red,Clear,0,-0.496584995,64,7,297.7335611778076,23.865479166918362,High
06-03-2024 03:05,40.822189491621764,-73.78591983,91,53.816114704130165,57.631766290276396,Yellow,Fog,0,-0.032639609,22,48,351.61727849121917,10.44691512000964,Medium
06-03-2024 03:10,40.81108863,-73.75236364,250,25.350073737709305,27.15489492545756,Yellow,Snow,0,0.542673357,9,21,443.8515577431419,9.837874552731911,High
06-03-2024 03:15,40.714496102794605,-73.90588097,248,37.03097233361913,97.41092849,Yellow,Clear,0,-0.641812446,90,34,100.74031934924997,15.507198586701708,High
06-03-2024 03:20,40.65511970043514,-73.9416497,189,69.23518377082065,16.529692076654513,Yellow,Fog,0,0.8413563766289449,97,25,457.5292067524558,20.68698320680516,Medium
06-03-2024 03:25,40.65869476316251,-73.75134363,53,26.77093768916669,71.08276775839565,Green,Clear,0,-0.389609883,13,2,262.20131980225585,22.50763098619829,Medium
06-03-2024 03:30,40.683045837095435,-73.84980639,221,45.519438818240744,78.60119146612993,Yellow,Clear,1,0.6194819532267009,68,19,66.50918307660817,17.67196004813703,High
06-03-2024 03:35,40.721110703890666,-73.71072697,268,53.79885621023789,63.092879909599795,Red,Snow,1,0.4920491558893114,2,40,490.9958065840825,24.055186917260578,High
06-03-2024 03:40,40.788988701241905,-73.75533839,130,59.67688028049375,28.47796443866758,Red,Clear,0,-0.327058523,99,16,201.01056362770765,24.97821930503611,Medium
06-03-2024 03:45,40.82497689192883,-73.96625812,121,72.87298081197531,56.97875084417222,Red,Fog,0,0.6988588318881213,99,5,313.1335134,7.4643201695189525,Medium
06-03-2024 03:50,40.776991670885444,-73.88764616,265,69.71747527769072,55.56143665702683,Red,Rain,0,-0.154419362,93,33,376.1066341424888,25.853111870348872,High
06-03-2024 03:55,40.719197195724846,-73.89652556,19,15.55354009344872,40.234930133429145,Red,Fog,0,0.5453756137517778,41,28,88.36420790753206,15.927982603583589,High
06-03-2024 04:00,40.73589478,-73.99304553,23,77.44171314581878,93.20580400077402,Red,Rain,0,0.34461418979695746,2,26,344.7174943018199,23.549090514409514,High
06-03-2024 04:05,40.83453438269523,-73.87298771,100,55.58940048681093,48.71126499967242,Green,Snow,1,-0.809013825,78,33,198.0273454324756,27.69525571050326,High
06-03-2024 04:10,40.73961571718527,-73.72672572,280,71.44573504,99.01665775,Red,Fog,0,-0.497502957,92,23,285.1618907443719,29.084228638284806,High
06-03-2024 04:15,40.604581661428654,-73.85749047,242,56.82606466360967,56.02202111336916,Green,Clear,0,-0.54830892,13,24,477.20467365484365,21.78970562174114,High
06-03-2024 04:20,40.81215498437338,-73.91606367,68,28.181499092395065,44.818827022262305,Yellow,Rain,0,0.7797955011208091,79,47,293.3660188849824,26.567477976321918,Medium
06-03-2024 04:25,40.76163559356406,-73.76269881,298,17.580388782077712,70.09554878,Yellow,Clear,0,-0.502261266,52,35,286.5123929133171,29.38220676921127,High
06-03-2024 04:30,40.87044796,-73.7856532,262,15.666488256815567,67.34280460735891,Red,Clear,0,-0.986350567,97,34,70.66288377246377,13.763664544474873,High
06-03-2024 04:35,40.88099209647495,-73.77482609,247,21.033102419147855,36.31266695307443,Yellow,Rain,0,-0.448573665,38,47,108.69778915108768,23.064811255152012,High
06-03-2024 04:40,40.60089519783397,-73.77618232,115,34.07233874943942,32.83385886551473,Green,Clear,0,-0.502052893,5,24,270.9267911448062,16.45091879390183,Medium
06-03-2024 04:45,40.856112819136605,-73.72174958,128,68.20211087203538,49.337379245534414,Yellow,Clear,0,-0.015190396,80,1,434.9801661278241,13.039156528022632,Medium
06-03-2024 04:50,40.73053067827319,-73.79582945,203,24.921501351871846,18.24615663584602,Green,Clear,0,-0.106916461,88,35,90.73064261704657,15.181291059783248,High
06-03-2024 04:55,40.62788506802805,-73.96868603,97,78.49870604851135,23.36928159495179,Red,Rain,0,-0.378669592,58,12,346.86231873180327,8.885435017,Low
06-03-2024 05:00,40.60405663381709,-73.87579658,49,33.06832740970445,58.62887983060705,Yellow,Rain,0,0.20225156739010486,77,9,169.3948216394796,24.045271459116858,Medium
06-03-2024 05:05,40.76586362654138,-73.85660178,95,53.550811061093185,43.70223946510778,Yellow,Snow,0,-0.901249017,73,29,287.3486656715809,17.065566064093986,Low
06-03-2024 05:10,40.65036319845299,-73.88097321,93,13.712613671878383,36.39965474486816,Red,Clear,1,-0.381316774,36,20,496.57427217929353,25.494824125612723,High
06-03-2024 05:15,40.82168533059117,-73.95025669,162,37.09484271815504,65.97809624644336,Green,Fog,0,-0.49559933,69,47,189.54402570560566,8.784834919,Medium
06-03-2024 05:20,40.62089312797992,-73.78061226,160,20.25501221079486,54.427508914173536,Green,Clear,0,0.099239716,28,38,84.71458645409149,6.733143401648227,Medium
06-03-2024 05:25,40.62284178815549,-73.96700909,268,43.53585941413658,83.31386153674877,Red,Fog,0,0.6777374350733716,19,33,333.9902119238594,21.829015243202704,High
06-03-2024 05:30,40.615609478056065,-73.82432482,97,74.02168634102067,79.83789782431244,Red,Rain,0,-0.653621179,67,17,86.45688376008928,28.862011701099224,Medium
06-03-2024 05:35,40.84783725288983,-73.91434375,268,46.34186526751371,18.285414715220025,Green,Fog,0,0.5265635164287712,15,17,184.112029,10.42992647524812,High
06-03-2024 05:40,40.66247228596323,-73.91523126,65,52.698325269315895,36.25774655549952,Yellow,Clear,0,0.28758589910745624,72,15,175.08239586327835,27.90507560375678,Low
06-03-2024 05:45,40.71315559158357,-73.86807125,238,62.39068327238602,47.84536271389517,Green,Fog,0,-0.092278219,6,18,129.22709736021474,16.327291285220745,High
06-03-2024 05:50,40.795030475136464,-73.977231,165,18.170014667724764,53.002881341272996,Green,Clear,0,0.9310742062727382,22,4,184.47887206893327,10.738651562829357,High
06-03-2024 05:55,40.84024050904105,-73.72267017,292,47.79740598235406,47.43624655595747,Yellow,Snow,0,-0.130578484,73,25,429.8825699564794,11.446503504615244,High
06-03-2024 06:00,40.86076918638961,-73.91963057,16,15.854045013053664,30.89212724400677,Red,Fog,0,0.8151401246617584,18,14,273.83830556105806,14.73526156838997,High
06-03-2024 06:05,40.74660913,-73.84980125,62,10.09273502743447,15.949092655062426,Red,Fog,0,0.9390806232405366,69,41,301.61313201555504,23.625640535971915,High
06-03-2024 06:10,40.75627129802761,-73.74784115,50,24.177447150860345,72.40897820147288,Red,Clear,1,0.8025151215660877,50,34,219.69483316183096,25.383472684286037,High
06-03-2024 06:15,40.71281309000578,-73.78490285,158,29.032322048056614,81.26331179,Yellow,Rain,0,-0.419830919,68,4,260.93972848865576,6.481989329244113,High
06-03-2024 06:20,40.874658703407505,-73.92827801,91,58.35367837871649,62.47190877780245,Green,Rain,0,-0.198079146,19,27,414.8897288735284,12.398690007649888,Medium
06-03-2024 06:25,40.762923096780334,-73.77625163,124,35.750304049983896,77.42754639279812,Yellow,Fog,0,0.10810861906551872,86,41,169.64678567145603,23.014924729387996,Medium
06-03-2024 06:30,40.72015979310745,-73.74053869,231,5.258113182878727,78.42981400814594,Red,Snow,0,-0.965368599,40,6,248.41697736921907,9.407587716128461,High
06-03-2024 06:35,40.88110668028612,-73.86507514,148,28.06033497694722,72.92129635174781,Yellow,Snow,1,0.2213858116095926,25,41,177.6000821282601,27.84197258867391,High
06-03-2024 06:40,40.66054845772369,-73.82296818,186,26.89785080605037,90.80767088279542,Red,Clear,0,0.7855357424281135,65,42,377.6414436975736,10.978339365069981,High
06-03-2024 06:45,40.861014562001785,-73.84088405,215,78.82773523293534,89.88748772,Green,Rain,0,0.3549847814010858,35,14,352.59609169476926,6.643593056083192,High
06-03-2024 06:50,40.81402288978721,-73.81842006,136,71.54439321181783,73.30584547716472,Green,Clear,0,0.060104892,50,31,250.17032374625165,24.26366378988559,Medium
06-03-2024 06:55,40.88441912535751,-73.85143324,155,31.655575717588206,78.44890169212117,Red,Snow,0,-0.284946381,65,17,349.6877751057937,27.989136229464414,Medium
06-03-2024 07:00,40.63250256118635,-73.7671638,81,51.603236642016874,32.17400352326361,Yellow,Rain,0,-0.031511697,73,17,65.17925969357786,19.357181456928146,Low
06-03-2024 07:05,40.69423050739849,-73.7260582,39,50.94866962585204,28.457997592452866,Yellow,Snow,0,0.6337418251979712,37,31,340.2725949568626,14.17302421721099,Low
06-03-2024 07:10,40.86932146793211,-73.7368656,18,68.29190114872047,88.51413278840731,Green,Clear,0,0.41472703691758017,80,2,155.6344648280421,10.127007319861015,High
06-03-2024 07:15,40.665243968209786,-73.93908644,82,36.37603409037824,22.009286669671578,Green,Fog,1,0.5137392948230894,69,18,388.76784120008887,28.828964930484254,High
06-03-2024 07:20,40.87940153602315,-73.91354372,254,71.55245881,50.908876022786245,Green,Rain,1,-0.157003579,12,45,227.2239372,18.737838488141602,High
06-03-2024 07:25,40.89922916,-73.92620695,135,73.55693069892918,76.70980071253325,Yellow,Rain,0,-0.185122946,13,47,320.36854417460034,27.04869941809014,Medium
06-03-2024 07:30,40.67837882,-73.78734559,232,44.00878171421369,30.60638493,Green,Rain,0,-0.373797645,69,13,347.12853504701815,17.792406442094723,High
06-03-2024 07:35,40.75501300897276,-73.76217479,20,11.629651849436824,66.79267422355771,Red,Rain,1,-0.932582216,73,21,457.9671944781659,15.00129413241027,High
06-03-2024 07:40,40.760090122505574,-73.76579672,87,62.92919989286538,34.46892111558356,Yellow,Snow,0,-0.044457222,61,14,320.0784331803254,10.917145271963495,Low
06-03-2024 07:45,40.84175449669151,-73.77062589,109,28.299578506760888,56.02092160796385,Yellow,Fog,0,-0.801256271,14,48,342.5493521772757,28.38081465894645,Medium
06-03-2024 07:50,40.80127255251551,-73.74680985,47,16.46232006643573,91.48727690010195,Yellow,Clear,0,0.2959824900283021,56,32,375.71487196779725,29.56227129186751,High
06-03-2024 07:55,40.72439907456161,-73.930064,258,73.56676198843854,29.023920869428764,Yellow,Snow,0,0.20118910722813754,17,11,346.50624928755417,17.607607186936622,High
06-03-2024 08:00,40.67569072368447,-73.9114347,82,79.86648840508013,14.095079217206223,Yellow,Fog,0,0.15817472349004236,78,35,297.5312997,20.841646279467337,Low
06-03-2024 08:05,40.65474989474609,-73.97309786,47,15.692213007991839,92.04889455194919,Yellow,Snow,0,-0.293787382,53,23,477.96434213863665,25.027051321689935,High
06-03-2024 08:10,40.72374094154653,-73.86851057,295,78.59726834,36.30554831031605,Yellow,Rain,0,-0.181396732,80,17,265.0007732091582,29.233702342253082,High
06-03-2024 08:15,40.654754918719625,-73.75729886,193,15.58775442185505,70.63318086422701,Red,Snow,0,-0.059707534,83,49,407.6088044285717,8.432071581201733,High
06-03-2024 08:20,40.65673597734529,-73.96276124,184,76.61999936139172,25.977865112183164,Red,Clear,0,0.7048603988731059,29,6,81.74148723318231,21.98198617731105,Medium
06-03-2024 08:25,40.83464134,-73.81719619,299,79.55308295055545,85.52106809,Yellow,Rain,0,0.42241923116892544,87,32,114.95124572996632,7.908174377,High
06-03-2024 08:30,40.757259438929545,-73.70685693,14,27.442988149473127,94.04318109697032,Yellow,Snow,0,0.7434669096807163,44,24,102.04109251124787,18.350749607430387,High
06-03-2024 08:35,40.70590698917459,-73.88566043,30,23.09361132852006,15.610604581743491,Green,Rain,0,0.1983444182007248,96,20,488.38499324052185,29.203769573547387,Medium
06-03-2024 08:40,40.83971167919184,-73.95976565,160,74.03490884586233,70.67282777163857,Red,Rain,0,-0.544761521,32,10,476.0315230489795,7.307463109195041,Medium
06-03-2024 08:45,40.85664168852881,-73.72561525,244,12.99304281290073,77.52366351040641,Red,Clear,0,0.21594648707244302,85,44,370.4718136,14.330271005878854,High
06-03-2024 08:50,40.84185419057482,-73.9146294,118,6.074997911688557,62.03469836,Green,Rain,0,0.5745350224331982,1,3,416.1542283483324,10.650461089722173,High
06-03-2024 08:55,40.70648249279124,-73.73487334,159,59.80395459134321,24.960075372714144,Yellow,Clear,0,-0.373321198,92,41,489.76846803781496,10.151882671747508,Medium
06-03-2024 09:00,40.77989254612346,-73.84405251,15,38.54329717517145,76.36219049040187,Red,Rain,0,0.4168878076107094,31,32,91.81213825693894,14.937657493588976,Medium
06-03-2024 09:05,40.88547334073226,-73.96925807,137,66.86534840856098,93.96114118338429,Red,Fog,0,-0.668320412,27,38,333.46711068438833,14.68742948231038,High
06-03-2024 09:10,40.89853056855455,-73.71698857,80,66.32823764444116,60.26274608960078,Yellow,Clear,0,0.24468290907827295,86,48,432.91629535924693,16.63388318140258,Medium
06-03-2024 09:15,40.74788871789142,-73.76507479,117,57.037322880605444,75.1761734,Red,Snow,0,0.8830481643790662,7,11,388.9359702874415,21.759819506588997,Medium
06-03-2024 09:20,40.76554378928838,-73.82950523,126,21.741693891025918,98.71963001947495,Green,Snow,0,0.8816439248573533,14,40,61.47761714921208,16.209822135255845,High
06-03-2024 09:25,40.791588708394485,-73.96222235,100,22.984235971443997,77.54412820727133,Green,Snow,0,-0.035625542,93,20,424.9426463816095,16.276446396608627,Medium
06-03-2024 09:30,40.664481061385935,-73.80035962,268,73.03467684,91.65307104705977,Yellow,Fog,0,-0.889381877,20,49,252.54765903070853,18.20359478515084,High
06-03-2024 09:35,40.76728804352018,-73.73214955,10,75.02570525268465,58.87408152393117,Red,Rain,0,-0.187997225,14,13,155.2047722978885,29.031788992501454,Medium
06-03-2024 09:40,40.82287277,-73.77672279,41,7.8824600252698644,15.501998979429086,Green,Rain,0,-0.977647943,46,8,379.89086697478916,25.947927607804232,High
06-03-2024 09:45,40.67360928747579,-73.7845328,285,59.25298043023205,15.372605950070472,Red,Rain,0,-0.086650756,64,26,109.9152598810083,25.723519336487577,High
06-03-2024 09:50,40.756999637004554,-73.75481849,229,78.14892352308762,55.443268561255806,Green,Rain,0,-0.363926844,7,23,189.7285530576445,15.13363637693281,High
06-03-2024 09:55,40.70916166049078,-73.89060236,78,9.750012183163596,80.18560590393562,Red,Clear,0,0.5474641396577613,27,29,147.03848746102577,18.228021704516834,High
06-03-2024 10:00,40.70282905521058,-73.98077726,241,60.46851448432996,58.25073499980972,Green,Fog,1,0.8767961739338925,54,19,125.98133270561688,28.590008463664837,High
06-03-2024 10:05,40.708618403542026,-73.99060528,180,8.796764679,17.735212768172314,Yellow,Clear,0,-0.151125143,7,26,493.6801053129474,25.35436249096947,High
06-03-2024 10:10,40.63768786454906,-73.91551109,88,45.478735804346414,43.74481453,Green,Snow,0,-0.263528309,24,16,56.90912335552349,29.175115985886666,Low
06-03-2024 10:15,40.74516153182177,-73.76216346,22,53.51232344974339,15.38385087874029,Yellow,Snow,0,-0.89308394,66,6,220.0380685898083,22.953259438810715,Low
06-03-2024 10:20,40.68686604521557,-73.95131974,181,8.476340793767196,70.15680974594216,Red,Rain,0,-0.313529551,56,9,162.76311326972132,7.499138118399715,High
06-03-2024 10:25,40.684448635656445,-73.87644483,67,32.727152689367266,41.56213504,Red,Clear,1,-0.786521371,59,19,492.28753934634443,10.060608849738024,High
06-03-2024 10:30,40.68749092321866,-73.86339058,203,32.88801948275449,96.95807797442026,Yellow,Fog,0,-0.30016372,50,18,144.39015349238886,29.70633640805362,High
06-03-2024 10:35,40.824195037476954,-73.93826355,68,79.50166543,43.353340849896114,Green,Rain,0,-0.69109181,79,48,410.2148309,12.836720878324694,Low
06-03-2024 10:40,40.655578695436674,-73.85086094,37,45.75141475224859,64.36203896,Green,Fog,0,-0.306151084,76,48,358.9121173362347,24.211701122646367,Medium
06-03-2024 10:45,40.66586901360921,-73.71236056,73,16.698248146023644,28.61644757504661,Red,Fog,0,-0.033346135,21,3,388.25923607456275,14.311818227173529,High
06-03-2024 10:50,40.758437048812226,-73.71042302,106,42.61543714449887,11.443395305666991,Red,Snow,0,0.2923623434340068,35,29,352.38410695334437,24.81925054132991,Medium
06-03-2024 10:55,40.81103064749999,-73.95386314,297,16.081556888534955,50.69622266956067,Red,Clear,0,0.3765929073558154,56,13,201.6182698798422,26.50248341175332,High
06-03-2024 11:00,40.831021647905224,-73.81450644,174,48.32221409566765,18.432824274145723,Yellow,Snow,0,-0.125419537,9,9,476.7993830471876,17.31218665071013,Medium
06-03-2024 11:05,40.76119745483987,-73.79901789,240,71.13749120367308,16.906865709686016,Red,Snow,0,0.3878901043283487,26,38,426.6146127151797,22.92435835,High
06-03-2024 11:10,40.81344356109003,-73.94359704,99,54.039176541263544,15.117099088869878,Green,Snow,0,0.2435277276585972,70,22,64.01504154776747,10.569216883186975,Low
06-03-2024 11:15,40.89662265146496,-73.88368463,86,74.57041595174616,72.63543519054531,Yellow,Snow,0,-0.247502844,72,20,160.94849923388034,23.539152578021888,Medium
06-03-2024 11:20,40.89303123912251,-73.8540114,107,73.28731275251899,68.50405067664687,Yellow,Fog,0,-0.277773293,6,34,83.16359589,22.840218219364264,Medium
06-03-2024 11:25,40.86353996417889,-73.75505656,132,66.89094478152806,46.52453092649047,Green,Rain,0,0.6059879365818344,98,9,264.50587714662987,11.735450587241996,Medium
06-03-2024 11:30,40.855832714476655,-73.948146,268,47.720644318572006,94.43567672,Green,Clear,0,0.9159999461028034,57,23,134.00267243359627,12.647462982490481,High
06-03-2024 11:35,40.69339679232024,-73.95820381,16,72.67778776274655,33.247045706060796,Red,Rain,0,0.42871845324913593,60,14,248.06926196454754,6.357896162390629,Low
06-03-2024 11:40,40.80654825493066,-73.9788748,255,27.488793017821134,99.08429765,Yellow,Clear,0,0.1999594502565203,58,36,350.2009206418572,16.886140179758016,High
06-03-2024 11:45,40.83244309425315,-73.81687655,21,74.88512971,27.29676967,Red,Fog,0,0.6453887719892459,40,45,427.10915202180354,9.374971255312548,Low
06-03-2024 11:50,40.678575957861796,-73.88536316,183,21.688418238427456,92.64741889,Red,Clear,0,-0.503408069,55,9,51.41547287668853,26.14519597285177,High
06-03-2024 11:55,40.654899561999095,-73.88676195,50,35.54037467672201,59.266014481515796,Red,Snow,0,0.9128939417021706,93,9,167.22524944906462,29.914290754299483,Medium
06-03-2024 12:00,40.797542818541416,-73.94615046,200,14.006726186901334,89.49781563,Green,Fog,0,0.706077616,54,24,75.07169345108768,22.86962756,High
06-03-2024 12:05,40.87991107225422,-73.93045394,133,19.967457046725286,18.46608158548911,Yellow,Snow,0,0.4944599808401742,72,30,343.1461265,17.302393053886647,High
06-03-2024 12:10,40.84467289203114,-73.74322725,105,8.506020902,74.39313401285017,Green,Fog,0,-0.437893144,71,27,151.02741614454465,14.100205162570596,High
06-03-2024 12:15,40.88726722941517,-73.82662847,195,40.26945882892923,44.71927227456665,Green,Rain,0,-0.36918167,93,49,108.1725845721405,6.852768456911264,Medium
06-03-2024 12:20,40.87105709577199,-73.80752706,42,12.926979564000048,53.141196513240054,Red,Snow,0,0.4246182747961198,87,46,314.83671442202547,8.531772054482168,High
06-03-2024 12:25,40.83569576423062,-73.83586324,208,71.83247548136318,24.6922269,Green,Rain,0,-0.940841209,40,33,328.1956221543254,17.38509146794662,High
06-03-2024 12:30,40.717307722193176,-73.92373434,193,74.00662331141369,89.18110873017609,Red,Rain,0,0.4277910722346421,5,19,327.38419554879937,8.732377149308316,High
06-03-2024 12:35,40.70621389261374,-73.71435788,266,46.40306113448912,35.10835213720638,Red,Clear,0,-0.567652142,10,10,342.66410596680686,25.984307146809428,High
06-03-2024 12:40,40.70781488567879,-73.76274387,28,19.68206246589231,32.34370702,Yellow,Fog,0,-0.649958304,40,28,235.25105953402124,21.671716657326442,High
06-03-2024 12:45,40.82045259985517,-73.82768831,288,54.94934824900165,27.57981698358379,Yellow,Fog,0,-0.770181983,58,21,89.69283971023799,7.980421832,High
06-03-2024 12:50,40.729021386232624,-73.7021947,192,33.91782990484843,52.060894590524505,Red,Snow,0,0.17599053047321056,29,16,370.96733301316493,11.09480661838921,Medium
06-03-2024 12:55,40.68392076839675,-73.73913509,26,30.851138079924844,12.445866988901772,Green,Snow,0,-0.997729566,35,34,289.4210002934505,12.442315962960869,Medium
06-03-2024 13:00,40.64703300173743,-73.75786812,149,57.573881375622435,67.06481524161003,Red,Clear,0,0.8695075152001763,61,48,473.52803832861645,18.964182698429543,Medium
06-03-2024 13:05,40.85975254894065,-73.84078496,240,50.14757663348622,83.63822757406777,Yellow,Fog,0,0.19928140461242383,52,48,111.45408034370377,17.086977909633518,High
06-03-2024 13:10,40.81549461124868,-73.73476931,34,76.85991849718012,15.977221568577713,Green,Fog,0,0.9779622028264436,83,38,52.57143873300488,17.126643182486383,Low
06-03-2024 13:15,40.64155217560086,-73.71910938,123,70.30883826,82.56493237763996,Red,Snow,1,-0.304389724,55,1,325.2244562277081,20.58481163257575,High
06-03-2024 13:20,40.69554651913997,-73.94216872,240,61.346976644030704,39.004686506699514,Red,Fog,0,0.25387107519034924,20,30,285.89228977566415,25.989361539298297,High
06-03-2024 13:25,40.65095786801024,-73.80248825,214,70.39749546402541,51.41192246579842,Green,Rain,0,0.8036670615938029,15,8,152.44661705463946,20.038972802871786,High
06-03-2024 13:30,40.81464672312324,-73.96755105,157,31.19273655557072,51.16474877611565,Yellow,Clear,0,-0.438529667,63,44,305.05749580935213,7.108781984167199,Medium
06-03-2024 13:35,40.86139038592533,-73.78849196,297,35.7930459,12.109233458521143,Red,Snow,0,-0.604502328,22,23,364.52240429006196,9.639865807514795,High
06-03-2024 13:40,40.698462102596004,-73.81977991,150,23.82627983753932,76.45357669516818,Green,Clear,0,0.5671999446011353,37,36,227.62824454556704,17.85162446048674,Medium
06-03-2024 13:45,40.85816997769211,-73.80731891,12,52.88241083636298,12.00071270816138,Yellow,Fog,0,0.841685066,81,6,469.6101795875848,14.71873579381222,Low
06-03-2024 13:50,40.866535964714146,-73.87429581,267,51.43139592558067,63.25699956003765,Red,Fog,0,0.4404654851675076,38,1,464.6822918973597,10.808769112069285,High
06-03-2024 13:55,40.695788673378125,-73.72212622,201,20.53876399447654,63.390194050576724,Red,Rain,0,0.5619579925962361,50,16,328.79117826579443,9.718197886966308,High
06-03-2024 14:00,40.74422676048725,-73.70320795,148,64.63987578129485,47.48893974314627,Green,Clear,0,-0.144008936,44,21,482.9139504825399,12.709281315659789,Medium
06-03-2024 14:05,40.83806152050916,-73.8062426,188,73.86052609279292,47.621915271387444,Yellow,Snow,0,0.080440192,61,24,220.0162168588891,28.511190814227064,Medium
06-03-2024 14:10,40.72056336654995,-73.87198718,31,65.47658988781893,61.54148025110232,Yellow,Clear,0,-0.351971634,98,24,200.94331948570115,5.139715101870269,Medium
06-03-2024 14:15,40.66737515476421,-73.90738266,31,18.707207216058883,28.245080902882837,Green,Rain,0,0.6432968703853987,43,48,151.4693042253492,6.3630164337785216,High
06-03-2024 14:20,40.64656736527155,-73.81985812,190,73.97263903430924,24.799218571146113,Red,Clear,0,-0.199932422,57,40,122.83486051574904,16.219792498317105,Medium
06-03-2024 14:25,40.74688536047008,-73.71591356,173,26.681371710245816,80.21260161403158,Red,Clear,0,-0.151506157,85,6,56.54193303643025,28.134858883146187,High
06-03-2024 14:30,40.65118042739199,-73.89046583,68,9.196711882787838,19.945199260737304,Red,Snow,0,0.8982880908629034,68,6,349.3281837481102,13.730569030696358,High
06-03-2024 14:35,40.648765542260726,-73.89970684,185,71.76698230739306,62.58876906083791,Red,Fog,0,0.16028165671529027,89,33,167.09560029236917,11.220703047642376,Medium
06-03-2024 14:40,40.64150588782703,-73.77341297,228,32.778322868039524,70.12085656806477,Green,Snow,0,-0.830529858,39,23,432.4660630521364,10.428400490141104,High
06-03-2024 14:45,40.78096511899422,-73.70416904,111,54.14445749953092,11.217837599765335,Yellow,Fog,0,-0.319444385,45,20,137.0088838323882,9.755526979768419,Medium
06-03-2024 14:50,40.80478918063946,-73.77898039,295,39.17218203572493,52.02405935411031,Red,Rain,0,0.6955270085041236,81,14,422.23928688455186,7.261241597113619,High
06-03-2024 14:55,40.72487856909571,-73.97396855,17,75.69737199974715,29.95761037989801,Yellow,Fog,0,-0.945261305,96,47,152.46606921732229,5.222580395169669,Low
06-03-2024 15:00,40.609528268300004,-73.92235449,181,72.42352535658351,74.34868156045265,Green,Rain,0,0.209844468,71,20,298.47712271504145,12.284717978928903,Medium
06-03-2024 15:05,40.69080267992477,-73.87879443,153,59.179310920941816,82.24673766172073,Green,Fog,0,0.09054827,55,43,67.08181601211757,9.487617018,High
06-03-2024 15:10,40.659424127595905,-73.76842624,128,42.41043016842613,50.126202318239514,Red,Fog,0,-0.602268587,54,2,87.30923525992685,6.450788821584306,Medium
06-03-2024 15:15,40.89766507049022,-73.74864652,172,63.47222849960136,99.36370794,Yellow,Fog,0,0.7079626544870241,49,37,434.1609159733949,17.437882937188377,High
06-03-2024 15:20,40.67544480367462,-73.8951634,170,56.57199028427668,70.36062665234954,Yellow,Snow,0,-0.240138359,68,28,59.67570406336664,6.464319077132748,Medium
06-03-2024 15:25,40.601455752354795,-73.85919913,117,34.29567036,73.00124522623545,Yellow,Snow,0,0.6660978791950372,56,3,54.74203627325564,22.991128214250736,Medium
06-03-2024 15:30,40.669219182292025,-73.82192251,31,17.03782653905256,23.314154999081133,Green,Clear,0,0.9870857260601107,62,17,389.3164261906222,17.443826684014923,High
06-03-2024 15:35,40.88423725680232,-73.71081676,212,5.011059107490957,46.53135641369985,Yellow,Fog,0,-0.477588243,21,39,129.5477002252225,27.84991357768751,High
06-03-2024 15:40,40.73997605027796,-73.88943902,266,66.83902116312433,95.68533936427384,Yellow,Snow,0,0.42958461413254656,67,28,80.50405246638843,5.453609079258363,High
06-03-2024 15:45,40.72101076,-73.7523103,169,16.564010796469972,22.87340292714719,Red,Snow,0,0.2618200599489624,76,25,443.30339780883645,12.321160154029666,High
06-03-2024 15:50,40.61772327278602,-73.91492733,107,72.21745301049958,86.74611403,Yellow,Snow,0,-0.763178722,88,46,165.31595568061783,10.997809732092385,High
06-03-2024 15:55,40.601952213102756,-73.8713004,55,58.98421263051288,86.28726363932915,Green,Rain,0,-0.701000687,90,13,323.94499390429684,6.873574682815182,High
06-03-2024 16:00,40.78605729384467,-73.96650201,246,74.36937334740688,12.198880557026136,Yellow,Fog,0,0.7346462092569828,1,16,134.25748211711868,28.664806320168825,High
06-03-2024 16:05,40.79454055810585,-73.92529564,33,33.01544062652889,93.38526978542228,Red,Rain,0,0.2988409415345261,84,25,94.01947205870368,25.34993608003085,High
06-03-2024 16:10,40.63530723642041,-73.8880286,89,14.633300873603524,81.96569856290466,Green,Rain,0,0.07167895,6,37,278.78599370485006,20.00770618317614,High
06-03-2024 16:15,40.804774426673326,-73.78717007,250,22.86903763300692,49.31763775113622,Red,Fog,0,-0.664215518,12,42,477.7138671278465,28.051480236828752,High
06-03-2024 16:20,40.846844529853804,-73.73249844,293,51.47671933252809,67.99486630315616,Red,Fog,0,0.2313528073637774,14,32,284.4684948829869,17.685449812512275,High
06-03-2024 16:25,40.68450129567426,-73.7781134,173,15.661876090042943,64.89847793349821,Yellow,Rain,0,-0.136337775,19,35,222.8493728515006,20.58351672413562,High
06-03-2024 16:30,40.79996084907783,-73.92670736,48,34.784164395896454,22.18872629229006,Green,Rain,0,0.24568433211376672,19,19,76.91319197540858,14.457218747493151,Medium
06-03-2024 16:35,40.886882196166574,-73.88182509,200,40.05776006,19.028512504853197,Green,Snow,0,0.8814612129314972,89,7,383.63493556758476,23.825404526260815,Medium
06-03-2024 16:40,40.79189693860779,-73.97265715,277,41.73781184521964,85.73101965047559,Yellow,Rain,0,0.5588150662579765,88,23,400.7108482036642,9.241197190606488,High
06-03-2024 16:45,40.719321264289896,-73.8714124,124,36.38684432336908,28.399473191510996,Yellow,Clear,0,0.055127849,80,14,477.29382454089915,9.013914965768317,Medium
06-03-2024 16:50,40.72089041,-73.95911433,200,15.388482753343926,49.83792999023034,Green,Snow,0,-0.543483422,9,40,214.06818711762975,27.76721361226329,High
06-03-2024 16:55,40.846687218710976,-73.83044354,54,58.14058752267495,61.05165855387304,Green,Snow,0,-0.70036081,58,39,173.58700006473666,8.11624683,Medium
06-03-2024 17:00,40.628183872854684,-73.85137488,52,15.112308927782962,37.84195351479429,Red,Rain,0,0.9151032911942845,70,36,450.99498290754474,29.82137429308074,High
06-03-2024 17:05,40.768026984977375,-73.71358577,206,12.159029492869026,82.69759294655775,Green,Fog,0,-0.95614217,45,18,209.15833661460314,21.718387170684316,High
06-03-2024 17:10,40.86266821645713,-73.7440398,132,58.344097886782166,66.57981195281829,Yellow,Clear,1,-0.829149208,49,17,486.4496834797729,15.719746160236806,High
06-03-2024 17:15,40.613558490279715,-73.71199201,221,57.892216742356396,28.34001459064191,Green,Clear,0,0.38713457059671685,83,23,402.93959390261256,12.481380097360258,High
06-03-2024 17:20,40.899108225666836,-73.87850128,145,17.500577548232776,62.87335204006484,Yellow,Snow,0,-0.231961528,83,31,201.60281927424512,8.420681557993172,High
06-03-2024 17:25,40.69128519672365,-73.74449938,37,24.07965537435778,16.292874282629448,Red,Clear,0,0.582844314,63,19,119.03056102178871,15.067414223276486,Medium
06-03-2024 17:30,40.75674281637682,-73.90806919,186,45.81200253641267,63.976777491570196,Red,Rain,0,0.7670842781278557,53,37,57.29474935,18.73797831586689,Medium
06-03-2024 17:35,40.64561462042962,-73.90870994,228,8.323268502669528,83.99288679653898,Yellow,Clear,0,-0.88547471,88,44,111.55726698514388,5.233684726154454,High
06-03-2024 17:40,40.84591305342148,-73.82215445,61,14.401389697653967,43.633512468457795,Yellow,Rain,0,0.32221641275692403,16,15,235.60821584910897,13.510779230560644,High
06-03-2024 17:45,40.68360528324268,-73.7349971,141,13.115319025594115,78.49619554474181,Green,Rain,0,-0.46797634,96,28,484.8209375035673,16.60586501934452,High
06-03-2024 17:50,40.73269242239434,-73.89566904,53,7.3391442042847155,71.34151024098992,Red,Fog,0,-0.075334496,36,34,499.7913829187385,27.979755209173728,High
06-03-2024 17:55,40.81900818095132,-73.90468537,48,53.41018366,52.32090648136016,Green,Rain,0,0.5215083094619204,37,37,409.2947475243973,14.769341883418203,Medium
06-03-2024 18:00,40.65051536086665,-73.97796334,242,7.026703200197655,37.36887703736664,Green,Rain,0,0.27069465625185485,74,48,68.61018723280118,21.93776865179844,High
06-03-2024 18:05,40.81640682101533,-73.71510582,147,60.34257662341696,83.61777479661006,Yellow,Fog,0,0.7742134294285323,68,26,84.03446531,28.00238532237008,High
06-03-2024 18:10,40.61781825875632,-73.89245546,63,56.24228865569312,43.505538041726375,Green,Clear,0,0.16036659089781558,66,28,297.6763746,17.76437550581145,Low
06-03-2024 18:15,40.733547247925884,-73.93390506,173,71.87400070230552,16.504976346721854,Yellow,Snow,0,0.9214857437995028,54,13,272.9189055524125,22.593706259992228,Medium
06-03-2024 18:20,40.81518524006024,-73.89478505,237,78.21549817,21.444707724648637,Red,Clear,0,0.2478789572563873,29,9,368.4734086258261,21.42126623817126,High
06-03-2024 18:25,40.69487148076055,-73.74776154,18,15.73068416,95.26381446161582,Yellow,Clear,0,0.4859595740754319,17,10,63.64734190714472,28.106854722078907,High
06-03-2024 18:30,40.79235536957456,-73.99747549,101,18.893810312687837,15.009776705711579,Yellow,Snow,0,-0.771849757,25,35,333.89575135467993,27.204017511972047,High
06-03-2024 18:35,40.82217336549758,-73.95763284,87,49.10963027937301,44.22169065,Green,Rain,0,0.6057776249097726,26,0,163.33612854985304,6.650735876,Low
06-03-2024 18:40,40.876157936687505,-73.77736117,96,76.55306454159907,46.59357106703628,Yellow,Snow,0,0.7025510052001154,34,10,215.68271971500369,7.618973965616577,Low
06-03-2024 18:45,40.687683034207275,-73.7318761,215,77.67735885015504,30.835787290003434,Red,Clear,0,-0.799050567,33,13,486.4983743430919,25.344695538246878,High
06-03-2024 18:50,40.71474886217557,-73.94190302,292,38.69235587787282,86.57167957,Yellow,Fog,0,0.5380403080435245,85,29,294.0732880224001,8.593619158648304,High
06-03-2024 18:55,40.74729865214101,-73.72784356,44,48.22345150033801,47.83818756803654,Red,Rain,0,-0.644932772,47,23,75.60420771288662,24.26062643178708,Low
06-03-2024 19:00,40.758879251515516,-73.83101293,123,50.85424597097819,28.92996807,Yellow,Rain,0,-0.297854764,56,36,112.24224277176492,22.59269309197064,Medium
06-03-2024 19:05,40.60534594956268,-73.76054703,215,44.45465378147647,70.87214003063767,Yellow,Clear,0,-0.276248325,60,36,398.7652755259583,12.625141294949469,High
06-03-2024 19:10,40.888296002375505,-73.86763379,154,42.82786337880155,66.43522124868589,Red,Snow,0,-0.71482194,32,42,311.72138235912183,25.460420627239127,Medium
06-03-2024 19:15,40.834008369224236,-73.86140576,191,56.00019958248967,27.370932482217547,Red,Snow,0,-0.611098242,90,25,464.24554751570577,10.208035420772354,Medium
06-03-2024 19:20,40.79403299474474,-73.97202791,236,46.64874479596525,95.95700905050239,Green,Rain,0,-0.01181856,43,18,292.25051555276673,23.822868844898196,High
06-03-2024 19:25,40.790623539068314,-73.84486806,118,63.16391905008928,50.00376567172289,Red,Rain,0,-0.983306346,29,24,124.51131134471703,23.257058270049953,Medium
06-03-2024 19:30,40.60397530842924,-73.88494377,116,33.12831648866084,45.38082684582567,Red,Rain,0,-0.731237597,43,12,190.44199971087687,11.63545796,Medium
06-03-2024 19:35,40.68476517071829,-73.70095144,111,63.964207604298025,57.66903860354559,Yellow,Rain,0,0.14461202330074951,2,28,252.08800343569305,11.931132883082178,Medium
06-03-2024 19:40,40.634391443847626,-73.92620377,126,8.000227992620967,63.07746046133077,Red,Rain,0,-0.387981231,24,2,299.16531657183657,26.534910411420597,High
06-03-2024 19:45,40.73614669029727,-73.7557222,79,16.69818611196736,86.29660309865176,Red,Clear,0,0.4374458644451711,69,5,233.86408429670192,9.202033087899492,High
06-03-2024 19:50,40.84441340773122,-73.94549863,274,25.195968623552165,80.74446728125683,Red,Snow,0,-0.886615472,5,12,484.86594321698163,5.593856018079012,High
06-03-2024 19:55,40.700688372919146,-73.92329427,18,30.18974956041338,40.96595852068201,Green,Clear,1,0.071954361,12,13,233.36537618071685,20.35220151392027,High
06-03-2024 20:00,40.674971051689596,-73.86384988,88,53.167431554555186,52.869462284755095,Red,Clear,0,0.4057720525444666,96,46,436.2346296910944,7.840618466873831,Medium
06-03-2024 20:05,40.762995359533456,-73.84153194,203,26.99880965413783,73.58272152749244,Red,Snow,0,-0.830804269,74,12,165.9575663223987,29.01150782821992,High
06-03-2024 20:10,40.88933833720355,-73.98549054,85,56.11159901,98.07116179913768,Yellow,Fog,0,-0.573510309,23,39,252.82962470113472,13.109786256650967,High
06-03-2024 20:15,40.79661268104829,-73.85750773,161,24.830555915247515,46.19348452,Red,Snow,1,-0.417540423,85,43,476.91095416777694,10.287218302294953,High
06-03-2024 20:20,40.87919707005497,-73.84255474,113,74.77666165518009,70.07714390381508,Green,Clear,0,0.8841885275695558,28,9,337.0743447,12.592692172054022,Medium
06-03-2024 20:25,40.64286057258751,-73.77381275,44,42.51788014789913,22.61065299096116,Green,Snow,0,-0.349379107,48,44,229.46601846919862,25.69461401050431,Low
06-03-2024 20:30,40.73677513,-73.85028873,198,22.990604151182517,79.31239474568068,Green,Rain,0,0.9042987865567198,25,15,150.71857649642106,14.745939137406696,Medium
06-03-2024 20:35,40.85476717271569,-73.82575276,176,12.932168480738724,73.72720678,Red,Snow,0,0.3871469579799087,26,37,108.1842016699074,17.94685678631441,High
06-03-2024 20:40,40.750133784679655,-73.89905642,280,22.179935708996144,87.20444542705168,Yellow,Fog,0,0.8731621305254178,91,44,457.49922884439025,20.143569536197884,High
06-03-2024 20:45,40.75557606314017,-73.78800789,95,22.82199642000365,86.90028596151973,Green,Rain,0,-0.214278825,12,6,477.87586852250485,13.88010167250855,High
06-03-2024 20:50,40.82289133,-73.91346099,255,67.99465934028373,78.76514739,Red,Rain,0,0.22748434769556547,61,4,201.1078436859393,28.950647301914017,High
06-03-2024 20:55,40.70163151373945,-73.87784415,225,67.57229165751363,48.928242477794505,Red,Snow,0,-0.331713227,29,12,445.3345232,8.010630484,High
06-03-2024 21:00,40.72546541144868,-73.84653014,40,45.999174634388474,27.67741611269432,Green,Snow,0,0.1836694648326147,21,0,180.59982190025556,9.973308919905204,Low
06-03-2024 21:05,40.8956086,-73.81464783,275,28.974326838598536,31.25691642463721,Green,Clear,0,0.8970684356680634,11,41,272.1877247593616,25.072842506701097,High
06-03-2024 21:10,40.618392179809526,-73.98189921,163,47.99911819026364,94.81034309849024,Green,Clear,0,0.034261799,76,19,185.2630319151002,11.82032520456577,High
06-03-2024 21:15,40.605681045508256,-73.80436839,296,43.23979571772229,46.44838031465101,Green,Fog,0,-0.48946287,25,13,69.71695416446785,8.226770468,High
06-03-2024 21:20,40.68514509153134,-73.84420503,259,52.985622853248856,62.23811031827677,Red,Fog,0,0.069613263,10,46,239.85458545232788,19.824547646481562,High
06-03-2024 21:25,40.61195248,-73.97779164,166,53.90324585828234,12.239213112065734,Yellow,Clear,0,0.8088587524039184,34,35,441.0425625538585,21.44651162450851,Medium
06-03-2024 21:30,40.663147607782584,-73.88826681,87,22.515044447342135,66.50436587177502,Yellow,Fog,1,0.38581307215240157,42,13,232.05724574012984,14.083615562360716,High
06-03-2024 21:35,40.86142487689792,-73.95055761,95,34.62874927004536,29.114123907721222,Green,Rain,0,-0.792387989,51,2,474.0853467203282,5.356919416742282,Medium
06-03-2024 21:40,40.85302945010936,-73.92318508,106,42.16981754531369,65.94939769,Red,Rain,0,-0.802516159,39,11,445.0255917560437,21.552937315851114,Medium
06-03-2024 21:45,40.78118353301078,-73.77459163,255,57.34145414256105,29.44401729,Green,Rain,0,0.8006049375994151,98,25,466.66884863571113,12.615089557401589,High
06-03-2024 21:50,40.67052042254084,-73.91465286,299,13.25886304972532,11.619944793409372,Red,Snow,0,-0.492159986,68,2,246.6949752236554,7.588892885,High
06-03-2024 21:55,40.645832441549594,-73.88757367,258,15.100751680412051,30.45207533431257,Yellow,Clear,0,0.7127120742332016,16,3,151.82660767783088,6.582234904995561,High
06-03-2024 22:00,40.76388280857704,-73.81535852,145,16.230960713503165,74.57753215573648,Yellow,Snow,0,-0.691714969,13,41,117.55008132699753,26.924588324482897,High
06-03-2024 22:05,40.848478543342225,-73.7074624,207,71.63149605573977,78.57513497,Green,Rain,0,0.6238726457397483,7,28,448.56225879722746,8.925820587,High
06-03-2024 22:10,40.67812016609783,-73.72910756,132,14.341651678932203,43.829955339373434,Yellow,Clear,0,-0.069070687,78,7,148.2699957948303,12.132858765725874,High
06-03-2024 22:15,40.738291122240355,-73.72924803,193,28.55302845549525,74.79640083,Green,Clear,0,0.016153496451065896,18,43,105.65304901849245,9.670422660708113,Medium
06-03-2024 22:20,40.87835960402424,-73.85465839,157,33.60901472333583,99.20740449319182,Yellow,Fog,0,0.9690543827189972,36,16,373.7737677749825,25.076178373104945,High
06-03-2024 22:25,40.63303819504417,-73.83760164,259,74.84100892855001,82.77749297863448,Yellow,Snow,0,-0.515533724,93,17,145.75962816703318,12.86909149,High
06-03-2024 22:30,40.79816811937024,-73.86663797,270,9.102502761654652,47.50179607455135,Green,Fog,0,-0.365016339,95,39,207.47010141585147,16.638300103434112,High
06-03-2024 22:35,40.84735406906657,-73.89913919,91,75.69167466494669,35.78351286362029,Yellow,Fog,0,0.10212579374071806,4,4,124.78912867166308,12.420834338176558,Low
06-03-2024 22:40,40.69878070347857,-73.82372875,282,47.77886256956119,88.85918202841803,Green,Fog,0,0.5494948788046192,69,35,370.47442194367153,14.333824535377108,High
06-03-2024 22:45,40.79887814638371,-73.80040241,288,36.87550915,88.45601522049576,Yellow,Rain,0,-0.966513509,28,5,57.62970475396631,28.640481005821286,High
06-03-2024 22:50,40.61706125559502,-73.9081105,211,78.21711037775094,68.1750016,Red,Snow,0,0.3242057392065838,94,11,190.45836052150486,24.632665289630822,High
06-03-2024 22:55,40.63670706478636,-73.83572967,233,5.386275045742929,22.652497521487838,Red,Rain,1,-0.156978573,47,8,474.1150149764033,16.365821086887827,High
06-03-2024 23:00,40.68969170226319,-73.78713138,172,18.285441084336632,26.209972860197734,Yellow,Rain,0,-0.133873656,56,6,154.07236419572655,22.571398625941264,High
06-03-2024 23:05,40.86550163610791,-73.84739308,42,68.07488318132702,50.922944537424456,Red,Fog,0,-0.449857315,57,34,155.29861824319602,25.206955843655354,Medium
06-03-2024 23:10,40.68490404,-73.91732649,16,14.883291341573964,42.45858447756914,Yellow,Clear,0,0.7930357603194478,28,7,232.45136985898623,28.635383438776667,High
06-03-2024 23:15,40.73505183424098,-73.72864069,285,53.454174804308416,60.65901492091305,Yellow,Clear,0,0.10927725295978052,58,42,455.47748202054805,23.411830537383707,High
06-03-2024 23:20,40.74944420852842,-73.70362718,103,52.510646862215864,84.80053450746732,Red,Fog,0,0.41571238068400174,67,1,79.09821519,28.220040314870893,High
06-03-2024 23:25,40.824244669329445,-73.97371933,44,36.35851955448588,29.590585599924243,Yellow,Fog,0,-0.584373099,8,42,464.31680570760625,22.731392474297383,Medium
06-03-2024 23:30,40.768921979385766,-73.96202654,276,33.08949662,96.05436687855804,Yellow,Rain,0,-0.925167155,2,46,78.10928170312977,29.702532267178874,High
06-03-2024 23:35,40.87125082692807,-73.99269861,162,50.39269003461904,45.139509542244674,Red,Rain,0,-0.046221666,43,30,461.60834464326945,13.765136953851641,Medium
06-03-2024 23:40,40.64034237002028,-73.88295485,294,30.135051253010715,65.35969916308636,Green,Rain,0,-0.002679645,21,43,238.06747014296195,21.182634790788704,High
06-03-2024 23:45,40.78063674868217,-73.97126776,18,74.41826591472244,65.98731838271135,Red,Snow,0,-0.005579039,45,11,260.2208241453391,29.54380009348408,Medium
06-03-2024 23:50,40.72149123,-73.88800739,256,21.450125857042366,98.76460974848956,Yellow,Snow,0,0.6511210162175369,55,32,383.8029443125574,7.845010896231598,High
06-03-2024 23:55,40.75795894540201,-73.86808103,131,30.74116121827559,25.558525870858933,Yellow,Rain,0,0.772253662,72,2,91.51807188986982,29.514076840325618,Medium
07-03-2024 00:00,40.75995430029556,-73.96781971,192,45.22217479111084,64.01829456609525,Green,Snow,1,0.24181604817032065,8,39,145.52139583542137,16.86665045623576,High
07-03-2024 00:05,40.81416603368652,-73.77790561,45,38.63863641245219,24.099978871092134,Yellow,Rain,0,-0.658224465,48,4,288.97135375427973,23.530066079278903,Medium
07-03-2024 00:10,40.78434516795102,-73.89857611,227,34.11734202184583,97.10021224876654,Yellow,Fog,0,-0.128192411,55,19,171.28159765512487,27.161503749431812,High
07-03-2024 00:15,40.708210488150876,-73.95554054,58,5.227570839403867,30.37954894034789,Red,Fog,0,-0.476473614,45,34,156.89025473666308,20.398790572108403,High
07-03-2024 00:20,40.812360882794245,-73.73040137,244,76.02244591319841,62.79575173589611,Yellow,Clear,0,-0.463002015,8,45,299.4414878413173,15.783240950858557,High
07-03-2024 00:25,40.871957732025514,-73.89894632,76,36.328953434230286,36.42110722813466,Yellow,Clear,0,0.29686943186271053,16,28,82.80695688636473,16.383196012361275,Medium
07-03-2024 00:30,40.62377783332148,-73.97717796,154,47.65935335925718,42.30979673,Yellow,Snow,0,0.28888145106058705,46,38,207.38866959504193,26.506614024548245,Medium
07-03-2024 00:35,40.634092096902144,-73.81236791,187,25.90306218652205,12.33456762391745,Red,Snow,0,-0.85747707,55,22,53.14803911,12.016997223355485,Medium
07-03-2024 00:40,40.738433278289996,-73.71438309,20,26.420064857281584,95.68636662388104,Yellow,Clear,1,-0.592232041,92,34,209.04293209375254,11.34765139942591,High
07-03-2024 00:45,40.70194554272614,-73.80049581,88,29.78705706387026,97.47399968547774,Green,Fog,0,0.19260098623680566,79,4,379.24498793346805,26.436633277427507,High
07-03-2024 00:50,40.78689391204207,-73.87798,80,39.463904973239124,12.490357085776562,Green,Rain,1,0.6903115572837566,12,42,181.6352539412522,20.78734001717247,High
07-03-2024 00:55,40.61075367121553,-73.92714681,57,60.22456984055498,46.98607638386546,Yellow,Fog,0,-0.312662824,39,4,185.76579268049977,7.052699014365164,Low
07-03-2024 01:00,40.77632808913526,-73.80382952,204,39.75291606795872,88.89207521164937,Green,Fog,0,0.967478868,76,26,157.72673467640706,20.134117343038213,High
07-03-2024 01:05,40.876786456580504,-73.94593302,98,24.053230482752877,60.95050247992469,Yellow,Clear,0,-0.288064191,87,30,400.5069142,13.824137873161812,Medium
07-03-2024 01:10,40.74555650534413,-73.71635748,17,50.08705809788899,31.683041840395223,Yellow,Rain,0,0.5407187908871374,27,7,167.90703765213465,16.597331836750506,Low
07-03-2024 01:15,40.740530822206665,-73.70408491,225,61.658819732694596,65.69437090980162,Green,Rain,0,0.49685025357695767,53,6,233.06127854957043,24.525563379380813,High
07-03-2024 01:20,40.75484471684828,-73.76979,285,41.703996091338134,46.891280984835504,Yellow,Fog,0,0.5369827249719694,77,24,71.88957371116739,5.099674677971148,High
07-03-2024 01:25,40.65320272045995,-73.85360167,258,20.03093560617271,81.82521998001995,Green,Fog,1,0.8858285367094361,81,47,344.4526595720298,7.916061407729304,High
07-03-2024 01:30,40.86919582871252,-73.88059751,112,53.45272698354721,89.1089157,Yellow,Clear,0,0.4864926762137405,2,2,55.12880636165862,6.364123008893925,High
07-03-2024 01:35,40.771265874428416,-73.90646031,73,63.21208139127782,35.59575075611211,Red,Clear,0,0.42232351681962377,74,33,107.38700704333456,27.39166818058184,Low
07-03-2024 01:40,40.690959028318325,-73.9942986,144,17.952461501541734,39.05315367987703,Green,Snow,1,-0.53497883,43,21,407.3852627844564,19.551296014366798,High
07-03-2024 01:45,40.603833442505355,-73.95455802,234,27.400090335610333,43.61105768218764,Yellow,Rain,0,0.5621960803253085,15,10,391.90142686006664,19.84757435329727,High
07-03-2024 01:50,40.84339863890872,-73.77413743,228,72.91088027960652,53.802842603320684,Green,Fog,0,-0.327459114,71,8,344.9141058778436,6.878513138,High
07-03-2024 01:55,40.785832428346005,-73.82728885,126,56.16378435710178,49.817479234298034,Red,Snow,0,-0.878205708,97,17,389.13867023895665,11.023112417340496,Medium
07-03-2024 02:00,40.61141481419764,-73.99208988,54,43.26671926729665,95.23636710391831,Green,Clear,0,0.069931422,62,15,143.55233942720557,7.589536448300125,High
07-03-2024 02:05,40.70428062501187,-73.77179749,259,29.181106667622334,70.80143444852347,Yellow,Snow,0,0.8322151080388576,99,44,258.1725462248427,20.605124310743115,High
07-03-2024 02:10,40.73308607873688,-73.8794475,96,43.57425718551775,63.41988701353585,Red,Clear,0,-0.526909583,36,12,66.73470688656644,27.584755737495904,Medium
07-03-2024 02:15,40.75229915990362,-73.8122272,59,16.27572988292738,51.749728672588155,Red,Snow,0,0.33686635268491094,54,7,147.9131794299669,20.858734465578674,High
07-03-2024 02:20,40.73708495580337,-73.75286989,16,44.527133036715924,41.185872634107795,Green,Fog,0,0.7125463079476022,8,42,238.02261040055237,22.166320797166556,Low
07-03-2024 02:25,40.78986762260915,-73.83384555,213,52.978213890219216,27.727763500116325,Green,Clear,0,0.8147124686264768,9,19,99.56292500631095,11.678770741703346,High
07-03-2024 02:30,40.660200021205526,-73.97236171,291,27.794148883593927,68.39218880997421,Yellow,Fog,0,0.033679735,51,9,140.05069160839446,23.243520237967214,High
07-03-2024 02:35,40.89768152080602,-73.93573565,97,71.56613388234649,85.01775955934202,Yellow,Fog,0,-0.055319026,36,32,59.631266879263535,16.380776250509985,High
07-03-2024 02:40,40.71498381033803,-73.71422133,156,46.04241556048116,31.545780174022504,Red,Snow,0,0.057272265,42,37,234.0879346111775,16.491057718552653,Medium
07-03-2024 02:45,40.89887428173618,-73.8581967,156,30.60909008183338,62.35383299503268,Green,Clear,0,-0.482897715,64,49,74.29406341275772,9.564878517752216,Medium
07-03-2024 02:50,40.73608755961206,-73.7978363,103,11.223192231627376,31.751448220578812,Green,Snow,0,-0.356205487,96,17,330.0485455987794,23.755624555466472,High
07-03-2024 02:55,40.72678263,-73.75425275,84,58.39357527727499,49.02942945439189,Green,Rain,0,0.10060758296561034,35,15,320.5535398462877,16.17307831500321,Low
07-03-2024 03:00,40.60105753652541,-73.8006082,120,7.291356657,95.06140874240604,Yellow,Rain,0,-0.910946141,38,0,220.18529668668393,26.414242474382924,High
07-03-2024 03:05,40.74663962,-73.78869743,267,17.60270426594511,51.09684906217668,Green,Rain,1,-0.413753786,89,18,323.37278458258675,20.863761170225644,High
07-03-2024 03:10,40.851881,-73.99805427,261,43.06999558070189,63.922759035806415,Red,Snow,0,0.7521501023820776,58,43,76.41191506808522,23.420209974901784,High
07-03-2024 03:15,40.61002267395528,-73.78177419,32,17.863873441637125,79.15087169510814,Red,Fog,0,-0.650219913,14,30,403.6269315616873,27.307513244494892,High
07-03-2024 03:20,40.750478906144956,-73.88661982,193,48.612840428045274,85.42287718013992,Green,Rain,1,0.048049361,18,8,323.9246269,11.580218175744427,High
07-03-2024 03:25,40.607497750315694,-73.89717724,284,51.73481049125203,47.97612404732614,Yellow,Snow,0,-0.769643253,52,34,439.4418651657244,15.442082207972787,High
07-03-2024 03:30,40.78857244340874,-73.84812443,49,53.450831763054126,28.659499323719057,Red,Rain,0,-0.859651947,81,13,298.96044325328273,17.754283197458644,Low
07-03-2024 03:35,40.72737815005067,-73.80358645,33,52.738151432346505,33.63902980489141,Red,Snow,0,-0.334955767,24,1,131.11413063594512,24.031179864786658,Low
07-03-2024 03:40,40.87946146639447,-73.78835025,184,69.5236837,28.591223905661064,Green,Rain,1,0.29922037289134185,90,42,459.3876668835654,21.307306543355136,High
07-03-2024 03:45,40.8289228,-73.81884278,224,36.123958963048054,22.40395888669965,Yellow,Snow,0,-0.450980809,70,19,154.21488477033586,16.210011154042235,High
07-03-2024 03:50,40.70041271,-73.80873985,207,25.166658573438458,77.90729111096492,Green,Fog,0,-0.442680431,22,0,482.39381494895287,7.024768740638466,High
07-03-2024 03:55,40.85421133105254,-73.85395876,252,30.889996066674374,32.47714907086375,Yellow,Clear,1,-0.199289467,55,24,329.8843342535356,19.868992853565636,High
07-03-2024 04:00,40.631699179527224,-73.8521729,295,73.25515542686674,58.16396274777235,Red,Clear,0,0.24628688,78,49,328.02533888849445,19.237250558077086,High
07-03-2024 04:05,40.81944839,-73.70891396,210,75.48036984,79.22603777159013,Green,Fog,0,0.18418907586821387,63,21,58.34191390482181,14.459677986053142,High
07-03-2024 04:10,40.619753535781854,-73.8030704,80,15.178125116317396,85.33096044615428,Red,Fog,1,-0.357379478,47,18,301.7982095014835,12.668232583692275,High
07-03-2024 04:15,40.88885364991335,-73.82487612,215,55.86485371,76.59329875,Green,Snow,0,0.23956267197136416,50,49,395.5465698,18.34931395,High
07-03-2024 04:20,40.698080174708366,-73.92634755,254,74.83370670312893,72.98102633164319,Yellow,Rain,0,-0.080593546,84,22,460.6549686447078,20.427472776303546,High
07-03-2024 04:25,40.62807670524609,-73.87951782,219,18.576963966381662,11.77960658037908,Yellow,Clear,1,0.23346540661280968,81,42,413.4826743713377,10.115152327480544,High
07-03-2024 04:30,40.65478932,-73.70143257,256,50.44348824642104,37.495597805950695,Yellow,Snow,0,-0.959283393,89,14,130.79223984125917,7.158534993354327,High
07-03-2024 04:35,40.84879456593154,-73.97149858,162,31.44596653713497,23.368568826390277,Yellow,Clear,0,0.099312432,36,4,451.04508097593566,7.015096802715299,Medium
07-03-2024 04:40,40.718498655447476,-73.8001544,30,31.931638060717958,47.62239703492963,Yellow,Fog,0,0.4243213377394046,37,24,428.63376156872414,16.510792272810885,Medium
07-03-2024 04:45,40.643539180873034,-73.87869634,158,22.790743394548983,85.42941021006276,Green,Fog,0,-0.356803573,25,40,347.7039707581684,19.169745896522596,High
07-03-2024 04:50,40.792877239899646,-73.79478011,272,15.757493374196617,21.78758726017402,Red,Clear,0,0.985907294,70,26,185.12444703327452,12.070678308734262,High
07-03-2024 04:55,40.886000390036365,-73.84659255,72,22.86210293971037,50.46113997532174,Red,Clear,1,0.9398732605174167,60,44,284.9276016662825,23.34427738519049,High
07-03-2024 05:00,40.83761695547477,-73.97100253,81,17.18359069820025,82.03012236951503,Green,Snow,0,0.4737763010537024,4,27,61.889653694700016,17.89839614101013,High
07-03-2024 05:05,40.84405987925672,-73.94267621,182,20.54012163135987,95.62012672,Yellow,Clear,0,0.071900894,86,4,101.27159597400765,6.711013802720743,High
07-03-2024 05:10,40.84762862688217,-73.81056642,257,41.8077128,46.124265359213226,Yellow,Snow,0,0.10598509049961446,81,44,470.2469514,24.90553393315532,High
07-03-2024 05:15,40.82276861132571,-73.97480999,207,22.559564406222783,20.56768113056645,Red,Snow,0,-0.383592646,27,7,433.83785322006514,16.183437886274277,High
07-03-2024 05:20,40.81263701920643,-73.79659085,39,67.67412964642914,85.28151184329798,Yellow,Clear,0,0.7731436807701635,84,19,430.02370654664736,22.84467911,High
07-03-2024 05:25,40.86658892082785,-73.78993882,120,42.36780961121517,96.82109952499223,Green,Clear,0,0.15778109700319054,13,9,108.73585553561739,5.1873011566377345,High
07-03-2024 05:30,40.658657424494365,-73.80577908,222,40.29926387667914,66.57858531628891,Green,Rain,0,-0.27660787,19,21,125.44379744240895,17.089579988876274,High
07-03-2024 05:35,40.84225431027278,-73.71390637,250,9.396830860179588,99.20421192627927,Red,Fog,0,-0.921847683,30,5,462.1901447014011,6.353473249321816,High
07-03-2024 05:40,40.652418874461475,-73.87250331,265,54.17043059648585,56.35484908734798,Yellow,Snow,0,-0.469360309,40,10,79.10918737049911,8.569521681,High
07-03-2024 05:45,40.81812077983087,-73.7682513,243,41.944936618091084,70.24144088,Yellow,Clear,0,-0.234545511,83,47,479.32798430036075,5.4776735278477435,High
07-03-2024 05:50,40.85259799462291,-73.79367072,68,65.00732946771805,67.14912880129206,Green,Fog,0,0.3544739569259945,72,8,278.6864986043146,8.253397406,Medium
07-03-2024 05:55,40.79108495354042,-73.88715451,234,51.95009192225568,40.09026988172734,Red,Rain,0,0.069622523,66,49,249.08099573797344,26.240640031862824,High
07-03-2024 06:00,40.61019058364574,-73.74894786,149,77.44022839,84.61414123788634,Red,Snow,0,0.025794947269533797,34,7,104.28086126911121,9.420397747512903,High
07-03-2024 06:05,40.660162824099366,-73.7894864,31,61.74690472740318,92.128909,Green,Rain,0,-0.022771029,13,21,361.5701730976658,29.81252285,High
07-03-2024 06:10,40.77278255695631,-73.79543937,146,30.608522801049666,11.844468673907743,Red,Rain,0,-0.435102186,52,41,153.66905731042715,23.826969171170077,Medium
07-03-2024 06:15,40.64929704300227,-73.89525524,49,58.63575922800286,18.097373443358745,Yellow,Fog,0,-0.071836734,62,1,193.77128330115602,21.10017127464944,Low
07-03-2024 06:20,40.60927407546017,-73.79579428,243,71.7463612,85.08106962,Yellow,Rain,0,0.6037885181782636,25,8,447.2998264253437,16.363282660893077,High
07-03-2024 06:25,40.89803627404592,-73.9953033,127,63.40504245168274,30.211258517791016,Red,Fog,0,0.061434958213637536,10,49,355.90679003545495,22.56206718135038,Medium
07-03-2024 06:30,40.632497291850704,-73.85136982,67,24.00730030821706,66.97250202710686,Yellow,Snow,0,-0.821114123,52,41,325.70296102677077,19.091765634226526,Medium
07-03-2024 06:35,40.85717528542771,-73.84035537,155,7.226916378,88.50349759691505,Green,Clear,0,-0.06940283,33,0,227.2454563,16.38550004428917,High
07-03-2024 06:40,40.86827761925402,-73.98869903,56,5.473509739344536,58.790714272946666,Red,Clear,0,0.8784517974623394,15,10,197.37871011923278,28.772384491298308,High
07-03-2024 06:45,40.617961931977206,-73.95495626,275,49.53888399285701,72.11743139084376,Red,Snow,0,0.016970534,85,14,447.3940801808907,5.948533716577293,High
07-03-2024 06:50,40.868751724442475,-73.70855575,253,50.966871977719556,96.39644682,Red,Rain,0,0.25756288003287153,86,5,133.37246418701244,7.215973548027672,High
07-03-2024 06:55,40.74113485632655,-73.93381483,81,44.18479190732004,71.41260942014583,Red,Fog,0,-0.805776255,68,16,357.29036632608614,19.33892325020821,Medium
07-03-2024 07:00,40.735120665244416,-73.87035456,199,30.09236214819568,60.535469451595716,Yellow,Rain,1,-0.77277403,36,15,395.21977025628064,23.90068364392649,High
07-03-2024 07:05,40.85036823000101,-73.89221141,293,39.74661422216898,81.36488894750327,Green,Fog,0,-0.441143611,75,42,430.15168366037784,22.083318762440257,High
07-03-2024 07:10,40.74021540670115,-73.8649344,68,75.26722776810682,78.82413255939022,Red,Rain,1,-0.844991365,31,49,176.7702072006182,25.549205599665502,High
07-03-2024 07:15,40.60427740964689,-73.86461435,26,61.310791812670956,91.97213996944595,Yellow,Clear,0,-0.761992383,93,19,304.04240769412456,12.693901253245519,High
07-03-2024 07:20,40.82247935915787,-73.76922263,114,76.46072631366204,79.16704826597652,Green,Clear,0,-0.00962556,52,38,58.41875249091507,17.76668828114703,Medium
07-03-2024 07:25,40.82353467,-73.72297425,28,43.92752639952952,41.04159165971496,Red,Snow,0,-0.30604143,27,1,306.77886532902903,11.312212987333332,Low
07-03-2024 07:30,40.73605954582111,-73.77412331,104,5.656783390940277,87.17117046725268,Green,Clear,0,-0.40695976,76,8,206.28506576806416,21.245686681393543,High
07-03-2024 07:35,40.844894980516486,-73.89533359,262,63.921137897687196,60.467570541119755,Yellow,Rain,0,-0.635656894,12,49,187.14183062470596,5.544095466283379,High
07-03-2024 07:40,40.68548397,-73.86631673,149,70.33570103324293,81.11458511276071,Yellow,Rain,0,-0.855528253,64,37,210.61414425939708,8.118289383280878,High
07-03-2024 07:45,40.749879545864744,-73.75539033,294,53.80201350264371,76.28128488776612,Green,Rain,0,0.11410727326075265,74,9,486.73142016818156,12.363164209246758,High
07-03-2024 07:50,40.81977835779082,-73.75049149,157,78.86995876138893,39.16062869269482,Red,Rain,0,-0.030909551,21,3,357.73818477910123,10.829884523439757,Medium
07-03-2024 07:55,40.70109473395899,-73.89418412,129,27.09972755,27.00228428330305,Red,Clear,0,-0.744966568,95,29,265.3212110419289,8.957560599412949,Medium
07-03-2024 08:00,40.74002890813159,-73.79713242,288,44.25218889917071,57.34015751902491,Yellow,Fog,0,0.6579600617376311,34,6,180.30918859475742,26.616738067568743,High
07-03-2024 08:05,40.86456453192424,-73.77317444,131,32.59698488992643,68.11744965916509,Green,Snow,0,-0.649410326,47,22,201.64134959532177,9.639087637,Medium
07-03-2024 08:10,40.64074436699045,-73.76892447,266,45.00140568356578,69.71949399640764,Red,Rain,0,-0.53795644,28,7,396.19022292241027,21.176258463070997,High
07-03-2024 08:15,40.81359639773228,-73.70576023,181,42.387387263990895,24.321293379658783,Green,Fog,0,0.9550207212828097,45,33,179.72287775952458,11.576547965896465,Medium
07-03-2024 08:20,40.72166243817537,-73.90559681,253,50.36310036732398,93.89465282153513,Red,Clear,0,-0.215127822,4,34,430.31182423670907,21.38980906538386,High
07-03-2024 08:25,40.828172045321985,-73.89299501,27,53.04518807,15.831898452092094,Green,Rain,0,0.4399856271246614,99,19,219.68018578258406,23.828530045132492,Low
07-03-2024 08:30,40.72994934910078,-73.7229399,98,46.74572490797722,72.30090545598458,Green,Fog,1,0.42290795998921293,40,8,340.30337525836427,27.597747399592347,High
07-03-2024 08:35,40.624003051402546,-73.86939171,135,14.955023881516167,77.62688424196331,Green,Rain,0,-0.301509439,39,31,486.77226141207774,12.957779867702408,High
07-03-2024 08:40,40.72753199132097,-73.7727059,293,20.59630597764633,68.30079254024545,Red,Clear,0,-0.410869087,38,0,86.35247050436996,27.190143220507636,High
07-03-2024 08:45,40.712114212665355,-73.79466535,246,73.12583609740486,96.83662540702542,Yellow,Fog,0,-0.520619773,87,24,74.09358374,11.209372678237212,High
07-03-2024 08:50,40.63189390941504,-73.96468661,205,72.97690268906285,80.38193808628795,Green,Fog,0,0.6300134069772836,42,0,100.7323850572674,6.098276684486748,High
07-03-2024 08:55,40.743708334974805,-73.71325281,18,75.66667880729752,42.00364030640877,Yellow,Clear,0,-0.633621949,30,1,468.9731742504275,9.113033706611962,Low
07-03-2024 09:00,40.88008830727753,-73.92889408,238,19.00987198302809,31.50072900366153,Red,Snow,0,-0.982468385,90,38,411.96738876305295,11.865947419900767,High
07-03-2024 09:05,40.62662934138859,-73.859457,106,45.67227180970052,32.480609151208114,Green,Clear,0,0.9766882208021745,66,19,61.61475576120232,18.34836741545264,Medium
07-03-2024 09:10,40.68562752575925,-73.89762051,146,56.66978505,65.58714439961574,Yellow,Snow,0,0.4149616667343117,18,5,229.53204265582266,12.209105243902165,Medium
07-03-2024 09:15,40.64454818981527,-73.76828194,250,52.706829792999585,70.37433436712251,Yellow,Clear,0,0.9967666406540645,20,20,170.87682847383076,7.483926803565456,High
07-03-2024 09:20,40.736572878456904,-73.99808457,42,62.18476514787704,92.93927671,Green,Snow,0,-0.646628095,21,11,250.1082131054116,23.30005627459745,High
07-03-2024 09:25,40.62380663147022,-73.83467878,123,10.914233351181453,56.40273900383203,Yellow,Clear,0,0.22508917651372395,4,10,143.1380976157089,27.11674314695799,High
07-03-2024 09:30,40.65043169618604,-73.84860803,87,59.06896548830574,49.11900984387185,Yellow,Rain,0,-0.063496516,76,39,476.4919009,23.06402516206983,Low
07-03-2024 09:35,40.62203649457511,-73.85509891,251,24.372431109380663,98.70668884629528,Red,Snow,0,-0.740327454,90,4,350.53299057643727,15.429550733388773,High
07-03-2024 09:40,40.78373943449439,-73.87300833,152,70.77997044711877,78.28298501743565,Green,Clear,0,-0.780217865,48,28,483.0895440357603,18.092397470364034,Medium
07-03-2024 09:45,40.87174253,-73.73995271,215,61.80287393069763,75.34364533963021,Red,Fog,0,-0.080203467,24,49,370.84441124406356,14.31907787395485,High
07-03-2024 09:50,40.755082581221394,-73.78549576,141,62.67176098904406,80.27543384274638,Red,Snow,0,0.6764883036094729,31,26,367.43561017106526,13.914981307680117,High
07-03-2024 09:55,40.77810538172739,-73.98388883,124,60.802737476152295,46.03043043391369,Green,Fog,0,0.061773233074899014,40,47,487.5447039995762,12.511793897775156,Medium
07-03-2024 10:00,40.71788181367866,-73.96879308,257,13.784621518718849,46.59917165,Yellow,Rain,0,-0.971445983,62,32,55.76344283783149,5.38796899,High
07-03-2024 10:05,40.684653771272956,-73.92895719,191,15.866026324162185,63.46152176,Red,Clear,0,-0.290800647,28,7,252.3106652,10.146676248464946,High
07-03-2024 10:10,40.66888785481122,-73.85561407,252,74.48662673962444,56.985544351967675,Green,Clear,0,-0.013816515,61,18,188.32281714105267,5.198089692683187,High
07-03-2024 10:15,40.75535126147316,-73.85604085,73,54.93445619712145,76.77548632128644,Yellow,Clear,0,-0.476539296,5,15,164.95292259956952,26.801051809244317,Medium
07-03-2024 10:20,40.82160648717457,-73.71746978,82,51.67543360111191,76.04536216713966,Red,Clear,0,-0.42610661,70,23,481.1663217411514,25.36941409998162,Medium
07-03-2024 10:25,40.89878111900246,-73.9460726,38,16.24450304751425,74.10797106,Green,Fog,1,-0.984537485,32,40,397.91512303272776,16.205280791844288,High
07-03-2024 10:30,40.72552071614336,-73.87671093,182,77.53241643091664,50.57590071448163,Red,Fog,0,-0.64300706,65,4,242.93284285086654,12.729826927106432,Medium
07-03-2024 10:35,40.75236153517954,-73.88425621,30,70.80906083787411,44.669901876222475,Green,Fog,0,-0.425455435,25,44,493.4419137452201,8.210712981710836,Low
07-03-2024 10:40,40.79011160453892,-73.7312083,258,75.57508824061323,12.357914928836667,Green,Rain,0,0.6038447824066626,95,25,306.3523245,13.28888956496909,High
07-03-2024 10:45,40.675317713904064,-73.9822137,94,57.314359596515864,88.96486635,Yellow,Snow,0,-0.848214208,1,31,392.42596944033545,9.196077102394408,High
07-03-2024 10:50,40.626147703543836,-73.86010612,286,34.37207827776305,34.66746447557256,Red,Clear,0,-0.92703395,5,20,96.01062192390899,27.626871358514144,High
07-03-2024 10:55,40.845086420507684,-73.96165133,141,20.58963124352877,28.121430571370666,Red,Clear,0,-0.178948352,88,34,134.3635030237358,9.117318430648107,Medium
07-03-2024 11:00,40.89786971,-73.98104746,59,10.659637923764466,64.82730873698432,Green,Snow,0,-0.469805747,42,34,83.72846316,17.40557198344926,High
07-03-2024 11:05,40.79874496239608,-73.70561749,180,13.9449154,97.15789104703025,Red,Fog,0,0.5246286674749054,90,43,196.21694481429282,16.83075843686094,High
07-03-2024 11:10,40.72609099602414,-73.88980547,202,35.376788350550896,46.65123323439385,Green,Rain,0,-0.331780341,51,21,223.2399393512765,11.610215689094312,High
07-03-2024 11:15,40.75562183061587,-73.71985239,66,31.714607882035367,71.02069431205067,Green,Clear,0,0.819975777,98,34,314.4410386026566,28.652364214679494,Medium
07-03-2024 11:20,40.82530324,-73.8920046,172,6.152055312059577,22.870606567414427,Green,Snow,0,0.39671647442266855,79,39,57.244896653326784,26.91209926484742,High
07-03-2024 11:25,40.86348973600697,-73.80008298,51,16.747368215256756,99.74210026444453,Yellow,Fog,0,-0.097948809,65,15,250.02271092517796,11.893392142953228,High
07-03-2024 11:30,40.87997406048979,-73.78585748,71,21.617701844403644,56.354822399103725,Red,Fog,0,-0.674795648,26,39,299.71227092397385,23.542958347559356,Medium
07-03-2024 11:35,40.72154023989387,-73.73404069,114,36.152305380409445,34.96770057847978,Red,Clear,0,0.8167687277150713,99,12,55.00982096101606,16.836173755066316,Medium
07-03-2024 11:40,40.73065924127805,-73.85413515,32,70.24272378,27.06650308457951,Yellow,Snow,0,-0.030321271,21,38,149.6803770402259,9.854883759,Low
07-03-2024 11:45,40.73266185171687,-73.96485703,40,34.70207050422978,43.28804315236636,Yellow,Clear,0,-0.316923875,94,39,391.6887965,12.047858332193059,Medium
07-03-2024 11:50,40.85563489,-73.77076541,115,44.98738110377841,46.24588733810397,Red,Fog,0,-0.614961999,32,1,463.93441340131375,26.83806036898876,Medium
07-03-2024 11:55,40.82784010788362,-73.90414603,257,29.706380716816124,59.725314334153296,Red,Fog,0,0.33194115447591566,42,49,165.78990059562204,23.367900793815764,High
07-03-2024 12:00,40.80599735736581,-73.80018138,187,47.90309443339397,11.756194342115494,Red,Fog,0,-0.279943265,48,30,488.92338919090355,19.84557005538927,Medium
07-03-2024 12:05,40.85898212261253,-73.88383538,78,33.10204908944662,24.241836918318945,Red,Clear,0,0.8432997992739688,87,34,145.9013751165977,6.349686609324732,Medium
07-03-2024 12:10,40.73312973378865,-73.8203967,139,19.359381316243407,53.85358349978381,Red,Rain,0,0.5439727803321388,63,38,395.0388888479997,22.00305440347621,High
07-03-2024 12:15,40.854329238885846,-73.86288974,139,49.37234121307028,19.198025570197274,Yellow,Clear,0,0.6360980966221472,30,18,303.5067851561914,20.928017402323967,Medium
07-03-2024 12:20,40.88202349029057,-73.94274683,38,32.84643588778231,90.82628490857842,Green,Snow,0,-0.337523094,20,6,102.22427268045058,15.85854023597518,High
07-03-2024 12:25,40.670030406772874,-73.70839105,252,58.452478477002764,51.083974070615824,Green,Clear,0,-0.130238952,44,31,141.53663866966076,11.829196516107796,High
07-03-2024 12:30,40.640436187244084,-73.9522352,58,62.493590678057764,53.98268496,Yellow,Snow,0,0.8272420169883472,91,4,440.07633686014253,28.08588788937835,Medium
07-03-2024 12:35,40.80612890326185,-73.88465573,182,11.928715294075868,70.96361617467846,Yellow,Snow,0,-0.764568679,39,15,218.63596137270724,11.681408860001454,High
07-03-2024 12:40,40.635562977411844,-73.98258894,42,55.04552565991733,99.70986410526065,Green,Snow,0,0.16975318915246218,92,41,229.95657510750758,28.320367164672266,High
07-03-2024 12:45,40.698083,-73.98422675,10,12.158374562252995,30.86951214,Red,Rain,0,-0.989150529,71,9,426.31981612612765,26.027112741595843,High
07-03-2024 12:50,40.749294085679686,-73.96174094,211,67.42255403758193,38.338999118041926,Green,Snow,0,0.44756667267907435,14,13,456.30594576695415,6.4144774073408195,High
07-03-2024 12:55,40.77322476705995,-73.82311125,219,54.01843064746442,91.52709024705723,Yellow,Fog,0,0.3183214658107201,84,18,60.54095820139703,25.83955079920592,High
07-03-2024 13:00,40.80439712656486,-73.97722425,91,39.28005275058025,43.94253560719554,Green,Clear,0,0.8097257478787339,73,44,159.06610785381156,14.866206499247987,Medium
07-03-2024 13:05,40.67090181328548,-73.80260165,61,72.79663065,68.68266266909583,Red,Clear,0,0.6112838326512933,94,45,298.7232458384992,13.480286252356573,Medium
07-03-2024 13:10,40.76402598291295,-73.921966,47,23.723762399389894,36.371956319245655,Red,Clear,0,-0.990679462,96,38,403.54551706894296,13.551048888387976,Medium
07-03-2024 13:15,40.69861170518922,-73.98184326,271,38.33675225011325,47.106842823483696,Green,Fog,0,-0.558164417,41,18,363.59697762652013,29.025841067612678,High
07-03-2024 13:20,40.601076056150085,-73.88609059,170,40.939757343816844,31.931679010656552,Red,Rain,0,-0.337568962,24,27,266.86434647084263,23.28044433553029,Medium
07-03-2024 13:25,40.76892984555841,-73.81942676,139,60.02206241068977,30.087282122258603,Yellow,Clear,0,0.3136290225837548,30,36,158.63217543992914,21.07880265452055,Medium
07-03-2024 13:30,40.70973536930876,-73.75085992,90,59.87076621111449,73.07436115691532,Yellow,Fog,0,0.6530042522123618,8,48,447.66204810019343,17.08721307,Medium
07-03-2024 13:35,40.88847059403302,-73.81268592,138,71.85019426,77.70045724963823,Green,Rain,0,0.7712029985025448,54,34,144.54236930498894,29.587784642267877,Medium
07-03-2024 13:40,40.63652370910083,-73.78918397,163,69.13661566729743,43.45252618537157,Red,Clear,0,0.7042958293224544,4,25,211.05905201416635,22.448934740085754,Medium
07-03-2024 13:45,40.75519388681525,-73.85773574,170,51.70486895005256,68.62904892,Yellow,Rain,0,-0.303214567,69,48,491.7419282114433,24.829103622371516,Medium
07-03-2024 13:50,40.66178071051674,-73.87523793,191,28.80037082218406,43.634010464817074,Red,Rain,1,0.6773361301706695,1,26,123.21512779992048,23.334825893391233,High
07-03-2024 13:55,40.864361943231046,-73.80391567,290,7.278031003408302,97.32919223724043,Yellow,Clear,0,0.3035890273184443,81,6,322.8273688951298,11.046197453599842,High
07-03-2024 14:00,40.773970409630024,-73.80508997,221,63.21483062,73.42204401796174,Red,Rain,0,-0.660401043,98,34,408.25642520833094,27.958115900792215,High
07-03-2024 14:05,40.878221785661694,-73.85462956,294,78.25773907,61.94475164452392,Green,Rain,0,-0.342274487,65,39,313.8710733981832,7.252553441884208,High
07-03-2024 14:10,40.688824112254245,-73.74285577,143,54.99705721441084,95.71965381631918,Green,Clear,0,-0.836917192,82,10,357.54989740990663,25.191819407491636,High
07-03-2024 14:15,40.69002582942738,-73.87658939,46,15.084959445104912,72.93840641,Green,Clear,0,-0.566158527,43,22,434.7516866931202,8.280656009302907,High
07-03-2024 14:20,40.63220781,-73.96002999,221,77.88175668058008,27.477329299365422,Green,Snow,0,0.7329553700650893,58,10,383.32006053320174,23.324222081100743,High
07-03-2024 14:25,40.658819863263105,-73.99939037,214,39.824648580300774,28.17809622080186,Green,Snow,0,0.9117118952668999,70,19,92.70311967166406,14.703826218965036,High
07-03-2024 14:30,40.882812210006946,-73.89436275,118,67.00969099,69.83686167474937,Green,Fog,0,-0.052307839,1,33,322.3320091720196,18.19083559180737,Medium
07-03-2024 14:35,40.75158737869118,-73.84585113,78,79.02643478310326,40.319098492986086,Green,Clear,0,0.9790797391190751,75,16,68.83471042835887,24.86543507022283,Low
07-03-2024 14:40,40.89517970085536,-73.8898998,59,36.68261510757692,43.48238681957036,Green,Clear,0,-0.957099566,96,44,318.47053519771595,5.137994476636985,Medium
07-03-2024 14:45,40.69786740569106,-73.95535881,63,19.74771263386583,38.57020000571548,Yellow,Clear,0,0.067121342,99,45,416.9299475457063,7.899241277355347,High
07-03-2024 14:50,40.77203064147281,-73.91593365,179,22.355014191592506,90.86724727905036,Red,Rain,0,0.49702342807527056,47,19,247.6273760502602,12.063442852426526,High
07-03-2024 14:55,40.752125816862474,-73.93385986,234,58.73032869502339,87.69556931068712,Yellow,Fog,0,-0.921814356,62,9,367.2650281442107,26.964453387456405,High
07-03-2024 15:00,40.85359464636001,-73.73145702,13,78.52177337152062,73.05480309679379,Green,Rain,0,-0.642011889,46,35,267.01214139404595,11.63750267266364,Medium
07-03-2024 15:05,40.77210681,-73.76982878,14,79.58902485403983,51.188085127512245,Yellow,Clear,0,-0.509491615,62,37,273.4254449670912,24.161216839240346,Medium
07-03-2024 15:10,40.60744849535715,-73.83608496,161,48.85035897768338,23.407836088849578,Red,Rain,0,0.2547090189425312,8,24,491.2072365449583,14.011800037404374,Medium
07-03-2024 15:15,40.817254820822946,-73.74672874,224,68.35533922596832,69.34805045435968,Red,Rain,0,-0.430854869,50,16,454.8525107923005,24.973869751134387,High
07-03-2024 15:20,40.79965184731213,-73.80376613,279,57.88391287774751,90.85590244563285,Green,Fog,0,-0.006250829,36,10,222.13470021938048,17.31153424522431,High
07-03-2024 15:25,40.85617142470558,-73.98996995,40,31.485657600914987,48.60794100740813,Yellow,Clear,0,0.72201695,24,7,389.2907471040083,8.270889822459852,Medium
07-03-2024 15:30,40.76309658,-73.88102017,133,28.063681887868288,44.42646434642423,Green,Fog,0,0.45992116055205057,43,39,92.61351545444496,28.409495271078562,Medium
07-03-2024 15:35,40.713764754963535,-73.93797163,174,16.27063007032882,75.27689123951444,Green,Snow,0,0.5876487470750356,54,6,425.9813615231774,14.265468895204373,High
07-03-2024 15:40,40.73061691381019,-73.91795997,127,59.40815722498741,43.276979144735776,Yellow,Rain,0,0.042680810772656175,2,27,356.1433076933045,26.349077825049502,Medium
07-03-2024 15:45,40.61117196985873,-73.75683049,65,35.62200513640162,42.65531404,Red,Clear,0,0.5147802823873333,20,11,214.74455251536975,26.633944042840564,Medium
07-03-2024 15:50,40.73461669,-73.765531,137,58.12266623996759,43.19204379510057,Red,Clear,0,0.17201572076280103,4,11,364.11030495636817,29.110531619369223,Medium
07-03-2024 15:55,40.69726453915459,-73.76710289,45,33.85641225862217,26.437063261366813,Red,Snow,0,-0.160472395,23,49,409.6154496,8.977040121952621,Medium
07-03-2024 16:00,40.77674710035269,-73.72499841,275,5.0510470766885405,18.437582466607495,Red,Snow,0,-0.824941001,53,29,188.1287662,27.281755787427336,High
07-03-2024 16:05,40.60534020921605,-73.80168034,187,56.945906207330374,18.75965677170276,Green,Snow,1,-0.74023735,46,28,220.28773169269556,27.06784787690733,High
07-03-2024 16:10,40.83263858352429,-73.91173607,182,30.576168664296535,30.200431644397465,Green,Snow,0,-0.470560928,10,16,428.3846285489768,26.581565245629747,Medium
07-03-2024 16:15,40.789086183238155,-73.76253107,41,21.83490016354051,63.51622894382235,Red,Rain,0,-0.228572258,35,44,207.02344927964054,19.52071494378096,Medium
07-03-2024 16:20,40.724171333744906,-73.79202926,289,11.95310819287433,27.15738085,Green,Rain,0,0.8887651179576135,41,16,369.68507316087084,23.417377112150653,High
07-03-2024 16:25,40.67610520221847,-73.84712282,198,71.62286469313824,51.04057581120947,Red,Fog,0,-0.92490444,98,22,229.53234776908332,26.788048644856033,Medium
07-03-2024 16:30,40.690629006613385,-73.93699739,184,41.23535687491951,15.885522897703302,Red,Clear,0,0.7562436442205058,75,10,195.49324102249878,20.45284233962633,Medium
07-03-2024 16:35,40.772463406663185,-73.81566886,31,72.51233852,10.627611958054912,Red,Rain,0,0.33921910701148317,14,24,181.3604451994368,26.929734710944505,Low
07-03-2024 16:40,40.84006968350347,-73.954645,171,56.317036956792236,37.04552982055182,Red,Fog,0,0.09427348,97,12,338.2038090837997,17.714951626077813,Medium
07-03-2024 16:45,40.649764133105485,-73.98285314,109,65.04124494,14.337271236285908,Red,Rain,0,0.015270311007570925,72,33,210.85133355168392,13.026088226898603,Medium
07-03-2024 16:50,40.88331878875307,-73.86521864,68,69.75586198830064,60.32135742851967,Green,Snow,0,-0.916229013,46,9,148.9623781239516,19.884387749748598,Medium
07-03-2024 16:55,40.801850505600484,-73.71734502,189,13.36315990715504,91.65901940348091,Red,Snow,1,0.5942165538605104,16,22,71.82435854955253,22.879912418665622,High
07-03-2024 17:00,40.610892858145554,-73.82593739,292,61.05320987372377,93.7705058,Green,Rain,0,-0.514674209,72,3,413.10318213555445,26.60110072,High
07-03-2024 17:05,40.653532533120874,-73.82765567,275,13.328942318232514,47.604860615795694,Red,Rain,0,0.622883264,44,12,413.9877187953549,21.766314029777064,High
07-03-2024 17:10,40.81059864,-73.71218404,267,9.765496763790702,75.65393973976302,Red,Clear,1,-0.842746182,77,16,467.13626768230705,11.930697696127286,High
07-03-2024 17:15,40.656887029442785,-73.75002845,169,6.097085454389632,63.718601907193495,Green,Snow,0,-0.663099979,59,45,99.08103608204016,24.35705325950042,High
07-03-2024 17:20,40.611742826929074,-73.75848616,135,68.76129374987471,81.92369848057558,Red,Fog,0,-0.041560159,45,19,498.9507963786329,16.608681744197447,High
07-03-2024 17:25,40.60397011049089,-73.88708708,38,49.92669670212781,11.583496327570682,Yellow,Snow,0,-0.794838213,1,45,58.33773061485758,5.101989492643451,Low
07-03-2024 17:30,40.71658775,-73.81195399,95,75.75133673674638,94.01970581069384,Yellow,Clear,0,-0.457249169,5,48,422.9054514989597,15.81626770704325,High
07-03-2024 17:35,40.68919920273786,-73.82312026,266,64.92780727979166,39.59051279406336,Yellow,Fog,1,-0.891036304,36,13,95.92559749225317,13.079544403010678,High
07-03-2024 17:40,40.85542896419699,-73.75644181,175,66.35923684060583,14.306002536607277,Red,Clear,0,-0.978306308,15,23,126.97386113150363,24.410095237224233,Medium
07-03-2024 17:45,40.63678734540144,-73.71922661,231,5.751631760105437,88.25753633890093,Green,Fog,1,-0.234822498,40,19,414.64576898292137,28.855596802199187,High
07-03-2024 17:50,40.61316318355908,-73.95179821,166,36.74520259886461,91.61186402812359,Green,Clear,0,0.40870538069788265,96,13,118.06962398337132,10.323158230787872,High
07-03-2024 17:55,40.73882411207936,-73.91401993,50,13.34142522454383,56.09906349497944,Yellow,Snow,0,-0.188355567,74,23,395.7949649574781,15.743246756224622,High
07-03-2024 18:00,40.77251488341923,-73.97649592,150,48.759961153123335,28.00070208300399,Green,Rain,0,0.8762134231373802,17,43,395.54653722053604,6.986205398,Medium
07-03-2024 18:05,40.78734989959249,-73.78895523,16,78.25403146,62.63637508487787,Green,Fog,0,-0.469245733,47,2,160.4309764295335,12.929041119324314,Medium
07-03-2024 18:10,40.664460253568926,-73.92663072,278,21.092491364988064,96.74867450004025,Yellow,Rain,0,-0.651664198,41,40,65.74666420215776,13.175163240892672,High
07-03-2024 18:15,40.69506928245966,-73.83095992,26,24.462356435004978,61.889817985784426,Red,Fog,0,0.077048736,76,1,285.5696932844577,16.85281854601086,Medium
07-03-2024 18:20,40.84119415718065,-73.70717602,263,70.32539705,76.64721254082487,Green,Rain,0,0.070364117,19,22,83.52612631589605,7.9177208661547915,High
07-03-2024 18:25,40.86742043525616,-73.84289833,91,15.868438316514622,51.17800751099322,Green,Rain,0,0.8817085940959086,39,9,337.9069311577684,9.625482699965241,High
07-03-2024 18:30,40.89044054306156,-73.75548639,107,28.427521390671185,94.92467749939735,Green,Fog,0,-0.577984948,37,23,111.94499327839127,13.782279188871906,High
07-03-2024 18:35,40.88611480508998,-73.74749232,62,33.59599339447611,11.289071132421304,Red,Snow,0,0.058484258,17,32,395.3650822825648,10.340205323681591,Medium
07-03-2024 18:40,40.62749890578027,-73.76645401,283,48.221268747967656,19.809387354878822,Red,Clear,0,-0.31160693,66,38,410.4505680818039,16.927949012572533,High
07-03-2024 18:45,40.79802379989259,-73.79177118,67,59.26700971508294,45.09334247652643,Green,Clear,0,-0.68786815,14,14,121.80116296180336,16.87991087924969,Low
07-03-2024 18:50,40.70116232642282,-73.83352614,240,65.90723428874674,86.20377858200455,Green,Rain,0,-0.768890107,61,43,81.59653262,20.730607235334553,High
07-03-2024 18:55,40.77919684703632,-73.99946722,68,12.92924844183554,55.90359640504281,Red,Rain,0,-0.200953304,30,37,402.0997591900943,9.353724798,High
07-03-2024 19:00,40.73967792772455,-73.85642441,246,70.21466430772708,32.173462397788086,Green,Snow,0,0.5361849404573045,68,15,156.97673303826562,13.11986646811754,High
07-03-2024 19:05,40.84740046523043,-73.87104697,253,16.357849828706776,91.83995369121169,Red,Snow,0,0.31357956325709635,7,24,64.86002675860631,14.031020478907822,High
07-03-2024 19:10,40.83690685256615,-73.79788951,206,7.999342778057243,28.59401804344542,Green,Rain,0,0.5891114153668662,54,13,465.3661003,5.524485413215647,High
07-03-2024 19:15,40.767763304229995,-73.99692705,201,43.09858674582832,57.254101164329064,Red,Clear,0,-0.616021172,19,5,466.9167192104548,27.782727703476578,High
07-03-2024 19:20,40.63425003675267,-73.86207134,89,65.77004759212448,14.585526644856277,Green,Fog,0,-0.343359113,19,21,359.4006802,25.883548690493893,Low
07-03-2024 19:25,40.82749038238656,-73.82330887,29,39.034053526003916,67.94532190284585,Green,Snow,1,0.973711894,31,41,380.1776270567092,19.972672260505597,High
07-03-2024 19:30,40.80508945393093,-73.74933346,151,27.51024827283228,35.385249457845944,Red,Rain,0,0.8691011814156957,61,25,337.6863962763328,21.09856842,Medium
07-03-2024 19:35,40.84928559625515,-73.74776955,73,72.82518914470946,93.42143914,Yellow,Snow,1,0.4419365165017841,71,15,428.4103754179323,8.078678322692397,High
07-03-2024 19:40,40.68527096491088,-73.91561396,221,56.19879697774968,95.40975732793981,Red,Fog,0,0.8146368946139793,74,44,102.3712459279088,25.84682439922366,High
07-03-2024 19:45,40.84671870033497,-73.83369074,46,48.040028186963404,47.62914123829695,Green,Clear,1,-0.132301297,48,31,448.0665742286126,13.344067318019944,High
07-03-2024 19:50,40.85021580332739,-73.72965954,127,43.14331614472922,43.96522829311562,Yellow,Clear,0,-0.786318788,31,20,467.11738559422923,18.169108030571394,Medium
07-03-2024 19:55,40.60271777,-73.90378326,279,48.118450445100486,38.77352226557552,Yellow,Rain,0,0.6429112003115018,32,43,98.97706900533122,24.175991972288863,High
07-03-2024 20:00,40.62933818289407,-73.75862274,152,78.50089765,68.88218818503147,Yellow,Rain,0,0.14297750453150315,93,11,273.8946673204225,6.994622825519518,Medium
07-03-2024 20:05,40.765596406348116,-73.88522743,105,8.363940770742325,95.73121138016572,Yellow,Rain,0,0.8698611442636699,80,11,171.4754748625336,23.40266391830868,High
07-03-2024 20:10,40.633346231870824,-73.8637028,155,18.70414530415033,73.37186542919908,Green,Snow,0,-0.406743843,86,20,133.40011376120677,16.262498514463473,High
07-03-2024 20:15,40.64567572,-73.99604173,161,32.11780464816849,36.77764442595459,Red,Rain,0,-0.032818508,45,3,110.6157518733525,18.678697132264148,Medium
07-03-2024 20:20,40.89862938554243,-73.99764514,119,68.35429190258635,16.54522450895179,Yellow,Snow,0,0.6681578548070106,30,27,237.38995782586107,7.862654729150563,Medium
07-03-2024 20:25,40.77466514,-73.76266992,186,42.92111083519962,52.191190365137295,Green,Rain,0,-0.516943123,58,21,309.86149297299977,13.66214086886156,Medium
07-03-2024 20:30,40.77989736949875,-73.78192721,198,16.68953262997285,67.76137402,Yellow,Rain,0,-0.77938796,45,5,372.3400149221507,13.399196489537331,High
07-03-2024 20:35,40.73615571487328,-73.71784694,182,78.74983815327724,84.59121435004393,Green,Rain,0,0.034160827,76,27,478.33827110608235,26.20968193924391,High
07-03-2024 20:40,40.85579389570727,-73.81933117,59,18.926178982770303,93.98603878198882,Yellow,Rain,0,0.23903375707156727,12,5,61.41688018338208,28.826898652147428,High
07-03-2024 20:45,40.690062388050805,-73.71911002,164,19.24910769666759,87.10343578631993,Green,Snow,0,0.5779122626759392,40,30,147.11195913618198,15.990222500868569,High
07-03-2024 20:50,40.68068009305916,-73.90783288,265,18.77612834454507,91.40046045669104,Red,Fog,0,0.3159634252430803,24,7,93.05011216559677,16.344697147615776,High
07-03-2024 20:55,40.688282317252934,-73.86926751,151,54.54080325803057,48.53260094994568,Green,Rain,0,0.095169274,19,21,213.1965701345809,28.870734737571002,Medium
07-03-2024 21:00,40.60771761,-73.93897202,168,61.73008887382991,47.84284699549318,Yellow,Snow,1,-0.330688721,25,21,230.57318473442268,5.523605046920739,High
07-03-2024 21:05,40.655060733152226,-73.77073642,142,30.58263075496382,31.973217142267362,Yellow,Rain,0,-0.435052535,83,12,113.74232374889482,27.39594008437026,Medium
07-03-2024 21:10,40.690210947382305,-73.80491685,257,43.046940947293606,97.77914936528549,Green,Clear,0,0.36581746685149863,61,13,498.6699456,23.55273880625521,High
07-03-2024 21:15,40.84139052815686,-73.81997326,72,79.21801121888011,76.91697159727083,Green,Rain,0,0.8308066346950822,68,1,475.44947210108717,25.306070868028005,Medium
07-03-2024 21:20,40.63939162120784,-73.75622171,237,59.99175081868148,77.63703090875612,Yellow,Rain,0,-0.972535466,88,39,437.7004320925497,14.20601262981379,High
07-03-2024 21:25,40.78695238,-73.88588882,280,66.36061805511434,92.33085307996774,Red,Clear,0,-0.499385153,94,3,434.2438775521423,13.871351902479937,High
07-03-2024 21:30,40.77432472753477,-73.84819989,191,41.964170690563606,98.04515730220004,Yellow,Fog,0,-0.992446289,41,47,315.93316116202357,27.390878268756044,High
07-03-2024 21:35,40.84072262191523,-73.70244928,22,51.808330825642045,67.60421467406945,Red,Snow,0,-0.60012548,74,28,170.8415511115661,20.938907353984945,Medium
07-03-2024 21:40,40.72139471206793,-73.76483772,76,47.10348647221564,50.817206933135324,Red,Snow,1,0.7372983747647237,39,21,217.28940701710235,24.34678720015144,High
07-03-2024 21:45,40.86437069556089,-73.82232067,204,51.551489687993175,23.65024519180151,Green,Rain,0,0.6357707932749859,92,47,96.73384744752126,16.940628654434587,High
07-03-2024 21:50,40.629177031396516,-73.89879246,75,21.27736085706809,92.35939232105508,Red,Clear,0,0.7270321198449756,31,40,191.53450856166663,25.01312942084449,High
07-03-2024 21:55,40.750451840466255,-73.77352354,251,23.164084440846008,56.56348546852154,Yellow,Fog,0,-0.396966834,27,20,273.53470862568963,5.300872433858118,High
07-03-2024 22:00,40.72407244836545,-73.92305602,261,34.947540040091056,96.01642609858095,Yellow,Fog,0,-0.379343891,43,49,138.90537275630763,25.52622372860615,High
07-03-2024 22:05,40.67568599678176,-73.96574512,10,69.75745538187013,65.24322526393016,Yellow,Snow,0,0.32008874312384994,30,22,252.8820917946584,26.07776922290129,Medium
07-03-2024 22:10,40.70029613098153,-73.94909321,245,48.83355234084886,56.414993051698815,Red,Snow,0,0.3596007922517912,54,46,444.68126548737143,25.919696231775205,High
07-03-2024 22:15,40.64747557964147,-73.90032406,77,57.95320446734236,94.21935597296772,Yellow,Clear,0,0.8622197450552957,99,19,313.8224882818586,11.750521432883295,High
07-03-2024 22:20,40.70880646855466,-73.71485414,155,58.39827431624038,93.15655035302865,Yellow,Snow,0,-0.714595892,21,39,86.56384163,18.946859535477834,High
07-03-2024 22:25,40.82636087,-73.83995298,13,41.429139766861866,12.997289911379344,Yellow,Rain,0,-0.108482504,95,16,77.26947041040461,27.948542916557724,Low
07-03-2024 22:30,40.72371660233022,-73.84386113,12,30.43877565101904,66.40423872153258,Yellow,Clear,0,-0.174728313,26,36,353.32973530878724,25.962415812748013,Medium
07-03-2024 22:35,40.80312472314711,-73.9078872,25,59.70383788147805,23.10522163049259,Red,Fog,0,-0.762700172,84,8,152.07936384444895,7.783535930974965,Low
07-03-2024 22:40,40.72753736018216,-73.70277438,41,35.795050784336695,43.84364945214369,Yellow,Rain,0,0.2494126790306741,34,23,358.05085031680125,13.932380561342978,Medium
07-03-2024 22:45,40.82366704,-73.81529667,212,54.410902352618024,68.26747031,Yellow,Fog,0,-0.434786306,76,40,452.25197741333614,23.450544852596742,High
07-03-2024 22:50,40.64277727472565,-73.9591647,246,77.11225908998618,87.39372407164437,Red,Clear,0,0.7431975184318258,7,36,196.96737852751647,27.017036101210525,High
07-03-2024 22:55,40.61489549481855,-73.79301503,275,70.68842071467772,16.818969488466017,Red,Clear,0,-0.512041544,75,31,483.6468672854061,10.515365217997259,High
07-03-2024 23:00,40.81491559907441,-73.72771282,296,5.728787431775416,49.834534782279476,Yellow,Fog,0,0.9076958367052705,40,43,187.09189175419226,14.082173183799258,High
07-03-2024 23:05,40.68811213259385,-73.73673269,193,68.74692837914849,38.79431263976527,Yellow,Rain,0,-0.983176406,58,1,482.15897615700476,10.309845978767036,Medium
07-03-2024 23:10,40.82355103453447,-73.78885391,104,24.26709423505419,94.63448871525529,Green,Rain,0,0.3947796590190287,73,0,287.13132653812295,19.588294991685785,High
07-03-2024 23:15,40.80012528369801,-73.94024532,235,7.639663812399309,98.00979891804616,Green,Rain,0,-0.651360389,75,13,246.76132034981083,8.160175106471058,High
07-03-2024 23:20,40.614271234944624,-73.99919177,147,8.664331118437117,66.5067084,Green,Snow,0,-0.234632387,63,45,114.07792555392577,17.593511274213235,High
07-03-2024 23:25,40.856419105560704,-73.98907229,242,6.544463347376832,99.89702445519325,Red,Snow,0,-0.144632729,22,4,261.3364258889587,9.766605143678596,High
07-03-2024 23:30,40.68360284095304,-73.8926668,102,68.53596296603776,28.45229233642252,Green,Clear,0,-0.821225677,93,5,253.59149473188904,19.566785067583698,Medium
07-03-2024 23:35,40.86541038280927,-73.95253416,64,40.080163404215085,75.03609327460201,Red,Snow,0,0.3053882962573422,96,31,53.886863560278314,17.55868996408586,Medium
07-03-2024 23:40,40.74040632,-73.896931,19,29.306557680725042,60.614461090041104,Yellow,Clear,0,-0.074014797,54,2,129.0982962585622,18.876309709019605,Medium
07-03-2024 23:45,40.681694178413395,-73.82129103,270,41.991067091846055,45.882161271655605,Yellow,Fog,0,-0.275954738,91,26,351.1848561776178,6.033513477201073,High
07-03-2024 23:50,40.712009517682134,-73.92456012,164,58.949475235592985,53.11822842689383,Green,Clear,1,0.6226694320794608,14,12,61.00948905675557,16.715903765516003,High
07-03-2024 23:55,40.89196802487016,-73.92136951,84,47.60181264292182,78.13602716476076,Red,Rain,0,-0.692311058,40,49,339.34240005114884,5.100532518916843,Medium
08-03-2024 00:00,40.658773413376004,-73.87330938,277,23.957151621444147,34.40573427492849,Green,Rain,1,-0.499815868,30,12,168.2592142137815,25.59030080767443,High
08-03-2024 00:05,40.813177659727984,-73.78188462,206,52.942524148859796,50.89612063293556,Red,Fog,0,-0.542457477,2,46,462.5854198064602,20.071340359414407,High
08-03-2024 00:10,40.830316241466484,-73.94756057,174,9.090521841935772,63.736305416473925,Green,Clear,1,0.36848248814560147,33,23,268.54240292193936,18.383160738537594,High
08-03-2024 00:15,40.62095020397064,-73.99150267,263,32.31097075624042,62.29784748568596,Red,Rain,0,-0.230127918,81,0,425.22764909476973,20.342133968871117,High
08-03-2024 00:20,40.708484767124986,-73.93575368,17,10.804969441026376,41.81905119675306,Red,Fog,0,-0.514976528,53,17,256.2542884781448,26.020427463927316,High
08-03-2024 00:25,40.68743286940852,-73.81531884,86,48.48911755345482,21.94415127114536,Green,Rain,0,-0.729248957,30,2,142.6976030861864,11.62951429360486,Low
08-03-2024 00:30,40.73827362241262,-73.99361381,22,48.125785878025134,57.131713633059505,Green,Snow,1,0.033531244,13,16,164.0003521906703,5.096534343751872,High
08-03-2024 00:35,40.855762372387986,-73.71892331,116,61.62346297342535,33.606831596982765,Yellow,Fog,0,-0.699587422,25,30,56.17872375353246,7.070960449123435,Medium
08-03-2024 00:40,40.61123290117967,-73.90401651,68,35.36871184833061,93.20806237715618,Red,Rain,0,-0.340544096,35,18,313.75287811768646,22.003293909640384,High
08-03-2024 00:45,40.88491004305116,-73.78560523,68,9.791180416,40.18993985817265,Green,Rain,0,-0.760000357,80,25,85.19968755768032,20.76384676688153,High
08-03-2024 00:50,40.857986522081696,-73.84968742,179,63.26161579931188,85.82172568176055,Red,Snow,0,0.9936195777981676,87,5,85.8812365,14.876987260748077,High
08-03-2024 00:55,40.766074351438355,-73.86258473,172,20.110993031419554,42.99375381654626,Red,Rain,0,0.26889272277378384,85,38,221.63099327596666,18.03218652530377,Medium
08-03-2024 01:00,40.70417630455892,-73.71641715,143,50.10611181679951,60.82338573450724,Yellow,Rain,0,-0.995713825,24,19,443.22191302510475,12.853680351664183,Medium
08-03-2024 01:05,40.734388036147045,-73.9853477,84,11.950220347390992,61.52686624091068,Green,Snow,0,-0.881690426,81,49,468.4676141814272,9.210109145115567,High
08-03-2024 01:10,40.61974485610828,-73.75603787,155,69.43284163311039,46.850070302862726,Red,Rain,0,0.7318459242632376,36,21,244.78658582822797,25.322060231559576,Medium
08-03-2024 01:15,40.74779828,-73.90729304,257,40.505080276788505,60.13759838154569,Yellow,Fog,0,-0.671368065,17,44,389.8659859789503,14.474449930873643,High
08-03-2024 01:20,40.75053689198958,-73.73470661,48,68.86723146413682,69.81826005291768,Green,Clear,0,-0.758819784,36,1,249.62334231157007,29.439677505896142,Medium
08-03-2024 01:25,40.74355703986845,-73.767416,32,20.327858007026308,52.086568354116764,Green,Clear,0,0.091353298,20,14,257.00414136528866,20.44970748,Medium
08-03-2024 01:30,40.822471758366014,-73.85157545,205,77.14145619695962,56.15151516507547,Green,Rain,0,0.11522904754013497,30,5,246.65008685114415,21.43676427,High
08-03-2024 01:35,40.60804773588861,-73.99323107,138,7.536640605140702,13.907351199979974,Green,Snow,0,0.010302502444255124,7,30,263.73636705077945,15.832985081559443,High
08-03-2024 01:40,40.74011266146206,-73.74470547,107,26.43162362722353,45.14463442003448,Yellow,Rain,0,-0.165198506,59,27,94.41739182653613,6.504172522748117,Medium
08-03-2024 01:45,40.63032809348529,-73.76877747,90,34.90278490115955,13.91003879498494,Green,Clear,0,0.2914764083880168,75,24,366.1869848603836,20.39985357359649,Medium
08-03-2024 01:50,40.676059714885824,-73.73100764,28,47.90254355305557,47.02941313384321,Red,Rain,0,-0.50461161,38,46,269.4846828491893,27.730378237028507,Low
08-03-2024 01:55,40.875091786766895,-73.79454542,45,13.993908594351186,56.66367936855534,Yellow,Snow,0,-0.58574498,96,33,205.05034839287484,29.938635778225756,High
08-03-2024 02:00,40.741266096846985,-73.79435632,293,28.72961410560606,20.040221703485805,Red,Fog,0,-0.453981509,34,0,180.2145477,9.085156486864019,High
08-03-2024 02:05,40.801899108832565,-73.93039137,234,28.079712898436142,49.830721072303064,Yellow,Snow,0,0.9476369642639446,40,18,187.58892834269975,7.406533841162547,High
08-03-2024 02:10,40.82677293,-73.75083179,188,7.392596879993822,53.146508933941526,Green,Clear,0,0.5251641879927444,87,22,264.49097513108256,9.74965327,High
08-03-2024 02:15,40.62455675335062,-73.89779115,69,13.593799506004341,39.46389765439703,Green,Rain,0,-0.504559201,14,26,209.68065716085218,10.66242418620693,High
08-03-2024 02:20,40.62879969,-73.91733511,108,79.33659271062126,71.23068689971585,Red,Fog,0,-0.882905093,49,35,148.42307232771134,8.645663949595335,Medium
08-03-2024 02:25,40.630438619879016,-73.91484327,105,28.572489493984943,38.02629635250053,Yellow,Fog,0,-0.883352612,80,48,225.73791277653746,17.550937434328297,Medium
08-03-2024 02:30,40.64654151747876,-73.91904616,203,42.88907077127157,49.817373459347074,Green,Clear,1,-0.139873709,41,42,354.5758914399575,6.344106586179078,High
08-03-2024 02:35,40.890079031422495,-73.70270253,246,38.47217023520928,97.11687374127523,Green,Rain,0,-0.799035249,76,49,459.4408896290712,24.33563397621347,High
08-03-2024 02:40,40.80047769471917,-73.99944024,175,36.86072679521702,28.262035706494753,Green,Clear,0,0.8141069017028455,13,26,95.20301023101331,20.72235213551626,Medium
08-03-2024 02:45,40.85518261,-73.76813929,215,21.439843084648935,67.76630349399215,Red,Fog,0,-0.9267515,31,27,366.7972508945226,20.159799338370917,High
08-03-2024 02:50,40.652056470357316,-73.89052308,92,66.61629445977285,41.08271837,Green,Fog,0,-0.877806718,29,20,339.0005703838845,27.05544002439235,Low
08-03-2024 02:55,40.78229175908116,-73.87938547,80,31.27360427984727,39.814406316654825,Green,Rain,0,-0.808169063,63,36,399.5094730801342,10.66290251181071,Medium
08-03-2024 03:00,40.84218886,-73.92710222,163,71.23175212,84.25007940727694,Red,Clear,0,0.1666699909792677,53,29,325.81401670933735,19.443274691425053,High
08-03-2024 03:05,40.815681851468135,-73.8097546,16,50.985953188008466,13.490226490442073,Red,Fog,0,-0.765760879,49,23,290.7486097264201,23.751517060302618,Low
08-03-2024 03:10,40.79096231231494,-73.96632877,195,56.28338928771943,94.14080745997597,Green,Clear,0,-0.667282081,8,33,491.97354369962653,18.796737381667043,High
08-03-2024 03:15,40.83240045935292,-73.7751482,238,7.144423209,24.775992097017728,Yellow,Rain,0,0.078349208,80,34,443.0006897916982,28.276386453763873,High
08-03-2024 03:20,40.75015572806559,-73.86230076,275,26.56595321996638,25.870928935834986,Yellow,Clear,0,-0.952521269,43,8,123.4188984301969,8.012984056698395,High
08-03-2024 03:25,40.75329972066092,-73.89294839,257,33.326272660281944,94.10842934,Red,Snow,0,0.5623927388365346,57,49,179.97784357413562,12.98112607812271,High
08-03-2024 03:30,40.81728933,-73.95455236,34,61.07590660940834,38.00482979623497,Yellow,Snow,1,0.6226486317893936,69,14,342.47710749851603,8.477328446,High
08-03-2024 03:35,40.62578042885873,-73.7109945,228,74.78565691043804,84.56976814168702,Yellow,Fog,0,-0.413575317,56,30,329.1329025987287,15.259693632701827,High
08-03-2024 03:40,40.69714910915793,-73.97034408,234,52.29317154719655,41.99724749785289,Yellow,Rain,0,0.2658949330887217,96,23,474.03437646790263,8.255156418590463,High
08-03-2024 03:45,40.791917749398564,-73.90559947,220,70.69868333286182,34.95536871,Red,Fog,0,0.583752922,46,33,354.8330935101447,6.7528529633279195,High
08-03-2024 03:50,40.82135845021414,-73.92771403,189,40.580515350315125,68.88371660776446,Red,Clear,0,0.4698007849763204,91,17,410.52883115744777,23.199379995197194,Medium
08-03-2024 03:55,40.857823613448105,-73.96762468,41,44.90550537582533,46.65101540897345,Yellow,Snow,0,-0.157967877,86,2,201.1170659807428,28.07815875908247,Low
08-03-2024 04:00,40.638874414051664,-73.74138823,103,5.856498932551878,13.138567692453151,Red,Clear,0,-0.421782816,69,21,443.93961062972073,9.404837628441957,High
08-03-2024 04:05,40.62269929,-73.79263843,177,10.021907839996048,47.48013360473453,Green,Fog,0,0.5750535602469511,17,40,407.90394310153823,6.878649874595064,High
08-03-2024 04:10,40.70426395502325,-73.86345639,145,67.71833921815278,99.48090641,Yellow,Snow,1,-0.913290173,67,31,270.9986219601029,10.934348278879462,High
08-03-2024 04:15,40.816522665749126,-73.81156491,193,47.26906497825781,71.13767023153434,Red,Fog,0,0.5319874232913595,31,41,233.66111048230488,19.141462526963302,Medium
08-03-2024 04:20,40.713267394004916,-73.78497384,245,35.955749094657534,23.86398288954929,Yellow,Snow,0,-0.884294266,34,32,172.7941584572489,22.43867816098855,High
08-03-2024 04:25,40.814499265986896,-73.7279274,277,36.23358989447398,36.13738366210913,Green,Rain,0,-0.906710994,70,7,165.0590859762251,8.380490595307084,High
08-03-2024 04:30,40.702939586585316,-73.97116053,226,36.10073173227444,61.88113504018454,Red,Snow,0,-0.642054444,22,44,333.7765791,5.4740407592329685,High
08-03-2024 04:35,40.746756068799215,-73.83774022,284,63.491310654675054,50.39490564939488,Yellow,Clear,0,0.2425555727657407,63,32,467.1878644288034,8.130748838927596,High
08-03-2024 04:40,40.88028926386939,-73.70225075,134,79.03931237838303,76.94255158478188,Red,Rain,0,-0.257422117,8,31,315.89598824151363,18.42549576500462,Medium
08-03-2024 04:45,40.738874700858204,-73.79649276,107,41.15815000678248,41.68153307329804,Red,Fog,0,0.00374185,8,3,66.08132479699758,27.10698568108435,Medium
08-03-2024 04:50,40.824523593198705,-73.94371208,77,32.379927695200806,57.389223045143595,Green,Snow,0,0.070209037,45,48,86.97401592,26.35164567867684,Medium
08-03-2024 04:55,40.731197564385894,-73.81226975,110,12.644995396769069,35.39549897016273,Green,Rain,0,0.27171554575191514,48,47,301.10413086429253,13.166086977799727,High
08-03-2024 05:00,40.72341461010353,-73.78168562,80,79.96876758099987,29.06071806610763,Yellow,Rain,0,-0.766345493,70,26,184.5960651065102,5.650274771052365,Low
08-03-2024 05:05,40.74927965462468,-73.84544054,18,33.15825618260556,30.743869486002506,Green,Rain,0,0.27227711581185177,3,0,388.74507360778875,26.029868218119656,Medium
08-03-2024 05:10,40.79282431475854,-73.95741649,241,13.847200194900703,77.58112110269447,Green,Clear,0,-0.162885186,99,31,252.25596224527118,8.190259143613359,High
08-03-2024 05:15,40.625827056492824,-73.77999968,78,40.99475394445315,81.62370076246658,Yellow,Clear,0,-0.846114001,25,4,361.77453312272814,9.514347003408517,High
08-03-2024 05:20,40.692825730486895,-73.71979334,91,77.90830030341098,19.963769137314422,Green,Clear,0,-0.16472274,84,15,187.64860143744403,17.803363574226402,Low
08-03-2024 05:25,40.61836685184375,-73.84126641,193,5.0274748747827065,30.0608726,Yellow,Clear,1,-0.586203203,98,45,272.67037494971015,18.069143402209804,High
08-03-2024 05:30,40.619599493368995,-73.75794253,72,25.443903239951858,10.84710130511682,Red,Clear,0,-0.678443957,7,0,235.7402363232627,21.94537023906858,Medium
08-03-2024 05:35,40.62600121831305,-73.82273748,243,51.450383591423034,70.68916872203643,Red,Snow,1,0.5686538080349695,2,31,81.79829978815084,18.997545184906862,High
08-03-2024 05:40,40.82030247624563,-73.8752395,123,46.081141991513675,16.344457330283376,Red,Fog,0,-0.12968713,97,35,291.88411605653494,12.989084534783386,Medium
08-03-2024 05:45,40.81843831688603,-73.90146783,205,51.31921921899442,39.91146258313947,Yellow,Snow,0,-0.277057178,3,7,336.92688941290237,25.69678400722128,High
08-03-2024 05:50,40.87713315328468,-73.74381804,91,38.85573443262078,62.626232579432966,Yellow,Clear,0,-0.102787498,39,28,411.3896690781678,5.6427703478758655,Medium
08-03-2024 05:55,40.62609839,-73.96528542,82,42.394853299473596,24.261391137373312,Green,Snow,0,-0.44391808,71,19,175.56168879061158,16.92387177955716,Low
08-03-2024 06:00,40.84323966876484,-73.76546193,73,39.459791942118926,62.64715240948333,Red,Clear,0,-0.721229215,97,8,294.49124387579536,10.824979085204468,Medium
08-03-2024 06:05,40.73356823,-73.99257648,214,17.76343073380621,41.65677129983428,Yellow,Clear,0,-0.137226833,2,19,261.6202875809853,27.382853188608866,High
08-03-2024 06:10,40.73547366,-73.86312317,83,7.021318861,92.0424992,Red,Fog,0,0.8269569767835372,53,30,336.9228776352097,28.594878756531966,High
08-03-2024 06:15,40.83156884766467,-73.84278781,223,42.57043869157629,10.286112404445566,Green,Fog,0,0.2471672698265357,37,48,121.77875743388168,5.847693898820748,High
08-03-2024 06:20,40.66650478951317,-73.89561134,137,25.689594200837114,53.68502742426651,Red,Snow,0,0.6139941699740339,88,21,53.025403948537104,24.91926609641838,Medium
08-03-2024 06:25,40.87775855127859,-73.90142637,223,22.807955352601347,16.51220378289975,Yellow,Clear,0,-0.209499009,68,16,121.42955582736415,13.860205795440294,High
08-03-2024 06:30,40.72964784427385,-73.76793253,238,26.430846798647156,79.83822833584458,Yellow,Clear,0,-0.855173272,65,22,172.48298273975448,24.326837645320317,High
08-03-2024 06:35,40.88464377409007,-73.99897005,51,16.020407403431967,82.48544630551385,Yellow,Clear,0,0.24152331835781293,15,28,150.57875085753955,13.98702082582571,High
08-03-2024 06:40,40.60473199381496,-73.86428939,234,58.04573765176126,67.40258206843802,Green,Clear,0,-0.13233361,46,8,79.43178704034136,28.661422454302063,High
08-03-2024 06:45,40.83586243642736,-73.88778355,71,18.268968527966393,95.53541234,Red,Clear,0,-0.760259929,65,42,489.89221524731175,21.697104512075995,High
08-03-2024 06:50,40.78393469458793,-73.89508989,98,78.11672945144389,28.195819667579855,Yellow,Rain,0,-0.167615466,71,30,105.84746603174824,28.90940345566254,Low
08-03-2024 06:55,40.66345108389807,-73.83328004,32,57.33639081,27.696756816417828,Yellow,Rain,0,-0.296413391,49,26,88.27068115572385,28.87348055456109,Low
08-03-2024 07:00,40.607401822372076,-73.99770817,219,34.387801,70.88581510050301,Red,Snow,0,-0.576284378,31,2,64.13792192633201,16.792732577532448,High
08-03-2024 07:05,40.72551024749183,-73.94983157,232,24.92325739316682,53.902415510547414,Red,Snow,0,-0.583737612,96,17,465.73020841734126,29.438953184988076,High
08-03-2024 07:10,40.623060557301265,-73.89048896,121,54.07731091538053,53.090280248928664,Green,Snow,0,0.778051998,13,48,179.27156490926822,16.428200152017162,Medium
08-03-2024 07:15,40.61557806,-73.80645212,149,10.667392732151697,89.72069057160078,Green,Fog,0,0.6832064219991385,18,33,242.58876206810223,29.143660267282815,High
08-03-2024 07:20,40.651940037439665,-73.71106018,275,28.497830746582082,80.69159363282937,Yellow,Clear,0,0.9212080071224933,82,23,76.36640502421643,16.558640896647404,High
08-03-2024 07:25,40.81737810889571,-73.88415881,99,76.43226254175686,41.45011055834706,Red,Rain,0,0.015480348863718296,66,17,386.43029188047973,7.990936093774602,Low
08-03-2024 07:30,40.84498514477519,-73.88878326,267,51.93367336298641,39.83743475,Yellow,Snow,0,-0.059005048,96,0,368.0025104809992,12.614228034328882,High
08-03-2024 07:35,40.818409191377114,-73.82636139,29,47.99113763293043,72.94054207822778,Red,Rain,0,0.8951890050847358,16,37,243.35573183006642,9.497233569,Medium
08-03-2024 07:40,40.835674061100725,-73.92840744,279,42.62464331845531,82.13681431974788,Green,Snow,0,0.13496381284592007,89,19,153.56697484338903,27.24010455576277,High
08-03-2024 07:45,40.71393410641144,-73.74741307,281,50.49603700117282,57.49440337384191,Green,Clear,0,-0.571889616,85,49,266.72595687029127,8.188878897959583,High
08-03-2024 07:50,40.878427971496755,-73.75056143,164,53.71150839118836,77.04920102257826,Red,Clear,0,-0.961583716,4,11,50.606921261181014,26.123484101535006,Medium
08-03-2024 07:55,40.743649362663476,-73.95862772,147,52.01492533,60.36802579649948,Green,Snow,0,0.1327897149325339,19,12,307.34495688094074,11.879593894561332,Medium
08-03-2024 08:00,40.730695158913704,-73.83456721,145,68.27940952900879,32.37363026,Yellow,Snow,0,-0.018733915,85,31,338.3135105056801,17.915666242975597,Medium
08-03-2024 08:05,40.69130564,-73.78013582,197,40.550873137850786,16.08206369652837,Red,Snow,0,-0.219029126,55,33,398.4241462258278,29.545078293868674,Medium
08-03-2024 08:10,40.85598947336598,-73.72673956,45,41.95764465070453,85.05143929452737,Green,Rain,0,0.7768158194339256,41,48,472.8723715614072,26.704706341667425,High
08-03-2024 08:15,40.64405730385547,-73.84842718,161,20.95214062957607,37.02116085161548,Green,Snow,0,-0.398963627,17,16,173.15340224528154,23.090432627382093,Medium
08-03-2024 08:20,40.85791526620593,-73.79379406,81,16.24614156202084,66.26680522967663,Red,Fog,0,-0.594590375,18,2,136.10256965459507,29.117603292257584,High
08-03-2024 08:25,40.70634087839073,-73.75772599,66,27.181275826907825,67.47696175555006,Yellow,Rain,1,-0.725905805,49,14,306.17000413171536,10.604073363593068,High
08-03-2024 08:30,40.69244354400857,-73.97056512,98,66.81582657096317,91.96165574706912,Yellow,Snow,0,0.8226108630683031,46,28,408.23363598277786,27.474618725193146,High
08-03-2024 08:35,40.77860887559717,-73.72103643,211,52.58113905654523,51.69035363947837,Yellow,Snow,0,-0.953619628,8,2,409.9182707414157,8.624384509,High
08-03-2024 08:40,40.852996558142806,-73.76689299,109,6.793896699,43.99456354795424,Red,Clear,0,-0.016561006,27,45,392.25790459982375,16.009866808244503,High
08-03-2024 08:45,40.70410372236688,-73.88354578,65,70.02052243624743,37.16608360623431,Yellow,Rain,0,0.29043014002598655,77,34,96.02298311899841,9.876782826,Low
08-03-2024 08:50,40.84402508687753,-73.9058352,156,49.30653693165456,42.06410958541391,Red,Clear,0,0.0513509,33,8,257.85313478048397,18.026159921045384,Medium
08-03-2024 08:55,40.67776298239621,-73.77697726,133,68.29742410310712,73.59927057,Green,Rain,0,-0.250397348,32,1,84.66693956406024,18.245307804685304,Medium
08-03-2024 09:00,40.73088076434236,-73.98903532,73,52.57431937237401,51.31511288,Yellow,Rain,0,-0.933320051,92,31,121.26121892434202,28.252408996422634,Medium
08-03-2024 09:05,40.72724874,-73.72376729,30,71.71203979962259,41.96970782282103,Yellow,Rain,0,-0.935081803,58,9,311.82601557124264,15.267543393068252,Low
08-03-2024 09:10,40.747560173238455,-73.77637027,187,16.05428060235293,22.892760014876856,Yellow,Snow,0,-0.243820065,23,38,476.62922805740766,10.79803818327162,High
08-03-2024 09:15,40.792485051814204,-73.89515638,118,33.75746512802682,10.10895174231112,Green,Fog,0,-0.772683098,62,4,131.6373239323831,17.569429907195783,Medium
08-03-2024 09:20,40.61234733211825,-73.87316958,79,77.28473847692078,41.439790684262974,Green,Snow,1,-0.272231924,31,22,468.1029423558798,26.978679827821708,High
08-03-2024 09:25,40.847664999337205,-73.8149303,156,26.83312519327636,40.122411678079615,Yellow,Fog,0,-0.354219629,44,16,289.53277085193747,29.703261691466842,Medium
08-03-2024 09:30,40.66973931,-73.83685796,257,60.75058766933459,38.944076917955755,Red,Rain,0,-0.26004638,34,43,369.9886915132741,18.879207970801858,High
08-03-2024 09:35,40.67530020035901,-73.99677612,140,52.761192506875865,30.475028252320577,Red,Clear,1,0.7460345139032771,37,2,485.3456312,29.719836680854044,High
08-03-2024 09:40,40.87949807720735,-73.86151471,209,39.451591461536154,44.099472214116716,Yellow,Rain,0,0.7811886929951968,70,29,347.5071257144514,25.41859980017467,High
08-03-2024 09:45,40.679654592476346,-73.76931297,37,70.55477696561216,25.18157690191742,Red,Snow,0,0.3556277853277403,24,10,313.0460185131502,26.930363394670714,Low
08-03-2024 09:50,40.614715162574804,-73.9903311,140,36.55941180850989,90.59695778527134,Red,Rain,0,-0.70389875,57,1,202.90683090186025,18.703725006402244,High
08-03-2024 09:55,40.613959949776714,-73.79270112,143,48.753448011993534,28.734319426777617,Yellow,Fog,0,0.7083303609840899,31,46,464.7073661634488,24.772618108192965,Medium
08-03-2024 10:00,40.81335026,-73.72376756,245,73.94032907239387,50.21141471860657,Red,Rain,0,0.7680037009049401,5,44,323.74420417533213,24.700451960529584,High
08-03-2024 10:05,40.764700811395656,-73.81461033,129,14.37854882675722,86.07726427791069,Yellow,Rain,0,-0.388014102,33,28,170.81839627387706,15.571353145756648,High
08-03-2024 10:10,40.741619028585916,-73.91870599,136,33.341862711134425,21.331495864605735,Red,Snow,0,-0.776679379,53,41,147.99981770178127,29.40515944881241,Medium
08-03-2024 10:15,40.80186372422089,-73.86257957,93,53.618760873123584,34.06963661667551,Red,Snow,0,-0.854751919,22,26,337.8829744507199,15.397794632248624,Low
08-03-2024 10:20,40.60976283872356,-73.7611441,41,67.98958228728559,55.51808405410602,Green,Fog,0,-0.656059013,24,33,342.0920087061316,9.646097547473389,Medium
08-03-2024 10:25,40.79812569322972,-73.72417588,229,17.48346596717939,36.25815039859798,Yellow,Clear,0,-0.273789483,48,35,343.9791696257056,28.63072377371142,High
08-03-2024 10:30,40.68321632996245,-73.91787415,67,41.84389755300564,81.40564512244354,Green,Snow,0,0.26486498835658057,14,26,485.8054915,22.51807141272755,High
08-03-2024 10:35,40.87604439666125,-73.97945793,24,52.283989273892345,36.31366119789982,Yellow,Fog,0,0.432102181,71,32,163.8526798223824,15.864667845792484,Low
08-03-2024 10:40,40.637585611070136,-73.77133914,194,21.53758360769655,45.437217597634614,Red,Snow,0,-0.842086844,11,45,181.68001464384028,26.755089202795347,Medium
08-03-2024 10:45,40.85035670562865,-73.82824954,291,74.57726352542488,35.023884904226634,Yellow,Snow,0,-0.893912068,44,26,127.5592423916784,28.730648262565417,High
08-03-2024 10:50,40.848503847292285,-73.78753577,52,77.78162712505362,38.46483609013476,Red,Rain,0,-0.054028043,97,41,217.24278860110942,13.757017486651735,Low
08-03-2024 10:55,40.603046716417836,-73.84873233,290,9.77410747,10.54784482304245,Green,Rain,1,-0.433545616,85,31,413.8152728750928,11.986382550076879,High
08-03-2024 11:00,40.62100294100097,-73.71612682,121,13.661878436763956,88.21767166103481,Red,Rain,0,-0.157112517,11,18,412.3109970161904,28.949622697834634,High
08-03-2024 11:05,40.61320676426567,-73.71002259,124,21.11760696947854,50.08377449,Yellow,Rain,0,0.46416884926768875,8,25,136.06861756420312,29.008796626822043,Medium
08-03-2024 11:10,40.824107980205554,-73.72376,242,13.468849665868092,53.905228025797385,Green,Fog,0,-0.679528001,77,49,456.1002250902243,26.749463128289896,High
08-03-2024 11:15,40.60858649688632,-73.86555031,208,49.17048361154665,91.78580318820626,Red,Clear,1,-0.358636627,30,45,409.62243191412966,21.166194423541295,High
08-03-2024 11:20,40.72388495516402,-73.95055937,129,16.22836487,68.37185435866213,Red,Snow,0,-0.416852188,35,8,171.99804827971434,8.742292118588908,High
08-03-2024 11:25,40.65771670633765,-73.78836737,12,25.726643974794396,84.42048532117803,Red,Clear,0,0.6397025277289992,20,26,256.3036021708733,15.38539865957962,High
08-03-2024 11:30,40.73478051,-73.71281561,245,47.00457644274523,67.81955037743205,Yellow,Clear,0,-0.81643256,79,9,427.26042863876853,18.60445252500425,High
08-03-2024 11:35,40.70009185261793,-73.7677007,93,19.49123064726352,97.95337121117686,Red,Rain,0,0.093046736,22,9,91.03759356220775,26.65174335908197,High
08-03-2024 11:40,40.791775979181956,-73.91208659,109,15.511648000668938,76.91772310660821,Green,Rain,0,0.19575474600270315,58,27,186.38371097063606,7.277081683606849,High
08-03-2024 11:45,40.70193663,-73.9077381,36,79.19283061029202,53.63746253247668,Red,Clear,0,0.8392061338406027,4,32,166.94322943958775,13.923058831117489,Medium
08-03-2024 11:50,40.78552003374974,-73.8855548,17,8.293596609656735,74.56625980537159,Green,Snow,0,0.5783610707727869,82,15,431.6333298013235,25.664225440039374,High
08-03-2024 11:55,40.70650326,-73.92887668,272,29.740921211120643,30.655066297609757,Green,Clear,0,0.5913623466521074,68,0,102.93229318920795,11.043520395162261,High
08-03-2024 12:00,40.701847955465745,-73.72178722,72,32.376598463813025,62.280484671302574,Red,Clear,0,-0.917318934,71,47,416.84346319744054,18.357268141731964,Medium
08-03-2024 12:05,40.63645262722918,-73.78490132,121,59.96924898,87.60662595388537,Green,Fog,0,0.4611726532704321,49,17,60.21232207728145,20.415334017157228,High
08-03-2024 12:10,40.64021213453527,-73.86995838,54,23.082023999488666,91.47889708458021,Yellow,Snow,0,0.46973016781623667,40,10,139.42394233691766,18.386243339872323,High
08-03-2024 12:15,40.83594720972419,-73.76689088,131,21.793593820889853,60.70548996564776,Yellow,Rain,0,-0.830420531,57,0,393.8500005,12.334398988360993,Medium
08-03-2024 12:20,40.74070752744053,-73.98514798,219,7.9671078325131885,62.00726282155031,Red,Rain,0,0.17201786236334282,49,45,331.3387685124512,6.772964626860881,High
08-03-2024 12:25,40.67151330288918,-73.99954823,150,72.19289038833047,35.44697944,Green,Snow,0,0.26057751426135334,73,26,335.9216083829762,26.28925775143027,Medium
08-03-2024 12:30,40.62681444655576,-73.71495842,182,58.03150772761102,55.45483174646123,Yellow,Fog,0,-0.50595572,58,42,318.2300236826147,28.965553130488942,Medium
08-03-2024 12:35,40.84615648152851,-73.92414086,92,5.047025644612883,87.92542548942437,Green,Snow,0,0.9737986801788086,5,24,479.34804233852077,5.054064261137865,High
08-03-2024 12:40,40.656488091136524,-73.74747971,164,10.92956986203271,79.97152582428632,Red,Rain,0,0.9551606059416995,12,49,219.82543762239902,9.884476885900202,High
08-03-2024 12:45,40.651493525087936,-73.82034549,121,33.93109452495831,67.91521308615945,Green,Snow,0,-0.440603121,12,30,368.5185932,29.27119723676511,Medium
08-03-2024 12:50,40.86951059824091,-73.91444951,250,30.66715476,21.501817343365715,Red,Snow,0,0.5561475563564482,39,37,480.23939937392186,28.68305897541587,High
08-03-2024 12:55,40.675431528054524,-73.99921782,264,64.06800473895512,18.96408559279876,Green,Fog,0,-0.928234163,64,27,302.93335042076234,20.099100618820028,High
08-03-2024 13:00,40.84623795811876,-73.99274148,205,74.18574161737158,40.37131795212973,Green,Snow,0,0.38139141727186154,81,19,292.17980916227236,14.462019350821885,High
08-03-2024 13:05,40.822430006404055,-73.99241626,232,69.29601025724489,89.29297086844247,Yellow,Clear,0,0.057876881,76,4,108.73966777675656,24.879974442875856,High
08-03-2024 13:10,40.72409321629239,-73.94734487,140,36.02331586385351,59.99253807920172,Red,Clear,0,-0.904885202,87,10,209.44373308361693,10.998084689910227,Medium
08-03-2024 13:15,40.67565533717758,-73.88214563,65,55.54792079,15.062427818240453,Yellow,Clear,0,-0.665180135,63,19,493.8892203796019,8.701331169480584,Low
08-03-2024 13:20,40.68132336078061,-73.98544349,252,58.371192945890336,77.94233181973857,Yellow,Clear,0,0.071219206,51,18,293.39258718148244,19.002691788889933,High
08-03-2024 13:25,40.67056125,-73.78499051,251,34.36576366350517,40.19775518,Red,Rain,0,-0.19402406,82,35,415.87104814935526,11.514445232351665,High
08-03-2024 13:30,40.765663818811596,-73.8364272,211,57.454243880686825,52.70074171326992,Green,Rain,0,-0.018839583,65,9,372.0008066101507,22.919643828757074,High
08-03-2024 13:35,40.734104988176135,-73.76651386,83,65.85246806721744,40.941491529446154,Red,Clear,0,-0.447780641,46,15,449.98213071069443,7.278469766421481,Low
08-03-2024 13:40,40.89184004826723,-73.80722133,224,69.61233369350533,84.60550249,Green,Snow,0,0.6574679944982551,87,10,309.0269546439205,20.696543356738125,High
08-03-2024 13:45,40.89751711447035,-73.83531423,245,14.07001635235393,26.803150718402257,Yellow,Rain,0,0.37280467213330515,16,38,81.62043852383012,10.46086670575111,High
08-03-2024 13:50,40.82134725925109,-73.96977999,95,9.604352832282693,89.45212142251067,Green,Snow,0,0.3553805935774965,84,44,302.84338653034536,15.899167081094724,High
08-03-2024 13:55,40.62079998426831,-73.7540631,170,21.561163076662773,62.00565856125027,Yellow,Snow,0,-0.708476577,43,1,101.88081747523405,7.410039445678866,Medium
08-03-2024 14:00,40.85217373574179,-73.81932705,252,24.53053951180289,78.05308221318771,Yellow,Fog,0,-0.310640481,66,46,415.78582782973814,11.136204620569336,High
08-03-2024 14:05,40.716759049839524,-73.90383309,260,45.099253927454164,82.71663090335215,Green,Fog,1,0.27787449635087613,23,33,300.49885444583765,26.24775207476973,High
08-03-2024 14:10,40.722534655484026,-73.93940993,139,44.96868117923724,30.647513349827257,Red,Snow,0,-0.737025432,95,40,115.78493191482916,7.865189406946136,Medium
08-03-2024 14:15,40.69048556388174,-73.92971039,282,65.43179898405367,10.796490236673016,Green,Clear,0,-0.315395865,94,10,374.7553791470966,15.867521437376713,High
08-03-2024 14:20,40.83567740939362,-73.92731454,58,52.40526792511864,88.87231285,Yellow,Clear,0,0.8673960550267821,70,3,487.35181474960706,24.69076639609091,High
08-03-2024 14:25,40.755231217540555,-73.95551253,124,11.237244647348998,45.67577210050751,Red,Snow,0,-0.593662361,20,29,272.4687916941139,5.812952495475461,High
08-03-2024 14:30,40.64562840156567,-73.76628786,54,78.22175598231527,50.12051597851264,Green,Fog,0,0.21429223578079637,17,8,314.17860272281496,15.219895060038256,Medium
08-03-2024 14:35,40.68743270118462,-73.73853481,262,74.51852802620402,75.49312901422354,Green,Snow,0,-0.353997052,10,23,355.61813476505625,24.085950161643595,High
08-03-2024 14:40,40.642759655403424,-73.86312594,275,24.432364887797906,74.89880680931738,Yellow,Clear,0,0.907988989,68,3,357.9011925746191,5.129564244502742,High
08-03-2024 14:45,40.735257085566786,-73.82400588,51,55.43469879266512,39.26336274115188,Red,Rain,0,-0.736377029,75,30,310.1641801992217,12.414384968627107,Low
08-03-2024 14:50,40.614183384030945,-73.95321474,237,76.96037505,54.542663587223636,Green,Snow,0,0.8007256054630603,12,4,422.47515510928565,29.308544473186533,High
08-03-2024 14:55,40.65664991041085,-73.71591818,138,27.495168732278245,58.70524033688404,Yellow,Clear,0,-0.193377806,5,15,66.71323067448104,22.491817678565635,Medium
08-03-2024 15:00,40.76686290834523,-73.86449191,34,64.4746049,77.21140224661144,Green,Snow,0,0.4022627605917184,44,5,229.0146473474253,15.02835244840347,Medium
08-03-2024 15:05,40.832609003986875,-73.85008571,260,73.21217159496189,99.77325030245481,Green,Rain,0,0.6815818875313504,29,43,221.64957614871645,23.983019656713147,High
08-03-2024 15:10,40.667478122615826,-73.86290604,78,33.20714468524966,61.999529240733104,Red,Clear,0,0.45873539833520227,99,23,254.60353980654094,11.13111585525623,Medium
08-03-2024 15:15,40.69318039364597,-73.91223485,207,55.37156589381488,82.24116852269603,Yellow,Snow,0,-0.464503194,62,45,373.03886863487054,20.042965234046505,High
08-03-2024 15:20,40.82286095,-73.74764422,44,11.775248100853831,34.30781166,Yellow,Rain,1,-0.553105207,90,35,166.0724167,27.714153868254865,High
08-03-2024 15:25,40.864666683707696,-73.79485065,40,27.510276931874717,83.54427552224247,Yellow,Rain,1,0.4344980158650771,35,22,453.1059235088703,22.863274603458063,High
08-03-2024 15:30,40.72213263014406,-73.71307494,278,62.18629583,49.31649520675147,Red,Fog,0,0.6969894409040862,26,3,52.36971974613073,28.445366904558863,High
08-03-2024 15:35,40.63041259956032,-73.80031292,159,45.068398013718856,65.63346726,Red,Clear,0,-0.758947298,75,25,255.0958805626447,28.709640438407003,Medium
08-03-2024 15:40,40.85951846170887,-73.9503553,168,34.58798593536689,61.59022003394789,Yellow,Snow,0,0.5956758510312121,27,9,217.49584816302078,23.84666027647011,Medium
08-03-2024 15:45,40.81730111245822,-73.87879435,255,77.11472232263824,14.100249282612044,Yellow,Snow,0,0.7208161813088954,92,47,71.74554660123928,19.62569974353981,High
08-03-2024 15:50,40.722486987388926,-73.91141838,210,5.058904273338506,47.20731165211401,Green,Fog,0,-0.500486568,77,47,297.80754216868525,21.112289948227772,High
08-03-2024 15:55,40.672910546436725,-73.98374508,218,50.35932409540414,30.075649259991092,Red,Snow,0,0.8239664061885688,10,33,126.53464731230345,28.27752683081405,High
08-03-2024 16:00,40.67458158677897,-73.91701142,222,48.37214351574082,40.844473990676335,Green,Rain,0,-0.00270349,12,22,417.3436668150633,23.272108009860137,High
08-03-2024 16:05,40.703011762113896,-73.85686864,24,72.54802584896386,31.163792803834717,Green,Clear,0,0.30574211103711035,79,36,358.7284442169383,19.032563586879455,Low
08-03-2024 16:10,40.667703955211735,-73.90936398,17,42.605597417658934,36.95383086,Green,Fog,0,-0.990834843,65,30,488.8382577362795,15.500042499991135,Low
08-03-2024 16:15,40.82146620743145,-73.85902101,195,48.55904827994435,44.74078465068818,Yellow,Fog,0,-0.897373311,89,4,218.86596320382884,20.94398552141018,Medium
08-03-2024 16:20,40.81667846330683,-73.95948825,170,40.65244868254674,92.42155153220655,Red,Snow,0,0.7808892523042892,41,24,97.59968561,12.450894658869839,High
08-03-2024 16:25,40.84988222862452,-73.70472695,193,38.73797085443086,60.931459901206445,Green,Fog,0,-0.782464632,93,36,382.43283494691747,28.02440266,Medium
08-03-2024 16:30,40.75245057176142,-73.86695519,244,37.951703219885324,20.50898451723743,Yellow,Fog,0,0.7876113485507426,51,46,240.4451704684529,18.28133337190865,High
08-03-2024 16:35,40.600396683877605,-73.87381615,202,20.69412023495543,44.294080758971916,Red,Clear,0,-0.861475901,60,44,195.77171144689015,26.335417770003236,High
08-03-2024 16:40,40.867509579902716,-73.92582048,85,77.12355201156288,29.469985553845152,Red,Fog,0,0.8829120371726247,56,32,265.10713239678637,25.18113348103374,Low
08-03-2024 16:45,40.69152878390192,-73.94150031,190,67.49684283553114,78.95804318781153,Yellow,Fog,0,0.70134809,1,44,62.71308584738115,8.723859057,Medium
08-03-2024 16:50,40.80325976780513,-73.76603755,78,64.78385465194597,26.314780142395108,Yellow,Snow,0,0.27576523466892167,23,17,318.3164758418398,24.85366382,Low
08-03-2024 16:55,40.808660226769064,-73.71545913,229,77.87058815002254,25.48933566088226,Yellow,Snow,1,0.5621284457310787,19,1,454.9599519621636,5.931503044326865,High
08-03-2024 17:00,40.83972083563396,-73.89249151,73,16.558446646337245,31.841097015423735,Red,Rain,0,0.9705925542710871,44,13,383.1211719793846,27.022384193821924,High
08-03-2024 17:05,40.80299902549502,-73.93751682,261,29.316655613250248,12.853535113704464,Yellow,Fog,0,0.6063803084757038,72,49,425.11606305727463,8.445381380398294,High
08-03-2024 17:10,40.816494966512565,-73.77368442,44,29.96296361,84.78252896622585,Yellow,Snow,0,0.840540482,40,23,326.6472704971339,20.872576855066455,High
08-03-2024 17:15,40.66260783079086,-73.96720355,81,64.96920076169943,67.6795311,Yellow,Snow,0,-0.501536389,38,30,466.31522769521524,17.36543381902017,Medium
08-03-2024 17:20,40.849986834493755,-73.74612308,249,75.61393609,90.83039618221969,Green,Fog,0,-0.533238725,31,38,488.5102242,23.851802789043496,High
08-03-2024 17:25,40.65541133100823,-73.77902832,73,61.75685485646692,90.78969745810421,Yellow,Clear,0,-0.812544724,62,19,261.8693462071453,18.447753583763742,High
08-03-2024 17:30,40.73128128607773,-73.84155187,180,51.972748640526845,20.37052968617731,Yellow,Fog,0,-0.127779323,9,18,100.33704701938916,7.114431883,Medium
08-03-2024 17:35,40.81303654455883,-73.91238002,154,77.75432187565917,72.91842650239946,Yellow,Rain,0,0.7790549992229012,98,8,103.66811048211383,14.875816953955043,Medium
08-03-2024 17:40,40.764486091397465,-73.72780475,172,62.90328865506809,25.18017316978146,Red,Rain,0,0.9048030700502017,88,12,338.5964110284549,22.933345034172746,Medium
08-03-2024 17:45,40.626933209276146,-73.77548445,21,58.74077589193554,21.726042343539305,Yellow,Rain,1,0.056137514,30,38,287.98526501892013,7.6953372746044835,High
08-03-2024 17:50,40.671015924836084,-73.89169318,19,53.16963132905722,24.025579054435035,Yellow,Clear,0,0.2439078974869371,58,39,301.6766952132022,22.103030550466443,Low
08-03-2024 17:55,40.78009657843438,-73.8692986,77,75.34733312,84.91282873694598,Green,Fog,0,-0.4418457,63,11,297.64024530207143,17.789719167907137,High
08-03-2024 18:00,40.64283742501035,-73.97994765,240,22.80169897860449,35.75256309001648,Green,Clear,0,0.5461057030681027,23,5,94.38214354918388,20.292482259309907,High
08-03-2024 18:05,40.74589746091971,-73.756795,258,23.074322446978968,72.51592376138457,Green,Snow,0,-0.056841686,2,16,385.29715801586434,19.445606315825838,High
08-03-2024 18:10,40.72827212133007,-73.99929069,90,8.650552151853512,83.09119199702015,Yellow,Clear,0,-0.465934639,5,47,114.40598592476745,11.664720918607381,High
08-03-2024 18:15,40.784548588295614,-73.76578011,12,47.77922007461785,43.33870915370192,Green,Fog,0,0.8482678322554751,55,2,101.3598864093581,14.96363407634313,Low
08-03-2024 18:20,40.795023341424105,-73.94402107,46,38.55185140676313,42.588142845354405,Red,Snow,0,0.4136610623108887,6,4,445.7712847267798,14.908629462720436,Medium
08-03-2024 18:25,40.72285749352322,-73.7731958,73,42.01264407845307,22.302831033096165,Green,Clear,0,0.38448166163398434,88,41,70.14524539908693,16.763538363181368,Low
08-03-2024 18:30,40.83341670004037,-73.96908602,115,25.155541921964083,88.34781386911465,Yellow,Clear,0,0.23931007980354235,42,31,138.31376194813157,28.869544180588935,High
08-03-2024 18:35,40.66301222747371,-73.86026247,289,62.853982850095385,79.24920338688133,Red,Rain,0,0.4449637816610923,52,43,92.37240296976891,12.89748538502906,High
08-03-2024 18:40,40.88649807669274,-73.9296486,194,8.54120003,43.95116845610695,Yellow,Clear,0,-0.391561154,48,23,270.46584091040006,15.779216008657741,High
08-03-2024 18:45,40.769476766565674,-73.88110038,289,60.403734053695416,75.94841997906035,Yellow,Clear,0,-0.398786622,84,28,448.23535220657584,5.254335581621396,High
08-03-2024 18:50,40.89968287293045,-73.86612862,160,6.097994630923166,74.87028919,Red,Clear,0,-0.243676245,46,7,101.31382183699694,18.66643280225051,High
08-03-2024 18:55,40.86944697671473,-73.76130189,296,22.209597232345793,28.016543888291665,Yellow,Rain,0,-0.722637419,54,16,140.61442131186004,18.932674245138877,High
08-03-2024 19:00,40.78075166587347,-73.88453089,285,45.15127202461288,18.836276226028353,Yellow,Snow,0,0.20881319338750415,93,29,132.14696920952412,22.85472440742144,High
08-03-2024 19:05,40.61013025585726,-73.93709602,166,36.357549506440876,35.420641459967385,Red,Fog,0,0.4131491670261591,77,25,415.5495902,28.492885236824186,Medium
08-03-2024 19:10,40.65307443824323,-73.74072728,108,45.31057784447424,35.54862061,Yellow,Fog,0,-0.363041358,36,10,313.5737036316725,5.941302394898094,Medium
08-03-2024 19:15,40.849903279211595,-73.8170317,45,35.93813177460376,17.21518767113265,Green,Snow,0,0.006707486,88,7,349.37591706284326,27.434685006216036,Medium
08-03-2024 19:20,40.80628044866472,-73.96801686,102,21.902640255976777,13.203740959615743,Green,Clear,0,0.306789497,61,34,205.79282582627826,23.04507814073473,Medium
08-03-2024 19:25,40.681634456823986,-73.7312649,230,58.17905597309211,87.15527590817729,Yellow,Clear,0,0.3205014680962197,93,47,256.9386497,6.3131760342588805,High
08-03-2024 19:30,40.876651044166195,-73.96304676,115,18.351562850126058,10.553331132746768,Yellow,Snow,0,-0.082096051,98,23,193.24040341453957,28.89340603308419,High
08-03-2024 19:35,40.81593264557798,-73.91170586,283,69.18856628211074,46.056987018510945,Yellow,Clear,0,0.021052590573368057,14,6,490.08499420635695,25.658120021037067,High
08-03-2024 19:40,40.67505376276977,-73.85973385,213,18.87412887607676,43.8906721,Yellow,Fog,0,-0.042677694,19,25,234.74123308990067,7.595508903225369,High
08-03-2024 19:45,40.898258057184165,-73.9240639,272,9.957344062166548,98.98458432,Yellow,Rain,0,0.3007250383082578,73,7,130.11304750526898,20.43519570346139,High
08-03-2024 19:50,40.756608412783464,-73.85556214,287,19.953633272855775,62.876625605661275,Green,Fog,0,-0.086163853,10,14,123.58501127221182,8.539738432923883,High
08-03-2024 19:55,40.61886345646151,-73.97937625,242,14.952665927037089,25.209700900624867,Green,Fog,0,0.837528853,41,0,65.01522573537179,29.177314206551806,High
08-03-2024 20:00,40.66203879649393,-73.89292291,175,28.46491692,15.807686928852224,Red,Rain,0,0.38107186382342406,48,14,136.33891620721676,23.356783944900005,Medium
08-03-2024 20:05,40.779075396828986,-73.96458505,213,30.418835103304893,88.20431176273541,Yellow,Rain,0,0.053476881,56,16,176.24393005164166,12.005625631474011,High
08-03-2024 20:10,40.80932310736897,-73.7696313,295,43.21978125100573,86.66059404885755,Red,Clear,0,-0.274332983,21,31,428.61177690067234,11.904484617448997,High
08-03-2024 20:15,40.706673332717514,-73.88445623,30,24.287307064823956,93.96457126,Red,Fog,0,-0.08559346,33,35,464.8957709903253,18.417136476997914,High
08-03-2024 20:20,40.80913079325049,-73.80838581,166,46.63193487,26.657671045039518,Yellow,Snow,0,-0.244230614,43,46,89.69467821413011,15.059935221322522,Medium
08-03-2024 20:25,40.71390885723423,-73.95158647,256,54.31558696591949,95.28742087,Yellow,Rain,0,-0.933088189,57,21,340.80097596320144,17.336320298140492,High
08-03-2024 20:30,40.86575678147767,-73.73833346,225,19.739057966296173,95.78613015502438,Yellow,Fog,0,0.7856055156755279,94,42,62.294988049286495,5.608684219124717,High
08-03-2024 20:35,40.73951666734495,-73.96589607,92,66.30481041362589,46.07763628874706,Yellow,Snow,0,-0.256971536,7,38,405.82537791522486,25.260295138582944,Low
08-03-2024 20:40,40.86622258513805,-73.84963144,191,7.989685685088672,65.03369313983985,Green,Rain,0,-0.514992487,97,24,285.0250376495708,19.869923874919536,High
08-03-2024 20:45,40.62807127,-73.78187113,299,38.513737460040645,56.92750275566453,Yellow,Fog,0,0.27446026527664236,66,9,210.57777158227844,7.855907917049011,High
08-03-2024 20:50,40.64117459411635,-73.75546776,188,12.995456789753899,68.20703187727952,Yellow,Rain,0,0.47005542694259983,89,0,112.41721980051872,29.947904323406206,High
08-03-2024 20:55,40.6932211,-73.86380687,213,38.371369214071684,22.70002913268946,Yellow,Snow,1,-0.035685551,18,42,420.4482796455916,14.52082258445861,High
08-03-2024 21:00,40.71197198017357,-73.82831657,22,55.40155819343771,72.02640655,Yellow,Fog,0,0.7935383885165666,29,25,130.71406863587703,10.806099947422835,Medium
08-03-2024 21:05,40.78283712554548,-73.85493777,160,25.838388575262282,12.357420842807326,Yellow,Clear,0,0.8554793062290573,20,44,329.6458174531409,27.27739360318173,Medium
08-03-2024 21:10,40.681129300760624,-73.97076136,255,20.226135397972968,59.627849355770536,Green,Fog,0,-0.601298895,82,35,494.6455034734131,12.110802404819225,High
08-03-2024 21:15,40.79608584184026,-73.8360191,47,17.244491434013142,62.67641941209841,Yellow,Fog,0,-0.158089697,36,0,384.91748341267413,21.915425166382768,High
08-03-2024 21:20,40.62112149538312,-73.93240436,230,49.12733714547868,66.79294158,Green,Snow,0,0.5765245177959826,10,40,399.37234715841527,6.838577340957039,High
08-03-2024 21:25,40.64113384640051,-73.81183634,270,59.458955660875645,53.19805847587187,Red,Clear,0,-0.454506812,73,25,172.5705952150538,11.77209115393787,High
08-03-2024 21:30,40.730431602885794,-73.91039725,229,64.76417592,70.77047085,Green,Snow,0,0.20475765739930774,90,28,251.14906525877885,14.797852981740427,High
08-03-2024 21:35,40.795856453183156,-73.87076686,232,73.42782422549257,52.51519762321188,Green,Rain,0,0.6686775257067865,64,27,315.1812262420332,11.54221558569202,High
08-03-2024 21:40,40.65739659127255,-73.96373379,123,78.37375267703474,22.212404073239316,Green,Fog,0,-0.182183962,91,34,155.8913195033765,5.4129970230409565,Medium
08-03-2024 21:45,40.74010652,-73.90391627,76,68.35891053491449,27.156288963757273,Yellow,Clear,0,-0.759802129,97,24,461.4361326486915,22.620754683131306,Low
08-03-2024 21:50,40.68830734177908,-73.86006348,216,39.17227805000917,24.87064830981218,Yellow,Snow,1,-0.544477256,76,41,450.4968743110797,8.192940537398066,High
08-03-2024 21:55,40.62727624553287,-73.72549026,76,17.640563930136228,71.39689830189349,Green,Clear,0,0.9083070385897192,42,27,396.70484159539893,17.196396190514406,High
08-03-2024 22:00,40.78570949737226,-73.79075053,254,49.49398324446179,80.02826905910656,Red,Snow,0,0.7997786748637981,64,18,258.62760915034653,12.17832849976876,High
08-03-2024 22:05,40.76976747033005,-73.97386819,266,68.35020798412961,81.31131540625533,Yellow,Rain,0,-0.782371973,9,12,437.04699983140995,5.376560071576093,High
08-03-2024 22:10,40.861307635081175,-73.73214249,87,20.794304737325042,16.62914607099712,Yellow,Fog,0,-0.139061998,27,12,398.1618140479882,7.787366375516978,Medium
08-03-2024 22:15,40.864779123836826,-73.98047204,210,13.659725112490607,66.53024913,Yellow,Rain,1,0.23828551120422503,38,17,106.32178383628634,20.116101232653428,High
08-03-2024 22:20,40.78535602473322,-73.92481801,48,55.44392503110423,54.783178819825764,Green,Fog,0,0.7726140790495251,88,25,492.5000333995514,12.760757173332639,Medium
08-03-2024 22:25,40.64842475,-73.96576743,185,25.58742076792632,98.61067043,Red,Rain,0,0.35523666624366856,21,0,240.95378849222868,20.54896981301613,High
08-03-2024 22:30,40.641966109371786,-73.97358202,38,62.21715372952892,19.225417387201126,Yellow,Snow,0,-0.149904637,9,13,442.05309327340484,9.632242474,Low
08-03-2024 22:35,40.76672442726886,-73.81354129,250,10.811449190399635,48.003567612010265,Yellow,Clear,0,0.2590717074471549,30,38,131.5770132674138,10.379158455160045,High
08-03-2024 22:40,40.78745624918152,-73.88695643,140,53.25130146,27.816305409975328,Red,Snow,0,-0.579874051,82,18,165.2128794309421,21.71610576609236,Medium
08-03-2024 22:45,40.76594571138352,-73.75518033,186,77.92566338061127,45.630547733324775,Red,Fog,0,-0.047592248,27,41,125.79888580180078,6.815562435110343,Medium
08-03-2024 22:50,40.65227055002258,-73.83477885,267,19.10955861042884,73.94378406185758,Red,Snow,0,-0.892690133,24,1,257.8072676950474,11.607570669085286,High
08-03-2024 22:55,40.897069061110756,-73.99060625,53,46.671713911898095,36.803785925290285,Red,Snow,0,0.9688751345974471,72,23,130.11341202713885,18.63935170044765,Low
08-03-2024 23:00,40.64837219705551,-73.94287941,137,47.104871812669636,47.41772585201381,Yellow,Clear,0,-0.487798435,85,27,437.79810295754385,18.75002310751806,Medium
08-03-2024 23:05,40.84056815846021,-73.94338348,211,39.96505459757972,39.671809090275346,Green,Rain,0,0.28570174007871385,50,7,264.66341285642045,12.872281480724673,High
08-03-2024 23:10,40.89724996975653,-73.71275438,130,35.76469438558925,79.05437446,Green,Fog,0,-0.957904422,37,49,81.63313341875809,26.096842766846315,Medium
08-03-2024 23:15,40.69823932791303,-73.83865081,163,72.18669424654377,39.046522346413184,Yellow,Snow,0,-0.043082683,23,48,341.02999903864963,26.816426127601098,Medium
08-03-2024 23:20,40.64939005743751,-73.74041849,150,67.81426557044753,66.68145775464811,Green,Snow,0,-0.333552599,14,38,334.38178520682317,16.42787166,Medium
08-03-2024 23:25,40.60785614468884,-73.70509618,59,25.21667241689168,33.927094175151055,Red,Snow,0,0.3882950047842484,56,30,488.5529339053845,10.473495757866448,Medium
08-03-2024 23:30,40.670419430528135,-73.77369693,225,73.90603515342735,56.84636690530438,Red,Clear,0,0.11236397851207669,44,42,236.36105526850977,28.940883166074975,High
08-03-2024 23:35,40.805869762420365,-73.75201104,244,53.822937831736404,26.62712887314326,Yellow,Clear,0,0.6008776524599979,97,9,235.15238373483905,24.069055513812582,High
08-03-2024 23:40,40.70462906588581,-73.92992929,130,46.81799036491378,73.47643761,Red,Snow,0,-0.857170303,33,33,288.4901137548422,27.830475336319637,Medium
08-03-2024 23:45,40.80330713,-73.71721094,254,35.82477339736107,60.81756661101563,Green,Rain,1,0.5175958845705895,74,39,262.08643206331635,28.555441412022038,High
08-03-2024 23:50,40.78675394007279,-73.9984307,208,33.759363454093474,33.738442555329556,Red,Rain,0,0.9664226496657997,86,22,94.23189311507275,19.764564974068612,High
08-03-2024 23:55,40.788639084859604,-73.99949925,204,8.103984660747367,47.65615578115327,Yellow,Snow,0,-0.134127941,51,2,82.78003209733467,12.863537358683736,High
09-03-2024 00:00,40.76557645,-73.75346467,156,64.76859077776942,50.75561996913891,Yellow,Rain,0,-0.612456656,21,47,475.11552126667806,9.305271459627203,Medium
09-03-2024 00:05,40.78051768774599,-73.82833509,92,78.90433440337874,23.817556486333373,Green,Snow,0,0.20587014819106764,47,16,367.8627075465916,24.611503497494517,Low
09-03-2024 00:10,40.73073260401678,-73.9088485,60,47.236144235145225,19.908215622158117,Green,Clear,0,-0.937413866,53,40,118.43129277927119,23.70125815765941,Low
09-03-2024 00:15,40.68301534,-73.95113755,170,52.86272877150191,12.360028023613534,Red,Rain,1,-0.241836238,42,8,124.04330962354396,21.895801872818573,High
09-03-2024 00:20,40.84022016844517,-73.93555925,54,21.139273952090928,63.30907172259254,Red,Fog,0,0.815547454,59,12,297.11621261606194,28.246509079637597,Medium
09-03-2024 00:25,40.81574101255624,-73.87112439,36,26.609249639238634,79.13328397314396,Green,Rain,0,0.9663636292230202,29,37,449.5544365894459,18.87606339496704,Medium
09-03-2024 00:30,40.80455308695464,-73.72896062,82,18.260390788346115,39.41842088017761,Red,Snow,0,0.1180862789399002,56,6,373.31665598908154,24.15530151273534,High
09-03-2024 00:35,40.68174714,-73.84688277,211,58.60716822671705,73.98902575695121,Yellow,Clear,0,-0.40238109,4,49,467.3512269482131,8.324165324692874,High
09-03-2024 00:40,40.70086127990432,-73.97582108,185,67.43164608508889,57.44677127377935,Yellow,Clear,0,0.5032707104613614,45,9,63.88231463041404,21.624458088041386,Medium
09-03-2024 00:45,40.72112931446954,-73.74542071,133,16.536720733613933,37.21038087248796,Yellow,Fog,1,0.17533832837666274,87,2,463.4349000774665,12.188655437550329,High
09-03-2024 00:50,40.72012746667225,-73.88677402,219,75.25711151614603,61.98389909203371,Red,Snow,0,0.3821144094119113,89,13,158.5557558503627,17.290931603418123,High
09-03-2024 00:55,40.855665761586415,-73.99915584,231,73.59719266286294,61.85371468953956,Red,Clear,0,-0.761794586,89,23,401.77488319881934,27.73864032619168,High
09-03-2024 01:00,40.802831374748564,-73.90229918,71,78.81368650418459,56.73424565785058,Red,Clear,0,0.8640797553856086,24,26,106.25807348377832,21.714373278654413,Medium
09-03-2024 01:05,40.86198476281012,-73.78208813,46,29.977330183501252,59.13094841,Yellow,Fog,0,-0.851114556,49,12,413.9456948,20.360394527711634,Medium
09-03-2024 01:10,40.63107203,-73.70520924,112,14.886492578974742,18.313396967990265,Green,Snow,0,0.19170029825555157,32,30,413.54428212183376,23.625733133418958,High
09-03-2024 01:15,40.77693053654065,-73.84658149,27,6.172583063758884,69.47341069009397,Yellow,Fog,1,0.5796695941405796,79,49,223.88246333519086,7.513375693047271,High
09-03-2024 01:20,40.61685137584612,-73.87592438,110,71.51498561911004,82.15308751748447,Red,Clear,0,-0.409748729,38,31,352.4530977,7.870091679946551,High
09-03-2024 01:25,40.86353808326697,-73.78900812,231,38.62460867230859,12.866801263546154,Yellow,Snow,0,-0.457422937,46,28,123.67132744425068,16.53870351631729,High
09-03-2024 01:30,40.658777266283415,-73.84521101,223,26.444112947889963,98.67340717,Red,Rain,0,-0.215977809,34,38,491.01199506788925,17.25702304532374,High
09-03-2024 01:35,40.87986312069245,-73.98685668,187,71.25279234285885,66.49036352378434,Green,Rain,0,0.8203736936722013,75,48,90.47209537223786,23.49833521222815,Medium
09-03-2024 01:40,40.622051888909766,-73.98163412,232,69.56014559542027,98.87221017527199,Yellow,Clear,0,-0.727453645,25,49,420.45090733433733,29.77514795348815,High
09-03-2024 01:45,40.706494551346196,-73.94146462,55,49.96373128945275,42.68834980927089,Green,Snow,0,0.8123653533131845,3,2,86.33275622496166,15.267272146346967,Low
09-03-2024 01:50,40.71513367923077,-73.86509125,50,6.347077261970245,60.768376766914905,Green,Fog,0,-0.020114533,33,16,342.3479887983206,7.934707914360074,High
09-03-2024 01:55,40.80793883325915,-73.9424545,13,70.59917761747046,82.75159217863137,Green,Snow,0,0.9390747648964721,12,14,382.58173337118615,17.610778125002234,High
09-03-2024 02:00,40.72475334580451,-73.9793269,81,63.92976721484861,93.19197094781056,Yellow,Clear,0,-0.659552212,43,37,397.6908651331447,19.06531446816439,High
09-03-2024 02:05,40.62491394602747,-73.82233303,178,8.357673816968582,95.42594301,Green,Snow,0,0.8048969669554693,51,5,149.9526317689124,8.809953367929577,High
09-03-2024 02:10,40.88395499356075,-73.97324986,170,45.54800823512604,51.51581490223332,Red,Snow,0,-0.093873988,95,17,207.16703601033996,8.484277626921992,Medium
09-03-2024 02:15,40.66427257202361,-73.77472605,108,66.72214357243412,59.046292625530576,Yellow,Rain,0,0.2545800619866758,57,29,442.7105965926188,6.863138708784284,Medium
09-03-2024 02:20,40.613144850997294,-73.90172888,173,54.354322796529196,56.81114445421075,Green,Rain,0,-0.507269568,51,38,151.69946938293305,23.64113821212657,Medium
09-03-2024 02:25,40.85839858,-73.76226013,161,55.24580234,80.83502152144831,Green,Fog,0,0.8669044208651491,2,10,447.5948441,11.687161714758824,High
09-03-2024 02:30,40.64318788307981,-73.72392423,266,6.218015969429715,39.72476743117659,Yellow,Fog,0,0.099710691,77,12,225.73332086119416,25.556285577824767,High
09-03-2024 02:35,40.718090898826574,-73.89249649,213,78.53100519456989,34.76931027944943,Red,Fog,0,-0.674309143,8,49,452.86661299632976,18.207860733867577,High
09-03-2024 02:40,40.87710389068063,-73.94276979,84,14.412392337584654,13.077646538294406,Yellow,Fog,0,0.532292825,93,23,492.1875967692214,13.137027576446823,High
09-03-2024 02:45,40.88674006983952,-73.87249823,44,25.21076815443137,42.93616344054324,Red,Snow,0,-0.554628223,33,20,177.47267525397507,18.698888659047313,Medium
09-03-2024 02:50,40.64208479361328,-73.8096798,131,78.36539732004314,27.36254409704509,Yellow,Rain,0,-0.756272495,30,12,396.2378628385257,27.258058523790005,Medium
09-03-2024 02:55,40.748122524938566,-73.82210421,276,22.28399263923654,52.662060876473326,Yellow,Clear,0,0.2868156072771937,77,33,212.0157013103008,27.651182018005567,High
09-03-2024 03:00,40.82452076616961,-73.70153421,43,61.238036367245414,39.08748008590174,Green,Rain,0,-0.09781578,36,15,409.24434106241097,26.88975295952221,Low
09-03-2024 03:05,40.69206597,-73.76004727,279,57.18977979801303,86.73867719601994,Red,Snow,0,-0.781912246,26,41,315.51918586775207,12.998657583714785,High
09-03-2024 03:10,40.75661547471376,-73.78219555,31,60.57700056148361,74.22424065803142,Red,Snow,0,0.3775974134723845,50,30,102.3973445695323,17.12508150259268,Medium
09-03-2024 03:15,40.828314455034345,-73.88330566,20,50.602112779202805,11.062287710649787,Yellow,Snow,0,0.5735966435477879,17,5,425.0085988125833,11.70424333587375,Low
09-03-2024 03:20,40.636983313789344,-73.76644401,42,71.56165346670258,89.56088003802441,Red,Fog,0,0.5984940962999348,89,45,356.5111450550443,8.322128103356771,High
09-03-2024 03:25,40.71001503,-73.88124745,283,20.453527337373934,43.132226939354844,Yellow,Snow,0,0.9255713447889646,33,23,375.2119081708233,24.333842757986943,High
09-03-2024 03:30,40.827269518459644,-73.93068934,283,29.949396323482766,97.39102385424361,Red,Clear,1,0.7811091377377837,79,4,60.17190772708743,12.043937192596132,High
09-03-2024 03:35,40.752628122666344,-73.78780401,163,52.56849531,83.50247089375819,Green,Fog,0,0.063322866,66,42,266.4277289544905,25.473063745278715,High
09-03-2024 03:40,40.79859621680654,-73.99639776,167,76.31286410987028,45.00318559281893,Red,Snow,0,0.9057868546906978,42,28,457.66167233986073,20.887001348041245,Medium
09-03-2024 03:45,40.75707747726687,-73.96806275,14,8.440097746039708,91.84052674,Red,Rain,0,-0.569740299,25,43,118.64374683529051,18.805055606948862,High
09-03-2024 03:50,40.701450449313725,-73.96235395,110,42.24783795795535,16.588300033293706,Green,Snow,0,-0.001513854,83,36,70.53469033506605,6.975401359,Medium
09-03-2024 03:55,40.83020135743734,-73.82047724,90,34.236572205967626,37.45347069460023,Red,Snow,0,-0.524070136,99,47,180.22385214922963,9.602668365,Medium
09-03-2024 04:00,40.73899636838708,-73.97819432,229,53.09570581,33.92635322298817,Red,Fog,0,0.13291282540283422,42,24,436.1076424392515,21.54949562456003,High
09-03-2024 04:05,40.81566853630996,-73.98741031,182,77.08559277953343,57.18776550178044,Yellow,Snow,1,-0.161725817,56,29,283.56085948830344,19.99190011584334,High
09-03-2024 04:10,40.65254713493345,-73.9808546,47,51.21031234999973,15.012686272612848,Green,Fog,0,0.15143403672496847,42,23,126.1044175594921,13.589741331256198,Low
09-03-2024 04:15,40.76857524351071,-73.81492953,267,47.63132148197372,66.55008229749365,Yellow,Clear,0,-0.850906047,6,33,443.5052751429446,6.888306027131459,High
09-03-2024 04:20,40.60704276325807,-73.72179009,297,18.86731091939211,98.14676527731667,Yellow,Rain,0,0.879772573,80,18,444.3409914283131,23.31240583024147,High
09-03-2024 04:25,40.80016696048242,-73.72331829,175,19.16221668,80.03621619,Red,Snow,0,0.3932093034064881,30,34,206.1491094,15.785064330608426,High
09-03-2024 04:30,40.744098133591436,-73.76298429,262,21.502596757668716,25.42317112962737,Yellow,Rain,0,-0.225510559,51,42,103.30216614480314,6.492504291672936,High
09-03-2024 04:35,40.83783484117068,-73.8243762,26,76.79901566160719,84.50065864388174,Red,Snow,0,0.5857265467784756,19,12,62.36939774000997,11.033025922584052,High
09-03-2024 04:40,40.614657840781405,-73.90477838,57,44.25653451000783,94.27060466,Green,Snow,0,0.001516812,62,5,344.37150210871766,5.977660549779355,High
09-03-2024 04:45,40.79009898805565,-73.90242423,15,44.46032644902536,23.186795744754484,Green,Snow,0,-0.317369393,26,15,495.1998948669109,25.68522077762496,Low
09-03-2024 04:50,40.785803418582475,-73.8112162,32,40.811143262783354,40.476280946692526,Yellow,Fog,0,-0.949604151,12,39,465.53145563525754,18.436948900439127,Low
09-03-2024 04:55,40.66262161,-73.75888001,128,8.300982647074113,15.362708666991406,Red,Fog,0,0.2192224703520258,57,4,266.0545562101105,5.712087240104095,High
09-03-2024 05:00,40.62985021941814,-73.73822446,44,60.466207483802634,32.66605712722965,Yellow,Rain,1,0.26287148970746044,70,1,122.09054409153462,23.55904187079627,High
09-03-2024 05:05,40.76043723553951,-73.78248239,40,65.60958329732475,25.94749297916311,Yellow,Snow,1,-0.77548698,40,15,389.9351949,21.576415804123133,High
09-03-2024 05:10,40.75044975940925,-73.9496002,66,57.69769300711594,80.16149007,Yellow,Clear,0,-0.948959059,95,34,241.70702723329228,17.515261741660083,High
09-03-2024 05:15,40.63397925831382,-73.78178602,248,41.69666744078659,35.82149043271035,Red,Snow,1,-0.173813334,71,13,256.7842523531725,24.034333052641912,High
09-03-2024 05:20,40.87122581142177,-73.77148711,177,29.05513228071822,23.098695647005826,Red,Clear,0,0.5185058643380096,45,4,341.21314098328884,29.44248468589535,Medium
09-03-2024 05:25,40.724281775787325,-73.94717026,294,15.963575166306319,30.698450910920176,Red,Rain,0,-0.463008129,42,45,86.72228509747559,14.227497598364723,High
09-03-2024 05:30,40.66102160127811,-73.861394,162,70.17344337849181,79.66635942932432,Red,Snow,0,0.072409779,2,9,498.3237402724419,24.81152062315052,Medium
09-03-2024 05:35,40.701757272610415,-73.83312805,192,8.816672944425928,65.19091773478532,Red,Rain,0,-0.153752002,38,44,220.26234729908916,7.605731796288671,High
09-03-2024 05:40,40.88843238690368,-73.84013355,258,19.066103730644972,43.11859562935844,Green,Rain,1,0.34946060390091804,20,6,479.14039045666186,22.21301485,High
09-03-2024 05:45,40.61171550352211,-73.93508018,107,36.915450456405324,58.848780677061555,Red,Rain,1,-0.031428294,24,27,201.0192786370598,23.213760634829843,High
09-03-2024 05:50,40.69737536766567,-73.76624102,208,45.882293120494886,92.66774998028825,Yellow,Rain,0,0.7258245659595572,92,26,186.22348629640618,22.84477923752754,High
09-03-2024 05:55,40.716359511766484,-73.9730697,34,75.91511475751726,20.86085878887182,Yellow,Rain,0,-0.316627119,40,18,109.23368209669309,28.60521349121843,Low
09-03-2024 06:00,40.64718070363881,-73.83767852,52,54.248623877208786,90.18639912849758,Yellow,Fog,0,-0.27541929,56,45,458.6285554748936,13.841998663297979,High
09-03-2024 06:05,40.60787515380218,-73.95048527,23,24.254689074430228,69.15578997683865,Red,Clear,0,-0.470529912,52,5,216.2612143339658,28.049356840393738,Medium
09-03-2024 06:10,40.754188728227355,-73.98819873,168,6.793077378708563,17.009234519774544,Green,Clear,0,0.8600720742460166,92,33,224.35328235358364,19.46061007884537,High
09-03-2024 06:15,40.77548743,-73.80707615,176,31.413993498583395,25.79878545844713,Green,Clear,0,-0.746303436,52,49,77.29547509371747,20.800005476161076,Medium
09-03-2024 06:20,40.67580982051066,-73.9293529,178,26.48503287238681,42.65702071432323,Red,Rain,0,-0.535059177,54,23,174.9316962040396,13.601205904848037,Medium
09-03-2024 06:25,40.707852180265306,-73.74390521,272,18.337172140204636,24.98313301,Yellow,Clear,0,-0.012471346,55,44,470.50145343487884,23.997777381239395,High
09-03-2024 06:30,40.68997621,-73.72785069,156,23.162775944350518,62.366858083184695,Yellow,Snow,0,0.820159247,24,32,377.0243322,26.51268766,Medium
09-03-2024 06:35,40.73532113611635,-73.7775188,190,51.508263312871435,97.89775480852789,Yellow,Clear,0,-0.345827869,35,12,370.96926060953444,28.572285076884135,High
09-03-2024 06:40,40.74469653930478,-73.743891,268,29.28916178580222,85.96748927475679,Green,Fog,0,0.6337150508472584,63,21,253.92021318142346,12.397514715964757,High
09-03-2024 06:45,40.718674739768296,-73.71041499,95,15.74634438035558,65.81983985735906,Red,Fog,0,0.1489518607316016,4,35,394.7695951263241,7.567988863013937,High
09-03-2024 06:50,40.89527839670869,-73.77029265,247,6.209027986923755,15.851373926640722,Red,Clear,0,0.8542001206201624,72,15,244.79703640788543,27.667865795379054,High
09-03-2024 06:55,40.69748357526685,-73.89210122,282,68.49715075414363,19.696672020344273,Red,Fog,0,-0.086782187,22,48,181.32811671720324,9.978544334,High
09-03-2024 07:00,40.70914855731491,-73.70952178,32,38.952593315028565,21.932012153900178,Red,Fog,0,0.9748837153799135,83,4,248.71298245672193,21.208908514970005,Medium
09-03-2024 07:05,40.64622824035028,-73.87360447,163,15.730034971101016,90.17699115207125,Green,Clear,0,0.6859466214035541,24,23,397.5201756319718,7.785983956968277,High
09-03-2024 07:10,40.70285172,-73.81177,247,56.490078452503205,83.42647251046148,Yellow,Rain,0,-0.940315711,81,13,436.8179208403355,25.543462725718413,High
09-03-2024 07:15,40.74906570791195,-73.92778561,100,48.714725342917035,75.56176933900858,Red,Clear,0,0.24315589767960422,44,39,87.41876926250377,7.125304149,Medium
09-03-2024 07:20,40.84869057736573,-73.9775247,145,34.61564873691063,47.77746185036705,Red,Fog,0,-0.802383943,70,46,302.68180237026013,24.37660679257415,Medium
09-03-2024 07:25,40.72202902371173,-73.84854581,167,65.07581243725546,93.16189137840134,Green,Rain,0,0.9451225917468911,66,31,384.3502766180108,13.182630364933974,High
09-03-2024 07:30,40.62458431008263,-73.89190997,45,31.995261717288557,28.761048291522616,Green,Fog,0,0.6463085512762874,40,33,59.13567747036575,19.294664264594076,Medium
09-03-2024 07:35,40.789001373232296,-73.87299851,165,43.40724733,76.71389097453078,Red,Snow,0,-0.182933302,96,19,214.95159545566307,18.757626514527693,Medium
09-03-2024 07:40,40.895147251215555,-73.96874721,63,53.15557164814095,47.78506238171629,Red,Rain,0,0.8777815954930528,93,29,253.7471210870298,14.28481207755761,Low
09-03-2024 07:45,40.64752069046079,-73.85095073,22,39.70816240991007,81.91353145027392,Yellow,Clear,0,0.087428094,85,38,68.31774875110906,12.672971830527946,High
09-03-2024 07:50,40.76886668,-73.99741199,258,45.79207691662902,51.602459598394695,Red,Rain,1,-0.993988337,26,40,458.76386292693087,10.132406878515376,High
09-03-2024 07:55,40.60169768694791,-73.82697893,92,65.93427049,60.18059657901727,Yellow,Snow,0,0.734692865,61,6,414.3388337,10.021025737725726,Medium
09-03-2024 08:00,40.617510050377604,-73.90005866,47,52.55479264663738,10.233780499979645,Yellow,Snow,0,0.2894278965459025,78,36,168.30878177527364,21.40597467317947,Low
09-03-2024 08:05,40.806176554442104,-73.81546984,299,75.72343315089117,31.17554086766266,Green,Clear,0,0.9864450856668883,90,39,126.36551672660553,6.731855041391331,High
09-03-2024 08:10,40.85451000502054,-73.90526399,98,66.31104198933323,90.66107107454516,Green,Snow,0,-0.958851127,29,25,286.86147875207087,23.40543497143514,High
09-03-2024 08:15,40.84654586709533,-73.75924953,224,38.979459262837935,10.596325669363015,Green,Snow,0,0.5811294064816386,14,39,446.14454753109584,14.777015949615869,High
09-03-2024 08:20,40.806072464615134,-73.77440186,39,13.699055361144111,18.866236390126573,Green,Clear,0,0.8779985413641496,66,24,337.47005753501793,8.602008055037778,High
09-03-2024 08:25,40.85506441468794,-73.91656485,65,25.075531042890766,27.90094993332519,Green,Rain,0,-0.60511905,62,0,486.00485227643463,13.553392291960332,Medium
09-03-2024 08:30,40.69762689550131,-73.77324762,147,42.04306168682275,55.23472426633977,Yellow,Fog,0,0.14754210764688636,67,31,405.1165693262142,21.048616117273703,Medium
09-03-2024 08:35,40.74702735941853,-73.9665469,203,57.77014728033735,91.52427877434118,Red,Fog,1,0.2818139733129428,53,1,277.14528073216934,24.153471980859806,High
09-03-2024 08:40,40.88032652363084,-73.89108839,194,12.884634359577841,53.954546915643014,Red,Fog,0,-0.865801536,94,3,471.8096619359714,12.162790189749643,High
09-03-2024 08:45,40.61522424,-73.7065109,69,19.785778367490842,10.575721710804538,Yellow,Fog,0,-0.86064408,9,8,237.31845496336828,16.674218171645705,High
09-03-2024 08:50,40.79209967,-73.84885579,231,66.50364335734295,19.18705097457981,Yellow,Snow,0,-0.047260371,37,33,248.8410197133417,10.834509352204154,High
09-03-2024 08:55,40.82476839,-73.88046966,138,76.61566965543217,50.9501639,Green,Clear,1,-0.485783242,38,27,171.0191557882435,24.01230516641515,High
09-03-2024 09:00,40.851524712048025,-73.77643051,15,45.57830132082615,21.598690603942174,Green,Clear,0,-0.280201079,14,49,75.28466213448512,7.052801291713003,Low
09-03-2024 09:05,40.87899051830575,-73.98849736,258,45.72227492934464,67.24918183,Green,Clear,0,0.7420242891204891,46,5,427.65435445342206,10.855928591380133,High
09-03-2024 09:10,40.88791894933831,-73.96354233,89,31.570630862695296,28.34632858550329,Red,Fog,0,-0.222454201,49,49,178.46343717435877,5.538902924421924,Medium
09-03-2024 09:15,40.86092535376793,-73.8349232,91,58.62798870700147,32.281537360699716,Red,Snow,0,0.41802528352991297,26,21,77.35517677,19.088178715150413,Low
09-03-2024 09:20,40.88801496830438,-73.79163061,268,34.86837761722606,64.73788993150612,Green,Snow,1,-0.542088006,25,49,188.8007335283473,16.73796829900857,High
09-03-2024 09:25,40.66858706,-73.84972926,73,78.67429115643898,72.44832339366536,Red,Clear,0,0.5358788423845795,18,27,388.14912279242714,10.748978810182773,Medium
09-03-2024 09:30,40.82649124080641,-73.78789666,22,45.29336663444419,16.680546405568087,Red,Snow,0,0.04957221,2,14,327.7614832978192,27.08896841253979,Low
09-03-2024 09:35,40.838271950792254,-73.96862098,274,16.895423943143246,45.38533521697623,Green,Fog,0,-0.613507742,73,38,464.71848686749536,8.508548794399871,High
09-03-2024 09:40,40.84460447089897,-73.78339037,35,60.10329042735608,37.33214934610625,Yellow,Rain,0,0.2048898073183032,22,20,189.12824424629932,5.966570776157264,Low
09-03-2024 09:45,40.720718085476385,-73.9085643,276,46.245834585616414,44.935164815776524,Yellow,Clear,0,0.982168718,18,45,220.3361275,6.423799667298084,High
09-03-2024 09:50,40.830471332443615,-73.75946338,205,61.77281684594176,62.19891585,Yellow,Rain,0,-0.222980315,62,27,90.06956677896693,15.412861913614183,High
09-03-2024 09:55,40.873058453960596,-73.9720106,28,73.61893141336913,11.218986580679628,Yellow,Fog,0,0.8421574387137303,5,27,298.76327264026855,16.71125179669182,Low
09-03-2024 10:00,40.62464217457599,-73.83658335,199,27.698011731626323,59.537328585098294,Red,Rain,0,-0.524602019,20,47,324.4747211371456,21.982036664979073,Medium
09-03-2024 10:05,40.62883452023918,-73.85134657,34,62.255630716537546,20.187560598255008,Red,Fog,1,-0.590535412,19,40,86.23061288756725,8.980516424,High
09-03-2024 10:10,40.694206706728004,-73.96566128,103,49.28021131122145,70.85257697183083,Green,Snow,0,-0.734445017,5,9,207.4707278242682,12.57730741869273,Medium
09-03-2024 10:15,40.81342350796267,-73.90052096,231,45.35877886888182,25.245478450335014,Yellow,Clear,0,0.3453856250353551,88,47,146.80634226826174,10.072177241388836,High
09-03-2024 10:20,40.68477878,-73.95655302,197,7.099732723,63.364076785951774,Red,Clear,0,0.17763272591572665,30,3,395.93289314330156,23.177504485342254,High
09-03-2024 10:25,40.76890535770907,-73.91606025,138,27.96939176897205,60.83786263799981,Green,Snow,0,-0.439187454,65,12,150.45499650864457,6.494425330320567,Medium
09-03-2024 10:30,40.796188329990905,-73.94824505,261,34.694273254948655,11.550597620295363,Yellow,Fog,0,0.74633806,69,49,215.93304094476505,13.270864925754726,High
09-03-2024 10:35,40.695614437777635,-73.86694542,58,31.994947720229344,21.76387694762859,Yellow,Fog,0,0.18754701263281648,94,31,377.4430032373805,23.392780770917806,Medium
09-03-2024 10:40,40.66699118937098,-73.87472848,283,41.87206294666528,53.23368532744577,Green,Fog,0,-0.015270516,28,38,492.5561714435029,12.697100407255839,High
09-03-2024 10:45,40.75753900071726,-73.94302084,129,51.300547097677544,26.959435307259678,Green,Clear,0,0.23049182692177617,65,35,424.54066989901656,11.550831626144554,Medium
09-03-2024 10:50,40.77916974253912,-73.89110398,84,74.79128917494236,32.87412004,Yellow,Rain,0,-0.188018661,44,36,347.42606752096395,17.412607978177032,Low
09-03-2024 10:55,40.866020536161734,-73.87407081,141,78.45788407223311,82.97053211079744,Red,Clear,0,-0.801610842,33,33,434.1308667229899,8.073502130239447,High
09-03-2024 11:00,40.76022997757646,-73.95521014,255,58.08007809120285,10.015188132357352,Green,Snow,0,-0.468421752,76,7,497.89198988938307,14.216994610125345,High
09-03-2024 11:05,40.68075695,-73.95349099,44,36.33092979474311,61.804392403057115,Green,Snow,0,-0.703922959,73,30,68.47650364217111,6.97707264,Medium
09-03-2024 11:10,40.719153341815534,-73.79463484,294,45.635895064698786,45.86624054,Green,Clear,0,0.6655781007446886,30,34,424.40807180971854,16.23583654996226,High
09-03-2024 11:15,40.89395815881412,-73.73447504,283,49.34399779790437,61.55152129940431,Red,Fog,0,0.9882465245368635,67,7,480.0159989624216,11.030964578314997,High
09-03-2024 11:20,40.622753552348115,-73.94458041,155,16.145830840922308,19.189706554249547,Red,Rain,0,0.4516872306080897,88,38,360.2644150304711,24.817741273292395,High
09-03-2024 11:25,40.76623677209497,-73.99090013,28,68.26601989,43.312799614871025,Yellow,Fog,1,0.8204904976543848,48,2,305.5988962146565,9.199056009494878,High
09-03-2024 11:30,40.68630215138563,-73.73637135,67,19.44893011061224,10.32098206448757,Yellow,Fog,0,-0.67398538,86,7,355.3926209258498,5.331095150253774,High
09-03-2024 11:35,40.80168387828477,-73.92887087,17,65.56312531421781,78.57629153,Yellow,Rain,0,-0.044345719,33,42,264.8868382626016,17.643303407761493,Medium
09-03-2024 11:40,40.60729196356125,-73.96650069,161,52.218307116674154,37.47118305114449,Red,Rain,0,0.538721705,58,3,234.02525967800838,7.284664182,Medium
09-03-2024 11:45,40.88373488145996,-73.73986389,254,66.76074516313263,20.038204047340088,Red,Fog,0,-0.41783921,32,25,316.17491581565383,21.16470853756075,High
09-03-2024 11:50,40.896165121043396,-73.85309938,120,53.30414461884761,52.62329775789288,Green,Snow,0,0.49571870146944086,31,11,121.95642837716962,14.867116211568632,Medium
09-03-2024 11:55,40.839876947291096,-73.94100568,258,10.336530313049785,67.78028056651368,Green,Clear,0,-0.169072979,51,1,115.00530663919349,27.71496438894311,High
09-03-2024 12:00,40.675130441324725,-73.7214651,146,70.50964877,59.10740505705294,Yellow,Snow,0,-0.002686857,64,44,378.2191618853328,12.617696360318096,Medium
09-03-2024 12:05,40.73707637307749,-73.96831691,224,22.213064559801385,69.23647122372515,Red,Fog,1,0.063823184,45,19,490.3964038946718,20.517940350651592,High
09-03-2024 12:10,40.82951907796673,-73.74807916,25,32.86941915056407,51.31616496304721,Red,Fog,0,0.664512778,87,48,364.92368283768735,26.300993823015805,Medium
09-03-2024 12:15,40.796968923008194,-73.74687294,233,45.020327051073835,44.35126222295175,Yellow,Fog,0,0.4766163977439579,93,36,131.28324745002325,15.55052796859476,High
09-03-2024 12:20,40.626203026519136,-73.8307231,63,69.89059662,72.32913918552684,Green,Clear,0,0.24274408500339106,59,43,314.2115751483163,18.08958055516593,Medium
09-03-2024 12:25,40.71937868923207,-73.71081711,60,29.373826065645527,88.10957298,Green,Snow,0,-0.958904667,84,27,169.62818098647858,21.619405230078947,High
09-03-2024 12:30,40.858180971163115,-73.95584401,102,36.212475984708234,43.18862218436264,Red,Clear,0,-0.740670217,81,19,172.65415842017046,21.525201376263702,Medium
09-03-2024 12:35,40.76789013333426,-73.8267298,62,54.55254294323426,20.49274537706651,Green,Fog,0,-0.118557905,82,32,218.80836585592962,27.97695462257475,Low
09-03-2024 12:40,40.66014344899884,-73.91442435,96,53.21618298003709,94.69840833,Red,Rain,0,0.7375367586737414,28,27,416.3132833855453,12.802477426832388,High
09-03-2024 12:45,40.68308963395727,-73.76847339,19,32.51805308664058,80.23467420373886,Green,Rain,0,0.9753519334548968,55,36,437.42122649570916,21.424089438314645,High
09-03-2024 12:50,40.85393220383595,-73.85965396,43,47.30185299442883,46.24410535672787,Red,Clear,1,0.830784193,93,5,96.03351247490338,29.230739756721302,High
09-03-2024 12:55,40.61059218329671,-73.89000933,76,31.68595376600529,96.72509853822248,Yellow,Snow,0,0.10044309829851583,82,17,278.8124195723253,23.501633732946285,High
09-03-2024 13:00,40.82534964336688,-73.98557088,244,17.008840490116825,30.29582293000964,Yellow,Fog,0,-0.994623107,13,41,366.5111883422608,21.807154388770574,High
09-03-2024 13:05,40.68479071755058,-73.72992005,79,28.123734789789836,34.55934060258548,Green,Rain,0,-0.819332709,18,49,269.7646241574188,10.76254196882523,Medium
09-03-2024 13:10,40.696180889230675,-73.72559036,221,77.61333368213894,84.16513133526612,Yellow,Fog,0,-0.588175505,87,37,439.7588797139101,23.381742453059513,High
09-03-2024 13:15,40.677461215800214,-73.82326019,272,46.19740150279705,65.99414908714121,Red,Rain,0,0.17306801703311336,50,8,499.5770932684991,22.83508641862416,High
09-03-2024 13:20,40.87725372282016,-73.76448479,262,77.98377788651544,14.717778913841732,Green,Snow,0,0.5622350289971083,89,19,124.50850428981687,23.535980357800327,High
09-03-2024 13:25,40.77876743,-73.70745944,143,73.19738561993816,57.79363394705384,Green,Fog,0,-0.424284684,24,11,489.65898520966937,10.245249847663144,Medium
09-03-2024 13:30,40.695261185705704,-73.78904482,75,23.280604026820672,60.04843099,Red,Snow,0,0.39716134433227523,85,42,487.09677055755594,12.964905216192294,Medium
09-03-2024 13:35,40.70345284545087,-73.99539798,290,51.30049461162883,48.64057284429173,Green,Snow,0,-0.615716953,24,14,269.9218520934071,13.380970321828915,High
09-03-2024 13:40,40.65748779465699,-73.78663448,113,17.956040118173547,79.37402323369136,Yellow,Snow,0,0.8778850205486874,24,36,311.47259399306074,12.327929797867057,High
09-03-2024 13:45,40.61097426870217,-73.8301878,25,55.333468972103404,72.61706848700078,Yellow,Rain,1,-0.382869537,94,44,66.80842092055866,16.414347886255293,High
09-03-2024 13:50,40.867634929111965,-73.88100672,166,26.13427902580122,68.44891398137588,Yellow,Rain,0,-0.927021586,33,14,224.85182655224455,27.20185650444676,Medium
09-03-2024 13:55,40.89078356994413,-73.85974409,282,74.33195760226926,51.39756311646175,Yellow,Rain,0,0.14501439742190625,18,5,151.28368393420388,27.58913370607727,High
09-03-2024 14:00,40.77211761933543,-73.82261865,228,65.19701791436395,84.87572109194109,Red,Fog,0,-0.199875796,51,13,202.26264126619975,12.038746383171121,High
09-03-2024 14:05,40.75821933214028,-73.80508727,25,9.034363995782506,33.75327737382425,Yellow,Clear,0,-0.443839896,85,34,150.73545431730494,26.277316660402324,High
09-03-2024 14:10,40.73846701534421,-73.73659078,166,66.74179136388354,76.09414523,Yellow,Snow,0,0.008597919,17,30,141.60704436119494,28.113228266734456,Medium
09-03-2024 14:15,40.61117589112649,-73.81721104,53,15.849191938766845,63.75971053736915,Green,Clear,0,-0.566076622,15,48,388.67422462566867,7.602252673802413,High
09-03-2024 14:20,40.60406593288762,-73.75565745,111,37.78452059873946,58.48641157,Green,Snow,0,0.083086225,56,30,209.59701833750285,6.258001721733826,Medium
09-03-2024 14:25,40.83660088497635,-73.87741103,62,12.361558243527682,23.592759877456565,Yellow,Rain,0,-0.886129779,48,45,311.72866570133334,15.45868952291746,High
09-03-2024 14:30,40.84001008317436,-73.83988626,237,60.782414350011344,62.37930022491257,Yellow,Clear,0,-0.99910564,60,1,285.0983787820146,8.429446852995579,High
09-03-2024 14:35,40.694278807058375,-73.8873075,240,58.686039812268604,13.673992252174706,Red,Fog,0,-0.383721643,99,15,438.8854654,24.880635525959242,High
09-03-2024 14:40,40.827018358851554,-73.91892697,38,55.471898081218725,17.670714752158997,Yellow,Snow,0,-0.119448974,64,26,63.47038225885383,28.28629367973684,Low
09-03-2024 14:45,40.808058751329824,-73.88852696,30,75.25120606208469,93.16759264082731,Yellow,Clear,0,-0.361397292,39,18,81.69661022657698,17.167785519315395,High
09-03-2024 14:50,40.73601177,-73.92185846,192,64.42143822038447,88.75346099189464,Yellow,Fog,0,0.9254885822077881,95,30,88.07665233820339,28.759991311203425,High
09-03-2024 14:55,40.68565161767812,-73.74740162,117,17.641635079251074,94.43086908993534,Green,Snow,0,-0.580684948,9,19,170.83812862271415,20.406760265503166,High
09-03-2024 15:00,40.64119034843897,-73.91176291,132,42.73712631711886,42.80326264,Green,Clear,1,-0.46029976,68,13,306.7964123772478,19.209413157975955,High
09-03-2024 15:05,40.826518191067684,-73.70858641,54,39.207466718322216,18.326345679680898,Yellow,Rain,0,-0.28598882,88,8,259.59579241656877,26.38999428409963,Medium
09-03-2024 15:10,40.73237817,-73.74572823,186,21.454499318352095,71.94166489352443,Red,Clear,0,-0.874162911,91,33,57.80518224772948,18.73033503734348,Medium
09-03-2024 15:15,40.854333628264634,-73.71271228,60,66.39180295829019,16.726209108800294,Yellow,Clear,0,-0.491815207,25,11,199.12890818360856,5.128385664153285,Low
09-03-2024 15:20,40.60381943192277,-73.95234247,180,62.05199284,41.14566678837248,Green,Rain,0,-0.622396682,14,14,248.09630873120307,11.125845304353708,Medium
09-03-2024 15:25,40.74638966050939,-73.77637568,293,55.51271029553467,22.533044690323024,Green,Rain,0,-0.300763856,94,43,354.8487910050329,15.337686887062207,High
09-03-2024 15:30,40.89258609,-73.78879313,115,50.28168391974272,27.96589238012588,Red,Rain,0,0.9061774628662327,98,6,136.560714,14.315756052634516,Medium
09-03-2024 15:35,40.79289835674261,-73.94094711,123,44.30518406399335,27.901482990633834,Red,Fog,0,0.253656915,39,21,59.50133550915905,20.858261187913033,Medium
09-03-2024 15:40,40.76152594058689,-73.93431744,45,25.03128077078046,30.531886100857868,Red,Rain,0,0.25425913483593776,68,36,307.16215051200527,17.725564287503246,Medium
09-03-2024 15:45,40.83495645456548,-73.8308922,247,5.458561117558304,85.72887356,Green,Fog,0,-0.707676547,45,35,271.7713979155109,26.250807855725913,High
09-03-2024 15:50,40.67728619616517,-73.9643839,68,38.73367295,14.4128064,Red,Rain,1,-0.185824868,72,26,382.28830476262607,21.15273572725599,High
09-03-2024 15:55,40.62374343122115,-73.71730913,189,36.768704396342685,83.67174249640965,Yellow,Rain,0,0.10960388943991717,9,12,68.16652628350398,27.13529279191494,High
09-03-2024 16:00,40.62354832179379,-73.99456678,242,32.49897382,67.65737415,Red,Snow,1,-0.363229968,58,49,423.31164421425893,27.554888099912525,High
09-03-2024 16:05,40.863872083747445,-73.90805977,227,45.940930273849894,83.70814793010035,Red,Clear,1,-0.676940163,54,15,339.4198516213026,9.742568286,High
09-03-2024 16:10,40.62663011817051,-73.93522382,205,77.45806882935291,37.690455266653736,Green,Rain,0,0.5105494492646858,37,5,137.5690414193279,15.269415053323753,High
09-03-2024 16:15,40.82048990829435,-73.92279745,297,77.36085494637172,87.67253914062954,Yellow,Clear,0,-0.714068028,62,14,194.60653898582777,8.187364659,High
09-03-2024 16:20,40.72046662771274,-73.81954831,136,16.937952750944895,28.43996033673151,Yellow,Fog,0,0.9309103151956655,38,38,227.80686649514956,11.635569274181343,High
09-03-2024 16:25,40.693410807869846,-73.78692619,206,17.670807290214523,24.375634047217076,Yellow,Rain,0,0.18615356229030566,59,11,169.55378635715522,5.935903766948007,High
09-03-2024 16:30,40.74473768843456,-73.80423029,177,55.26632991399911,16.867146919556085,Green,Snow,0,0.3393129663540073,3,39,283.04625387476597,8.452384709055142,Medium
09-03-2024 16:35,40.88955129,-73.78354419,174,28.543212472791236,55.88553156080061,Red,Rain,0,0.5532556813650888,53,48,216.87392594699023,23.625882948267627,Medium
09-03-2024 16:40,40.865325272295394,-73.76726706,166,40.46140782079722,76.53630867157973,Green,Snow,0,0.9888931457205516,62,43,194.48684801237448,25.989709509837198,Medium
09-03-2024 16:45,40.80440537024815,-73.90827382,83,9.495312566574395,98.82706292543998,Red,Rain,0,0.020662301,82,17,294.69814171674545,10.603302321298786,High
09-03-2024 16:50,40.63645258538029,-73.92393664,296,30.172803798606072,56.05891202575762,Green,Fog,1,0.2507791853864967,53,47,105.02542750297319,26.244553624477714,High
09-03-2024 16:55,40.784430837456675,-73.71122346,255,71.77824851110832,55.10859265898569,Green,Rain,0,0.8870238965195121,10,25,384.4411898169324,7.953294676,High
09-03-2024 17:00,40.81717207819173,-73.71787613,161,12.410160404010007,28.18360728,Green,Snow,0,-0.056075142,29,21,338.2205531372406,14.715190284758918,High
09-03-2024 17:05,40.72271827309856,-73.89152917,162,30.66578508094461,79.38247562553259,Red,Fog,0,0.8270586997711309,46,10,388.3349948182388,10.740732100719168,Medium
09-03-2024 17:10,40.754954836063035,-73.72770114,67,38.437274406103285,74.96219593419444,Yellow,Snow,1,-0.052066965,34,44,302.9545349691823,12.924200137448379,High
09-03-2024 17:15,40.79850410384516,-73.97852656,162,16.31891646533536,84.81470085989083,Red,Rain,0,-0.890090639,6,44,369.8767673787979,29.773295074255273,High
09-03-2024 17:20,40.66225602360065,-73.94281838,30,26.508435711850765,98.57875250041954,Green,Snow,0,-0.044578775,95,45,130.99724290872808,14.555311716559922,High
09-03-2024 17:25,40.82927127623076,-73.79551962,256,66.26523473273627,46.56249163006119,Yellow,Snow,0,-0.544666603,61,14,209.01040683363473,20.664246774485132,High
09-03-2024 17:30,40.67261721391925,-73.9193916,111,69.14227087835411,65.53074155260657,Green,Clear,0,0.6708123299931781,69,37,352.06261865619115,22.310361058055815,Medium
09-03-2024 17:35,40.690791279279026,-73.75296983,153,24.73314248386286,27.184584681402818,Red,Clear,1,0.35025380426892627,82,16,358.4815005852782,11.519655387005766,High
09-03-2024 17:40,40.87900937022431,-73.70288202,225,11.177236232104411,68.10558114106664,Green,Fog,0,0.640589924,73,10,335.3197990423382,8.424558534869561,High
09-03-2024 17:45,40.75098659088734,-73.94026733,57,36.158007636386046,33.31257404,Green,Clear,0,-0.348482897,26,31,97.00782694026307,9.361126065,Medium
09-03-2024 17:50,40.83647088677014,-73.99867224,244,37.135317602400676,37.573536223731736,Yellow,Fog,0,0.30218589634792004,25,26,335.92047170330864,29.22754238601989,High
09-03-2024 17:55,40.61133590912179,-73.90135757,197,73.76917795989823,85.24827643656272,Red,Fog,0,-0.890237519,44,44,290.2852629,6.498664944093603,High
09-03-2024 18:00,40.72343492633009,-73.75628544,205,34.16046141294319,18.875721979409533,Yellow,Clear,0,0.5695372063584208,89,12,352.48535171148274,25.454171171510716,High
09-03-2024 18:05,40.62457128131902,-73.82717779,124,71.00234987276828,84.21795141,Yellow,Snow,0,-0.198196105,42,41,475.7123784,13.528049886973552,High
09-03-2024 18:10,40.71817708,-73.7415225,201,16.13572154459817,65.15125126,Red,Snow,0,0.24449551787617252,77,27,273.12934423864385,22.432402143589538,High
09-03-2024 18:15,40.75785407106726,-73.81269904,85,51.039783495599416,82.62624291064127,Red,Fog,0,0.48102714447695205,29,7,330.8930145814635,5.646782192,High
09-03-2024 18:20,40.80415157194479,-73.91901687,31,14.547076464418508,27.035151097599073,Red,Clear,0,-0.307823944,29,14,254.6072471735076,12.69035418919016,High
09-03-2024 18:25,40.71030969001196,-73.89244324,112,41.86785406669928,57.00620121213053,Green,Fog,0,-0.070862437,29,17,259.51690689984696,17.82268654276797,Medium
09-03-2024 18:30,40.645994410023135,-73.70124942,179,26.09417350132436,24.119023074011423,Yellow,Snow,0,0.3975772763924903,62,28,174.87751981677928,16.21065503127972,Medium
09-03-2024 18:35,40.653163132413745,-73.85937217,128,61.18500767939402,47.257526610896434,Green,Clear,0,-0.092428574,62,29,428.6028594853879,14.096042812318519,Medium
09-03-2024 18:40,40.681792740230556,-73.73028133,153,77.85608394959395,99.27549536063269,Yellow,Clear,0,0.25425841438349295,74,47,54.13947354396288,29.191820960662895,High
09-03-2024 18:45,40.80300214998871,-73.88039248,230,28.78806427009577,46.160809355708345,Yellow,Snow,0,-0.182591054,91,9,408.0455030678157,19.59393899504903,High
09-03-2024 18:50,40.60584399,-73.73478218,66,12.114245962905144,94.60412598712588,Red,Fog,0,0.2253645256964203,50,15,214.36697225573403,7.5653310524852255,High
09-03-2024 18:55,40.84473565754088,-73.81555686,269,42.416967485671215,40.53424649,Green,Rain,0,0.2242374196391601,72,24,296.4705044703891,15.288603562930753,High
09-03-2024 19:00,40.740177668140795,-73.72629894,58,31.35781769047691,91.78817474502387,Green,Snow,0,0.14804877637313707,91,35,332.0048935841836,24.94518700706656,High
09-03-2024 19:05,40.865517930538594,-73.74940362,222,15.744174614733057,25.2787213,Yellow,Rain,0,0.40458669163270966,65,8,423.4320890625415,24.99572780701033,High
09-03-2024 19:10,40.79369827362522,-73.87008085,182,72.84876738604841,98.30859948785408,Green,Rain,0,-0.065331321,47,1,130.67897609637726,15.537710360723645,High
09-03-2024 19:15,40.74531932822817,-73.86463131,234,5.3067999527073315,57.86290645233738,Red,Rain,0,0.6406888014115866,69,3,407.7409107879465,25.534472598001134,High
09-03-2024 19:20,40.60616418,-73.7947984,292,33.44891145410999,47.05054851251958,Yellow,Fog,0,-0.038468802,78,16,275.9389225405595,18.145572603808517,High
09-03-2024 19:25,40.648265917125606,-73.87369539,202,28.57407382842506,67.15540083897025,Yellow,Clear,1,-0.30259924,82,24,286.7189593,26.69685895085752,High
09-03-2024 19:30,40.71019169412003,-73.70374578,287,49.92136647550726,39.03557021370121,Yellow,Clear,0,0.6890843915402207,56,31,52.17195581144553,15.676182939854261,High
09-03-2024 19:35,40.867371363088395,-73.8797118,146,73.90479684626884,64.63365651880974,Red,Fog,0,0.1930494767936759,26,27,308.9833149872209,14.333567009490112,Medium
09-03-2024 19:40,40.64115632606245,-73.75476505,289,17.865854141315058,89.26107966550178,Green,Fog,0,0.19164797898053454,75,20,294.5522012386643,10.78429579174253,High
09-03-2024 19:45,40.673160933788516,-73.8609019,49,54.23996335276391,36.429747013682324,Green,Clear,0,0.2677578223607753,98,41,138.405213,10.970951973403139,Low
09-03-2024 19:50,40.60761275061555,-73.73963773,148,36.549977439989355,82.77124657134387,Yellow,Snow,0,-0.13937562,3,40,238.73624741148268,26.376079503924554,High
09-03-2024 19:55,40.714754395549356,-73.76489885,91,5.191642134476211,80.56180674252232,Yellow,Rain,0,-0.919288006,42,23,396.98635261612645,7.298957057358322,High
09-03-2024 20:00,40.65441867237902,-73.80150851,86,62.404692222956086,19.72326986719387,Red,Clear,0,0.7316128174018706,25,46,236.4923690103035,12.85371392491164,Low
09-03-2024 20:05,40.71410167428527,-73.9512207,272,66.51157516,28.28062433,Green,Fog,0,-0.998369863,83,29,171.60522783739424,5.636073613,High
09-03-2024 20:10,40.82068645739301,-73.86023404,252,25.017682661467294,39.310156032624775,Red,Snow,0,0.7830658597267062,45,16,476.366008,12.615640096472648,High
09-03-2024 20:15,40.785530176279394,-73.90169815,92,61.04859586929903,95.89891762,Green,Fog,0,0.11686667236772474,69,5,475.2695134186345,7.41481862,High
09-03-2024 20:20,40.638577596654336,-73.78565545,207,36.909283785465746,79.52782767778118,Green,Clear,0,-0.914611743,61,46,54.242613097455866,11.863922170945617,High
09-03-2024 20:25,40.69903388900463,-73.86767756,104,69.39158540471477,37.15764080889745,Yellow,Fog,0,0.9595737373518509,81,42,397.5122605,26.195357080885415,Medium
09-03-2024 20:30,40.618248437433955,-73.8440951,282,77.20938232872645,50.482545865905415,Red,Snow,0,-0.070974824,20,10,352.0463326351282,21.571253009748414,High
09-03-2024 20:35,40.62135813633733,-73.92521897,28,19.745815020184484,73.00135435614284,Red,Clear,0,-0.278586686,94,5,133.1879576453926,5.996388920138758,High
09-03-2024 20:40,40.61054583,-73.71805691,231,70.22083530461333,76.65454627622822,Green,Rain,0,-0.876688838,18,29,469.64700774581047,12.605609919445802,High
09-03-2024 20:45,40.632891057340885,-73.87987935,22,44.80294214266931,12.850478747470753,Green,Rain,0,0.28077244046923466,22,23,478.50710319317005,5.754762396,Low
09-03-2024 20:50,40.629282795249786,-73.81374503,48,72.41268040036707,13.57630457450971,Yellow,Fog,0,0.5219127070984455,30,0,253.7556216033159,15.621499789703167,Low
09-03-2024 20:55,40.855120194243405,-73.71474746,201,24.71746117563044,74.00220820207707,Yellow,Snow,0,-0.978979779,52,6,357.77731516313327,6.083459165,High
09-03-2024 21:00,40.74801916720122,-73.90872718,181,10.385683650318587,67.92384838609712,Green,Snow,0,0.39748148506225656,33,39,117.67617071862315,28.161327967079817,High
09-03-2024 21:05,40.77249594563952,-73.76747174,152,60.86518754,42.825454766069754,Yellow,Fog,0,0.7347485791436152,92,43,226.89278455973377,7.1009835786478135,Medium
09-03-2024 21:10,40.67723525311212,-73.90338725,128,34.41234045,94.40806403044446,Green,Rain,1,-0.373907991,51,45,219.37616169902373,9.877785783232971,High
09-03-2024 21:15,40.81810211552118,-73.77728693,120,35.644426620045095,90.59616261551032,Green,Snow,0,-0.976719041,4,36,218.89973240574483,20.69191152104853,High
09-03-2024 21:20,40.80735806942852,-73.70920194,121,56.14005041361657,67.13911735,Yellow,Clear,0,-0.295289135,17,1,236.74050621917658,10.51907913311122,Medium
09-03-2024 21:25,40.67726592124781,-73.8049347,173,64.98751690975664,69.50650236308888,Yellow,Snow,0,-0.086354864,74,49,463.7872295963959,5.960619420069928,Medium
09-03-2024 21:30,40.63363618094364,-73.80230612,18,70.21469776097572,25.826085103827626,Green,Clear,0,0.433965266,99,11,76.05848717197995,22.915574401118057,Low
09-03-2024 21:35,40.800087494519836,-73.86882708,198,51.17219584662898,10.860568939044056,Green,Rain,0,-0.300782048,82,13,261.95945975281586,19.95736124306712,Medium
09-03-2024 21:40,40.76065826961124,-73.83375524,20,44.129911167440696,43.194465963308055,Yellow,Clear,0,0.2817024960125969,5,45,311.8174472854702,10.399128179283643,Low
09-03-2024 21:45,40.68988259970486,-73.9300877,117,32.083950282752184,42.01268224317519,Yellow,Fog,0,0.5194477299100251,22,29,172.89180853183774,13.432415028645876,Medium
09-03-2024 21:50,40.84166607,-73.77010601,13,49.550606903841775,62.34047759407998,Red,Fog,0,-0.709850576,68,49,207.42024795848775,21.229099665648704,Medium
09-03-2024 21:55,40.72260723559711,-73.83286711,13,43.20135729,45.73871248754504,Green,Fog,0,-0.605425708,34,23,337.47121137324797,22.409156935832502,Low
09-03-2024 22:00,40.727232097575076,-73.77160726,171,38.205935677476184,20.470909400302848,Green,Rain,0,0.041543381474562935,9,33,338.65873219915244,7.830649008081204,Medium
09-03-2024 22:05,40.69813620291087,-73.76656125,25,64.25955879427431,56.316579609760346,Green,Rain,1,-0.439364442,30,34,390.76534039841147,24.67941419222935,High
09-03-2024 22:10,40.843488440819264,-73.87674667,217,78.69048754445062,58.460663332325986,Red,Snow,0,0.6917998234897187,8,16,96.67082855698297,27.80747638371404,High
09-03-2024 22:15,40.781658888792506,-73.80504296,124,28.869330851328414,89.66241764065171,Red,Fog,0,-0.317002628,2,6,262.4307724659096,9.908037593125222,High
09-03-2024 22:20,40.84239595444723,-73.85380536,285,61.250468033835816,14.146051060832205,Red,Fog,0,-0.446174105,65,7,332.7907186298045,13.28952566669785,High
09-03-2024 22:25,40.83704447837619,-73.78687706,115,71.51010792287387,53.989276651463456,Yellow,Rain,0,0.6623187247743798,11,30,246.2991972300633,20.730475640194122,Medium
09-03-2024 22:30,40.816007228994465,-73.85360578,246,17.225403590327012,40.93757577218378,Red,Rain,0,-0.776707673,64,41,241.5964644348806,17.974226066142187,High
09-03-2024 22:35,40.894660637696454,-73.90873974,144,19.46802279828386,64.14682821556033,Red,Clear,0,0.2821308290342581,43,14,200.6118312428254,20.04443609779051,High
09-03-2024 22:40,40.6378986,-73.81665112,37,48.796465461210246,91.68496866736777,Yellow,Clear,0,-0.871594512,93,6,186.70785784023207,19.34164472,High
09-03-2024 22:45,40.780650133983045,-73.96017192,25,51.84915095318519,59.14657049216668,Yellow,Fog,0,0.762254429,26,47,217.07225740986112,28.144400466530538,Medium
09-03-2024 22:50,40.71804531,-73.87954414,287,68.21205028021848,61.728518086456646,Yellow,Fog,0,-0.424878429,81,30,472.1294148999536,21.449702914884778,High
09-03-2024 22:55,40.88452569708092,-73.74816242,185,46.58833336333452,33.24141260104854,Red,Fog,0,-0.758968568,83,44,419.6830307863554,23.231635235781628,Medium
09-03-2024 23:00,40.695486062568584,-73.86552801,204,18.232603284061145,15.98948000454151,Red,Snow,1,-0.035184449,46,31,480.6474877002297,11.404968979985455,High
09-03-2024 23:05,40.86678911309216,-73.98831328,248,79.39901002108856,98.32449072308064,Yellow,Fog,0,-0.892811327,36,49,152.1574511501967,18.09314769343922,High
09-03-2024 23:10,40.653543269237694,-73.88706982,251,60.87620300132631,44.53404528,Green,Rain,0,0.527652829,90,32,264.3194397330471,15.177702159828877,High
09-03-2024 23:15,40.674515174087475,-73.81067644,51,22.28432643029446,29.654748948347162,Green,Clear,0,-0.562982529,27,15,419.16930768586644,10.159686630173614,Medium
09-03-2024 23:20,40.84101018876873,-73.84808125,37,9.778146944009844,39.445669827093106,Red,Rain,1,0.8259300454476426,69,10,74.86455232285132,16.699615998467337,High
09-03-2024 23:25,40.80146869861448,-73.94441349,29,43.04982778892353,75.82089781,Green,Clear,0,0.7732080872637426,10,18,237.71816423344265,9.986125013665681,Medium
09-03-2024 23:30,40.81241412722176,-73.80711019,24,11.563684627897178,81.36863708,Green,Fog,0,0.10547966211811888,80,17,309.50134290651266,17.208014854192704,High
09-03-2024 23:35,40.811322123964814,-73.98522689,40,34.33986839956671,74.06597469835812,Red,Rain,0,0.41441049791081364,68,4,192.08129570997949,11.07923575989135,Medium
09-03-2024 23:40,40.77949922517115,-73.87478344,127,39.63295231093881,67.41609018976091,Yellow,Snow,1,0.22095131729716555,71,2,180.41561729289566,15.510603226703441,High
09-03-2024 23:45,40.72822237,-73.97074234,250,60.83417092729029,44.691860389065305,Yellow,Clear,0,0.36732005490384934,23,14,274.77886147348295,14.681056933908676,High
09-03-2024 23:50,40.80576215946747,-73.89203103,202,40.167643537993484,15.288368210138561,Red,Clear,0,0.9727274158945369,77,35,462.66685911210067,14.042499211021518,High
09-03-2024 23:55,40.60226099,-73.81222403,249,45.32904388952784,32.23574386482775,Red,Fog,0,-0.455576823,92,15,397.4311717160654,17.358170163352156,High
10-03-2024 00:00,40.809728099643976,-73.82436997,212,12.54398724134756,40.40493744,Green,Clear,0,-0.714350399,20,29,109.11409275518851,16.00863133164914,High
10-03-2024 00:05,40.77608774157426,-73.95485933,36,63.57206666,56.76280250044942,Green,Rain,0,0.9939530704190793,26,43,347.0305930313583,16.83015664,Medium
10-03-2024 00:10,40.79492406632634,-73.77811991,70,50.64400332578065,17.75090401153588,Red,Clear,0,0.4027771335955499,23,42,216.20947505246085,27.57266726269532,Low
10-03-2024 00:15,40.87269915893537,-73.77598546,134,77.70222421982258,19.431062292682647,Red,Clear,0,0.9057906960251958,19,46,484.37912422679085,13.42166131797269,Medium
10-03-2024 00:20,40.77781586997285,-73.83046146,172,37.62502696182682,95.09931324407577,Green,Rain,0,0.30419837545541406,2,22,406.3838577782279,20.77661350046266,High
10-03-2024 00:25,40.60789544060457,-73.76711213,38,27.53342990511524,83.72082944,Red,Fog,0,-0.493512798,49,18,312.6173546114021,23.135365600299572,High
10-03-2024 00:30,40.82351975407167,-73.76662541,58,23.442152073695567,14.25182574,Green,Clear,0,-0.83075694,20,14,323.1009617364104,27.926466126590256,Medium
10-03-2024 00:35,40.65490624834474,-73.88457939,198,42.70416522049883,17.624965607360917,Red,Fog,0,0.363047246,56,10,484.62401716344874,29.867853111951284,Medium
10-03-2024 00:40,40.690960053937246,-73.89083138,295,70.37898677931086,30.63730958855135,Green,Clear,0,0.47153515129967083,23,5,233.30440382897842,8.369587257593665,High
10-03-2024 00:45,40.79231418049074,-73.75668858,243,55.050202797263395,90.99775637019576,Yellow,Clear,0,0.5965758377467636,85,38,110.21279277110524,21.64944065445407,High
10-03-2024 00:50,40.65893206931812,-73.70329012,59,5.353516027,90.95342549610376,Yellow,Rain,0,-0.567703706,87,10,74.22734645719373,6.762558855798066,High
10-03-2024 00:55,40.76571174366657,-73.77205076,95,16.367992054584917,43.74976353424958,Red,Rain,0,-0.753100288,20,43,236.34371403600628,26.376152805687358,High
10-03-2024 01:00,40.67983762708387,-73.97068756,26,62.89590907400023,67.22190379,Green,Clear,0,0.9239057720198689,37,14,480.3412397391767,16.539968323367564,Medium
10-03-2024 01:05,40.797824597003824,-73.83458237,219,41.30431813485597,86.03386286577339,Green,Fog,0,0.5639453242895038,44,6,283.44490761150337,17.95364353335309,High
10-03-2024 01:10,40.724281904923274,-73.81573061,220,37.82234059293751,51.59495170649547,Green,Fog,0,0.2748775333256921,23,3,66.58977378479241,20.93240928298887,High
10-03-2024 01:15,40.62466842915812,-73.75613104,229,8.813795551109846,62.54526460651598,Red,Fog,0,0.19638633664128102,61,20,268.48781721417606,29.448069100669667,High
10-03-2024 01:20,40.86932667348689,-73.74423846,261,72.38273286775822,80.80388075370014,Green,Rain,0,0.1344293956818461,31,2,485.0620421970576,29.28721669277147,High
10-03-2024 01:25,40.825848569858145,-73.89355473,232,6.675223442683471,73.73596101987228,Green,Snow,0,0.10019186834655192,41,20,317.8725683011087,23.100215058606604,High
10-03-2024 01:30,40.82007149215689,-73.93127807,256,7.6282225027785735,89.63328145619329,Yellow,Snow,0,-0.284349891,61,17,478.1862646602867,26.864301268562976,High
10-03-2024 01:35,40.66028831776753,-73.9070945,190,17.774012635410728,45.628278377881756,Yellow,Rain,0,0.3418575641750594,10,2,135.5103331022329,6.1269379708045255,High
10-03-2024 01:40,40.83542779051344,-73.7907303,192,14.782425921318083,55.193853492934046,Yellow,Rain,0,0.19579733425208268,91,44,102.05129406763422,24.782070993439316,High
10-03-2024 01:45,40.73553392950221,-73.74369664,272,44.60810869,88.13508644096999,Green,Clear,0,0.9920879630849628,8,19,392.17382835247514,22.100292238079007,High
10-03-2024 01:50,40.60768453,-73.72273248,260,12.226176249039973,39.44840688841297,Yellow,Rain,0,0.3010549875122406,90,2,327.75025783922786,7.252334748534279,High
10-03-2024 01:55,40.863872057662725,-73.90264437,25,36.27880327981121,10.974197783222985,Yellow,Clear,0,-0.510546023,68,37,208.87641268584315,5.302163085455093,Medium
10-03-2024 02:00,40.80202479482123,-73.89029693,298,56.481826379420035,30.414823506354782,Green,Clear,0,0.24337510581734878,42,20,271.90330030012257,20.694609185686236,High
10-03-2024 02:05,40.71252871,-73.85631055,230,28.79752241,31.678059246731323,Yellow,Rain,0,0.41181977832667416,23,10,219.45643045995786,15.220961235891343,High
10-03-2024 02:10,40.77224625221575,-73.77480486,194,11.277023865201379,87.12531011645751,Green,Rain,0,-0.780271887,72,44,423.3864410069906,6.157120949421428,High
10-03-2024 02:15,40.67359083032781,-73.8601393,15,5.010123263640244,63.3480852,Green,Fog,0,0.49314405623049273,43,2,218.5278441447246,14.78111805810436,High
10-03-2024 02:20,40.79834242397526,-73.95635395,166,22.420727843384974,21.043156010936592,Green,Snow,0,0.9699862899532496,93,7,82.3730968,27.068404615248173,Medium
10-03-2024 02:25,40.893102156792374,-73.8154832,129,40.27496607,27.718398873618003,Red,Snow,0,-0.456665462,99,33,210.7684486,16.39062299746169,Medium
10-03-2024 02:30,40.85119183,-73.80411589,206,17.95936763370412,63.865459765350344,Red,Clear,0,-0.025830503,40,25,462.47421521441106,18.612612761999323,High
10-03-2024 02:35,40.86241558370305,-73.88088221,156,72.726364,43.00527576309251,Yellow,Fog,1,0.40202496013132905,42,44,213.07028089525562,28.49187010068187,High
10-03-2024 02:40,40.631310719527356,-73.98831975,139,31.68116237527843,57.03125448945491,Green,Rain,0,0.5247103627590477,39,5,254.3573228,12.048908942146074,Medium
10-03-2024 02:45,40.78749666926877,-73.73043881,54,9.578694571096612,85.66908793492809,Yellow,Fog,0,-0.194222607,25,16,399.03694049421716,21.77406680383632,High
10-03-2024 02:50,40.663134432583405,-73.96830308,181,49.62215885,62.36043853,Green,Clear,0,-0.297145965,59,8,72.78006707,16.96387846930896,Medium
10-03-2024 02:55,40.75389916396644,-73.86100538,154,62.33618890477663,49.487642665492544,Green,Clear,0,-0.484731948,73,41,96.99384617329963,28.245924612356784,Medium
10-03-2024 03:00,40.88792625023059,-73.79472928,290,50.469612398851154,34.97296744471399,Yellow,Clear,0,0.5017583933595657,26,2,234.8784815,8.555935268728641,High
10-03-2024 03:05,40.61697584,-73.74740876,264,11.779381601174322,41.95218174021103,Green,Fog,0,0.821311704,36,13,107.5680713049388,25.250302143562017,High
10-03-2024 03:10,40.60272119611028,-73.96624733,105,29.04671308070284,92.43342413750077,Yellow,Fog,0,0.8879290191137705,6,10,93.20404401071818,8.083263549273365,High
10-03-2024 03:15,40.74221111989699,-73.7699698,248,72.39466169518091,73.74287755771178,Yellow,Snow,0,-0.083067259,51,12,356.30442507815434,29.914118997843847,High
10-03-2024 03:20,40.839362685699676,-73.82604936,96,33.17873069767288,79.33431119048052,Red,Clear,0,-0.419453097,83,33,133.46812517734364,13.376866692830564,Medium
10-03-2024 03:25,40.69626853334185,-73.87092262,93,43.206920134777455,69.86725965754869,Yellow,Clear,1,-0.882818155,73,16,79.89745408551761,27.100854504118317,High
10-03-2024 03:30,40.84726022382286,-73.88626676,46,19.189288667697973,53.90225520841529,Green,Clear,0,0.6319129917676654,97,42,229.49114213544013,19.976804046351845,High
10-03-2024 03:35,40.74201624424053,-73.95645414,116,19.48438476795841,40.66795163854745,Yellow,Rain,0,-0.804287159,49,18,116.27594470523671,14.656714247944834,High
10-03-2024 03:40,40.644533896021144,-73.9279653,284,61.51343082201219,36.45894349691753,Yellow,Clear,0,-0.862332169,61,45,252.92529806716126,5.476877073126797,High
10-03-2024 03:45,40.767700360247964,-73.99096029,44,40.96305748299889,85.60153258157584,Red,Snow,0,0.43114830737584176,45,31,335.3320347,6.924016020028175,High
10-03-2024 03:50,40.800659444327565,-73.80989991,52,43.44668838109774,44.623301252540834,Red,Fog,0,-0.292286218,91,17,185.56825301176988,21.464213163019664,Low
10-03-2024 03:55,40.806542544930544,-73.94821682,48,69.75020502561291,62.414338586541724,Green,Clear,0,0.004805467,10,1,59.60786125895059,11.37705355110384,Medium
10-03-2024 04:00,40.833624980019756,-73.91369887,166,60.014048670365476,43.33532213873496,Red,Snow,0,-0.348756287,80,3,207.88222101798627,23.257098644602973,Medium
10-03-2024 04:05,40.82877358944622,-73.8277455,43,10.324090828602696,58.27891566785444,Red,Snow,0,0.4542450933729949,90,10,363.8883881956849,10.347723010646266,High
10-03-2024 04:10,40.777198672293856,-73.89714678,233,36.45622806828681,97.38189618084338,Red,Rain,0,-0.795549944,83,23,64.50821879550823,7.389810029687006,High
10-03-2024 04:15,40.61003421197274,-73.95313091,24,10.148621005280626,60.62751255313136,Red,Clear,0,-0.57165409,2,38,346.48178808157934,7.8300549170921006,High
10-03-2024 04:20,40.803184790209095,-73.74736721,196,26.486257578323674,24.08081304846354,Yellow,Snow,1,0.7950852827560502,45,13,440.7893348846761,7.286233302307355,High
10-03-2024 04:25,40.87156651920698,-73.98842413,27,70.19140799032509,16.636672706458047,Yellow,Fog,1,-0.138474416,89,36,360.0298160127443,15.159597569028275,High
10-03-2024 04:30,40.66154153,-73.77738622,275,29.626142250774002,57.89219527205159,Green,Rain,0,-0.88715414,90,32,433.5319561,29.545732902164207,High
10-03-2024 04:35,40.71198120738584,-73.89645143,122,51.40007737,65.42094147,Yellow,Fog,0,-0.801178086,60,31,62.20804749617314,28.150718232982722,Medium
10-03-2024 04:40,40.85682063664278,-73.98433079,212,70.44761728098055,88.72128271512267,Yellow,Clear,0,-0.775707311,3,20,58.13807970925485,11.298001931744507,High
10-03-2024 04:45,40.72027405336618,-73.91013344,129,20.27763446952534,66.99662084662049,Yellow,Rain,0,0.49183537657903575,75,46,86.07395601265375,28.99997688376501,Medium
10-03-2024 04:50,40.71408803175991,-73.86643819,280,42.823777756602375,26.174453729083687,Yellow,Snow,0,-0.262979381,42,3,113.79508792428157,21.903773156429317,High
10-03-2024 04:55,40.75542433367627,-73.87842627,113,11.232847659502792,18.580490636562672,Yellow,Snow,0,-0.776664306,61,6,79.35877568555716,11.843731543672156,High
10-03-2024 05:00,40.65741765264005,-73.97665308,276,37.506701140850986,46.63003472310445,Green,Clear,1,0.685756302,67,41,148.02446923058713,7.411881259091164,High
10-03-2024 05:05,40.84239015066148,-73.84065469,34,35.32666352425204,32.962598376565346,Yellow,Snow,0,-0.710101244,21,14,485.90699589596136,29.71828975150235,Medium
10-03-2024 05:10,40.71398410778016,-73.86996974,255,79.95129317090478,75.64173890424482,Yellow,Rain,0,-0.20024072,70,20,374.1130593793395,15.146544338323157,High
10-03-2024 05:15,40.622597423520595,-73.95658465,44,51.78703252675736,38.90907236553079,Red,Snow,0,0.692842697,82,2,296.1826131670124,7.741639693,Low
10-03-2024 05:20,40.793039194552435,-73.97273639,230,55.189424775913174,78.16879155025333,Yellow,Rain,0,-0.372041415,14,2,357.9875282133049,29.33354844764697,High
10-03-2024 05:25,40.622547992583094,-73.75833121,127,9.388090972,92.08137696794194,Red,Rain,0,-0.42823514,16,44,304.5458396724247,26.963071610581128,High
10-03-2024 05:30,40.846763960979075,-73.79107212,35,74.47398761934878,90.04721316050345,Yellow,Fog,0,0.5036387628313037,53,26,477.46535327184273,27.830601429338923,High
10-03-2024 05:35,40.83671651222953,-73.81872575,108,52.14908558467427,46.615623946859586,Yellow,Snow,1,-0.470566033,17,40,497.63854526681314,10.361252262006968,High
10-03-2024 05:40,40.856020945802854,-73.7651607,154,42.09675670281314,42.35737797925913,Green,Snow,0,0.9833848945754533,42,14,447.32328172122436,14.78926761326813,Medium
10-03-2024 05:45,40.622390727721104,-73.90744064,133,75.73074127998336,13.116150208041596,Red,Clear,0,-0.982819674,14,17,422.1356929397347,16.408296339357847,Medium
10-03-2024 05:50,40.84289276215366,-73.78170927,177,19.730783824264996,50.54084872342949,Green,Fog,0,-0.82298859,88,31,392.47612098266944,15.064736468939245,High
10-03-2024 05:55,40.695633149365534,-73.86936789,79,30.685374063886293,15.776538634697225,Yellow,Rain,0,-0.048135703,73,1,458.9719732317189,7.618839453519698,Medium
10-03-2024 06:00,40.73797767798426,-73.81821571,296,63.19129383250013,88.94422382788973,Green,Rain,0,0.5297897855693043,82,23,183.66194942696688,12.767078341650263,High
10-03-2024 06:05,40.763142851672946,-73.75909481,220,75.11345800455905,29.781862534085967,Red,Rain,0,-0.562752669,98,28,335.7458810297595,8.318469426,High
10-03-2024 06:10,40.808361613085445,-73.72751436,125,10.884038465551564,36.390707064276086,Red,Snow,0,0.5282710772632011,9,22,193.75706883190605,19.135849539007115,High
10-03-2024 06:15,40.889767670620365,-73.71690066,38,31.927070775981495,70.72270663,Red,Rain,0,-0.202952825,68,32,425.2891117469435,25.817746875552253,Medium
10-03-2024 06:20,40.71173484610629,-73.81882685,87,20.55502638849118,98.92132941719228,Yellow,Rain,0,0.5350600176098923,70,31,80.66619879643358,25.53433093396811,High
10-03-2024 06:25,40.77462118572464,-73.9623992,69,27.26600782820824,27.13451160618087,Red,Snow,0,0.021099067543752126,76,21,275.5874577865918,7.953493191299772,Medium
10-03-2024 06:30,40.82817200748914,-73.76841431,227,75.71172012337051,72.42960834279106,Red,Clear,1,0.2978749167994692,37,14,143.37791781998902,17.506288549894812,High
10-03-2024 06:35,40.76420358061092,-73.86005773,220,56.49060853433508,58.54549675098436,Green,Fog,0,-0.62730323,21,40,375.6168135521226,11.540204605554631,High
10-03-2024 06:40,40.75452409172354,-73.81309778,98,67.98374313858659,88.81512382449492,Yellow,Snow,0,0.570421331,46,30,217.6881475694763,29.03783073920897,High
10-03-2024 06:45,40.684584436170205,-73.78919759,155,20.530348551999385,11.761888523423004,Red,Fog,0,-0.174229306,88,30,239.96570792781665,6.829096267021013,Medium
10-03-2024 06:50,40.85083352951609,-73.75831761,97,57.27871311829016,65.47558680704606,Yellow,Snow,1,-0.751026148,8,16,312.9936410168832,12.857851289215384,High
10-03-2024 06:55,40.865679115049886,-73.80532189,115,30.214205511232446,62.28828764186878,Red,Clear,0,-0.118449696,26,9,403.2171873813176,27.106261749119525,Medium
10-03-2024 07:00,40.804304157671005,-73.70399927,65,7.972703711974603,47.998164325718896,Green,Clear,0,0.079237756,13,19,377.25857695252984,5.118736508298273,High
10-03-2024 07:05,40.616525652909786,-73.9947668,238,76.68499303,69.38233832303385,Green,Snow,0,-0.385556796,95,20,64.75715153690393,29.325006265823294,High
10-03-2024 07:10,40.81706885084185,-73.73765284,288,53.39291619695763,44.293006164141985,Green,Clear,0,0.7090178313431903,42,6,275.9680852016344,19.901272997996454,High
10-03-2024 07:15,40.82386707,-73.81198736,243,64.16592977,91.42870657628517,Yellow,Fog,0,0.3641308154991332,11,34,185.60365350676864,28.117862951692086,High
10-03-2024 07:20,40.81861601350241,-73.94924105,197,77.33001715278547,37.02518427457356,Red,Fog,0,0.5760559208497926,47,46,488.50677158717764,10.996665645023278,Medium
10-03-2024 07:25,40.835882225031966,-73.85983931,63,16.506186809669728,70.86572327,Red,Snow,0,-0.977012336,71,36,470.4168718902855,27.661091581383342,High
10-03-2024 07:30,40.737188204663546,-73.76450704,218,40.02169240327159,10.588512202593485,Green,Rain,0,0.6067458619171178,63,12,491.7764770624275,12.541574887009306,High
10-03-2024 07:35,40.78062950664221,-73.94014014,86,75.72068718795327,92.52563997,Red,Rain,0,0.882125047,96,11,170.7639241402706,6.280461043981552,High
10-03-2024 07:40,40.64244369,-73.89330367,217,59.92605336026715,55.70780897718573,Yellow,Rain,0,0.586578524,63,37,294.0744192316813,20.806749348142684,High
10-03-2024 07:45,40.709143148826186,-73.75824053,246,15.130476840264341,29.25161166,Green,Clear,0,-0.529860828,34,30,114.04098928875524,19.52068665561413,High
10-03-2024 07:50,40.68441261189797,-73.94060265,58,73.58848483196849,86.64555056105162,Red,Fog,0,0.4424097896243553,12,33,349.1654797752461,29.698225875955952,High
10-03-2024 07:55,40.71153649205214,-73.76171431,47,52.22264385,51.75695778011823,Yellow,Clear,0,0.6657283660134512,20,27,126.52164940751297,6.988836528393861,Medium
10-03-2024 08:00,40.717542854582334,-73.87055321,270,46.10486349035174,94.83054461989805,Yellow,Snow,0,0.46348427761303435,37,39,106.07276097350024,18.380798596754545,High
10-03-2024 08:05,40.67774033945833,-73.75565397,42,73.75055645672245,80.18084072470648,Red,Rain,0,0.11560090466349515,84,10,269.7979372260513,29.128654475623556,High
10-03-2024 08:10,40.86880953532349,-73.96533212,178,69.88371074,19.385173308646046,Green,Snow,0,-0.822940045,42,22,330.56191262005274,12.440232161852354,Medium
10-03-2024 08:15,40.87817987950579,-73.95118421,248,34.65209670217745,14.384784973948737,Yellow,Rain,0,-0.238578883,49,28,349.5366846893996,5.745412701,High
10-03-2024 08:20,40.83943485840829,-73.95485413,223,26.781711801182027,39.209690627802935,Yellow,Clear,1,0.787425506,81,28,309.0721925327095,8.667404005363784,High
10-03-2024 08:25,40.69552059511047,-73.95397223,148,56.650615645792136,25.630343699089664,Yellow,Snow,0,-0.736318655,32,6,473.4328773744163,17.054977299136375,Medium
10-03-2024 08:30,40.766955372965306,-73.86934373,96,54.96419427471052,73.85797989740624,Yellow,Fog,0,-0.598953283,10,27,300.7309371776194,17.081321501728763,Medium
10-03-2024 08:35,40.61731778175903,-73.99838389,16,63.589400021038074,53.49416604324437,Green,Snow,0,0.9436935852078161,77,5,375.69541393043147,17.308949318250267,Medium
10-03-2024 08:40,40.83559081,-73.71613976,55,14.822982567812868,87.83432180579551,Yellow,Snow,0,-0.029403304,87,7,272.90489996174097,20.480124514934836,High
10-03-2024 08:45,40.67525585799076,-73.81420052,252,46.68476717079703,22.04707183995726,Green,Clear,0,-0.958574522,37,31,71.15805278595903,17.46601488347285,High
10-03-2024 08:50,40.62125375056519,-73.86350049,60,7.717687606162988,11.497653724278905,Yellow,Rain,0,0.6345668500626158,82,42,161.57094911745418,23.97782070975423,High
10-03-2024 08:55,40.65258151,-73.74411244,72,46.45543576227926,89.89634011,Yellow,Clear,0,0.6426470543399072,92,23,437.2188714637354,19.044441864119946,High
10-03-2024 09:00,40.76632721856762,-73.80813169,77,34.09242176188299,68.49962764318585,Green,Fog,0,-0.633904299,86,15,488.3636490337642,5.97016375,Medium
10-03-2024 09:05,40.83869499635247,-73.95446696,207,38.055795791510725,51.16953175649526,Green,Clear,0,-0.057686919,59,4,94.32885337260157,8.418366915265917,High
10-03-2024 09:10,40.69694838203428,-73.92051698,235,51.013791853260486,18.936674840343645,Red,Clear,0,0.4307789566950331,91,33,346.03078154960644,20.009041190112093,High
10-03-2024 09:15,40.78668882262306,-73.75494244,145,61.950362816872634,76.81744312742146,Red,Rain,0,0.27362130249769856,37,38,417.3630043,20.71950773218152,Medium
10-03-2024 09:20,40.849005131889655,-73.71034918,233,6.418682342620004,56.71108109466143,Red,Snow,0,0.45045198014133736,4,19,230.3571499012631,29.18615227126458,High
10-03-2024 09:25,40.894444793078904,-73.81917129,194,72.00601271957689,48.734314510796146,Yellow,Snow,0,-0.474146817,88,43,201.8896299164966,23.122066293585576,Medium
10-03-2024 09:30,40.726869320523015,-73.87333693,239,53.2874633,90.71896469094307,Yellow,Snow,0,-0.851912149,78,4,357.3577275593532,18.34175829598744,High
10-03-2024 09:35,40.60806661824639,-73.76180347,122,32.69148967558332,45.758104407292365,Red,Fog,0,0.27546941005898895,75,47,120.75139114022659,19.530161016247284,Medium
10-03-2024 09:40,40.76791575295861,-73.90889242,136,10.265276507013656,69.67085503,Yellow,Rain,0,-0.457246226,30,47,117.4070410626235,9.17454621,High
10-03-2024 09:45,40.766933465206606,-73.96974996,240,63.179507733758925,49.22861230725884,Green,Snow,0,0.6187240782146535,61,26,76.93623122091043,13.389737263832773,High
10-03-2024 09:50,40.826521095205315,-73.81129668,232,30.23450052181903,32.21365369210773,Red,Fog,0,-0.476150703,45,48,367.2741663748799,25.128948349868754,High
10-03-2024 09:55,40.87582632707986,-73.77776887,72,54.69592448264638,55.85963323770185,Yellow,Clear,0,0.32680387227812635,23,41,356.54282349526267,14.700507374162296,Medium
10-03-2024 10:00,40.69751064235824,-73.98133905,294,33.26959086,67.74936385614122,Yellow,Rain,0,0.8230830201237997,86,47,451.0129138926238,24.47565589035882,High
10-03-2024 10:05,40.74264639878268,-73.89085355,80,29.31088173254298,83.03396190880113,Red,Rain,1,0.9791010010391095,18,23,95.68184148224094,16.74687664,High
10-03-2024 10:10,40.610571306184184,-73.86870011,296,76.68385053437653,53.847364943180885,Yellow,Snow,0,0.2428137233165928,30,7,88.06470527199986,18.95644682383469,High
10-03-2024 10:15,40.83128567298702,-73.87542805,212,17.418623137110654,49.12645554447528,Yellow,Clear,0,-0.891567859,69,2,149.55493696385594,22.18328204099461,High
10-03-2024 10:20,40.72698867301571,-73.73538043,196,62.694341057311185,18.086314586120906,Green,Rain,0,0.4440583308745929,3,5,300.6904219604754,6.459284209729391,Medium
10-03-2024 10:25,40.62927977713327,-73.87571232,278,48.319712243131534,14.044931480926437,Red,Rain,0,-0.825535832,4,24,430.2168410118343,9.056355035867623,High
10-03-2024 10:30,40.801098225616585,-73.75358105,31,10.304613623057282,70.36473922745424,Red,Snow,0,-0.306323647,81,30,441.16964486927924,12.052606841554082,High
10-03-2024 10:35,40.660373162489414,-73.96913607,191,77.08476536598431,41.720984326395865,Green,Snow,1,-0.298453287,80,20,475.84519152056805,13.55706332561628,High
10-03-2024 10:40,40.76490792588862,-73.86753001,194,15.372771413100477,96.77786624324239,Green,Snow,0,-0.592537702,30,41,50.759944199033484,25.750511956793265,High
10-03-2024 10:45,40.73098867927295,-73.99522404,236,43.14119510048528,70.67280221486268,Green,Fog,0,0.269238974,70,2,321.6194783,23.45053037525063,High
10-03-2024 10:50,40.821079143313334,-73.71413484,191,79.15203594268907,38.90537553748071,Green,Rain,0,0.088119775,21,30,354.2951244,27.795823776406916,Medium
10-03-2024 10:55,40.8493025,-73.71856811,52,23.543098615334543,57.58315626824155,Red,Snow,1,-0.52820701,55,4,103.17661536305656,17.190648791895754,High
10-03-2024 11:00,40.660319707783515,-73.9023079,285,14.461750324624779,19.943590286834883,Yellow,Snow,0,-0.756667808,77,21,437.6477396032207,13.109285292215787,High
10-03-2024 11:05,40.62888989240876,-73.78855953,37,53.46412726741976,85.02617461910019,Yellow,Snow,0,-0.892721755,97,19,291.97857199423936,16.03597983917512,High
10-03-2024 11:10,40.892099433660626,-73.80714703,68,66.0339155,22.30521055127568,Green,Snow,0,0.36538939419616345,49,26,232.85116901797548,11.846611343712834,Low
10-03-2024 11:15,40.81637663917674,-73.73492082,186,7.704690072422267,34.16272961815994,Red,Rain,0,-0.586404517,75,15,111.33387235331216,29.887204573502554,High
10-03-2024 11:20,40.6604904,-73.97146678,238,8.78189338,18.288587863327276,Yellow,Rain,1,0.4907119171374634,54,8,217.9247748027821,14.163313765840794,High
10-03-2024 11:25,40.899032824402795,-73.82579829,210,30.048683544575635,92.95163224051616,Yellow,Clear,0,-0.176055822,17,7,186.61276150953157,26.14362988381403,High
10-03-2024 11:30,40.64786769613303,-73.72433563,89,68.72094077260763,23.694201797837135,Yellow,Fog,0,-0.182745687,1,15,189.7186983,18.395648879964778,Low
10-03-2024 11:35,40.84961205013995,-73.98715954,150,42.13809228262723,92.63580796766024,Yellow,Snow,0,0.2950090157633385,24,22,159.55756536756576,5.903699067357258,High
10-03-2024 11:40,40.818514880608966,-73.78330569,42,41.57963480538569,20.122979186593554,Yellow,Rain,0,-0.878779931,83,4,57.847309591548445,13.92188953548477,Low
10-03-2024 11:45,40.74853571212082,-73.94759877,99,42.371157382076035,21.94253427,Red,Fog,0,-0.686291113,89,35,140.46680869162296,26.018649750826736,Low
10-03-2024 11:50,40.78769795432024,-73.83572461,169,46.01950260982948,49.09395294363837,Red,Rain,0,0.5244658634371568,35,14,266.01598378062084,6.3154975954895205,Medium
10-03-2024 11:55,40.69983565892632,-73.85317647,201,26.990230199326593,80.90781633,Yellow,Rain,0,0.8127040105114871,83,47,225.1487886653176,8.840593144126974,High
10-03-2024 12:00,40.66588778754499,-73.76539049,201,64.61806575383042,51.29077606,Red,Fog,0,0.737577487,45,5,225.71779411916086,27.826893782881903,High
10-03-2024 12:05,40.65898463651222,-73.86500169,19,14.689287895072008,52.51313373407819,Yellow,Fog,0,0.7558546189458166,2,0,121.62121619974144,17.578904907852767,High
10-03-2024 12:10,40.878140549644066,-73.76483464,62,40.138838475096144,63.828399806803446,Red,Clear,0,-0.398636269,37,10,461.8691114149774,23.07444324857656,Medium
10-03-2024 12:15,40.895148367055796,-73.77356773,229,79.91242643828231,66.21983225326159,Green,Snow,0,0.026569125,82,0,251.20375433041295,28.757045639367664,High
10-03-2024 12:20,40.64816978084339,-73.8687767,263,63.85286418445677,93.52465122376057,Yellow,Snow,1,0.004281181,55,5,191.31933649861173,19.58543231621311,High
10-03-2024 12:25,40.77943601193329,-73.89576315,12,16.430919658457835,14.747196323079606,Green,Fog,0,0.5248855977317217,91,14,453.0260207209349,22.711425435187422,High
10-03-2024 12:30,40.65860893551447,-73.99649686,148,63.38105381035689,23.39581385779165,Yellow,Snow,0,0.69986481,44,8,287.7953738133576,28.644358676661568,Medium
10-03-2024 12:35,40.75693112634097,-73.85579165,205,72.81238733834006,50.37100570295461,Red,Clear,0,0.4390981131751899,58,5,435.1914767417646,13.252791395644108,High
10-03-2024 12:40,40.741703461755584,-73.78004319,291,74.72179882,95.3568813,Green,Clear,0,-0.176373612,3,13,369.27876243006074,24.448316967749022,High
10-03-2024 12:45,40.72156588865586,-73.74426112,125,20.613162116041117,44.65700981971182,Yellow,Clear,0,0.36889503444399074,11,16,380.49017375106945,27.48568371241426,Medium
10-03-2024 12:50,40.81877132639837,-73.9811606,246,35.325150918758816,50.426613757287384,Yellow,Rain,0,0.689519404,12,1,370.1686959,9.577006388245797,High
10-03-2024 12:55,40.80292292243248,-73.88541049,276,61.382632726532506,43.32663128939927,Red,Snow,0,-0.178478934,29,9,275.4259359880232,23.004750405798127,High
10-03-2024 13:00,40.66447067315671,-73.79369329,166,50.425738252700754,37.73292652284891,Yellow,Fog,0,-0.521641644,9,40,308.42107574087987,14.441654566704699,Medium
10-03-2024 13:05,40.89480589802292,-73.82414149,236,22.06668302409416,76.68490714389314,Red,Snow,0,0.990212192,8,3,207.23896220812216,5.609214913751751,High
10-03-2024 13:10,40.698300178632024,-73.72952874,253,33.79269306276976,18.98852795428784,Yellow,Fog,0,0.521719163,10,46,450.4452085028038,10.052296284593238,High
10-03-2024 13:15,40.791321436595666,-73.90287558,47,55.49408994421689,63.54708558545597,Red,Clear,0,-0.535178425,52,17,211.28226530676423,20.988184910441273,Medium
10-03-2024 13:20,40.677150409382115,-73.79839943,118,32.536038587425836,53.60629648,Yellow,Rain,0,0.16161924264381633,67,46,413.9764195812464,6.270525099514128,Medium
10-03-2024 13:25,40.693961981215885,-73.96168164,284,11.753429485971937,60.06301909338388,Green,Fog,0,0.6810036225700595,18,4,84.25955794185714,22.421455013047407,High
10-03-2024 13:30,40.745276022464964,-73.8450301,261,68.82740650100806,60.18788566772263,Red,Clear,0,-0.759916537,72,14,462.68004101827023,17.388839336989385,High
10-03-2024 13:35,40.709175218025855,-73.8514261,77,17.689950473617348,32.79327909066075,Yellow,Fog,0,-0.445502781,86,35,493.8048779539971,8.14697516,High
10-03-2024 13:40,40.70352202133785,-73.95577598,240,30.819552240778087,44.15515798165909,Yellow,Clear,1,0.015728707,42,44,154.9788236095157,8.847529916549753,High
10-03-2024 13:45,40.875251719906274,-73.82795318,148,36.60005125835059,23.691796516484665,Yellow,Fog,0,-0.938942085,11,46,454.70836773810265,15.153407552039189,Medium
10-03-2024 13:50,40.63706566783842,-73.93728837,184,55.447570828576715,95.52520368448113,Green,Fog,0,0.7629449454530164,17,21,428.34891601116647,5.672571479,High
10-03-2024 13:55,40.70702786874444,-73.74350992,66,78.14008988817176,10.396067208379907,Yellow,Snow,0,-0.192952179,60,49,188.60602110711648,11.097701953787771,Low
10-03-2024 14:00,40.77588427464652,-73.95565378,71,73.71131687527425,63.916658567748705,Red,Clear,0,0.7495194369996772,54,43,166.6388556598987,11.088510581376188,Medium
10-03-2024 14:05,40.71748013032383,-73.85852137,57,40.662177741534535,84.07372308,Red,Rain,0,-0.930897241,84,32,271.6247248004914,24.982883796849595,High
10-03-2024 14:10,40.75765438265115,-73.7396369,215,22.068177196358818,97.37888542432825,Red,Clear,0,0.4812709587913002,30,10,354.69492281580574,6.320946440294113,High
10-03-2024 14:15,40.74922373109978,-73.8485076,205,15.502902207195941,30.91860617318921,Green,Rain,0,-0.49940668,50,40,302.0591834144635,13.521078722264141,High
10-03-2024 14:20,40.62929490239931,-73.7119798,264,22.52873308588819,42.10040622913061,Green,Snow,0,-0.883523341,51,41,95.29056377771376,15.578157869906432,High
10-03-2024 14:25,40.645083425290466,-73.70907587,58,51.41645081251612,10.293681848146036,Green,Snow,1,0.9991217106029073,58,44,372.79262473210764,14.752561853132097,High
10-03-2024 14:30,40.62058281211914,-73.8707091,214,59.94101283633859,53.73477568435922,Red,Snow,0,0.056361999,96,29,345.55345118180793,26.43604660156945,High
10-03-2024 14:35,40.68016947029805,-73.73076046,85,27.77504838502545,10.005030776733784,Yellow,Snow,1,0.8519970592610322,62,9,162.4332762371937,13.435831424490218,High
10-03-2024 14:40,40.87806560545955,-73.71515529,202,79.31839930313274,18.39210010373995,Red,Rain,0,0.7030224118252628,25,28,131.57840971947385,9.31886964,High
10-03-2024 14:45,40.74080476485421,-73.86079357,252,30.77426204467412,34.39805372866198,Red,Rain,0,-0.504225776,9,20,70.8371448,26.719435261347666,High
10-03-2024 14:50,40.70351236468865,-73.74960092,57,6.260880668354112,26.609783166950606,Green,Rain,0,-0.713396104,95,4,302.6295652129389,18.78122399015123,High
10-03-2024 14:55,40.880377108939726,-73.76052603,289,15.032938306033671,35.59453521340379,Green,Snow,0,0.078967413,90,3,259.4060278882838,13.618675497297021,High
10-03-2024 15:00,40.864491468149474,-73.82230601,164,7.522168839445035,85.82374645830276,Yellow,Fog,0,-0.935628052,96,48,468.60873765741576,21.520952846469118,High
10-03-2024 15:05,40.68110007307583,-73.85242519,107,64.98573963629806,69.76326765,Red,Snow,0,0.43572264140751016,31,28,445.1900535867899,20.27021267518983,Medium
10-03-2024 15:10,40.67361139034944,-73.77052394,145,35.600191717708014,42.95484293167784,Yellow,Rain,0,-0.429928218,37,36,351.4441452994376,28.319914505327183,Medium
10-03-2024 15:15,40.67715906530712,-73.80145522,292,59.81512649014315,92.89226052,Red,Clear,0,0.088374102,63,20,437.7439241670782,24.19667807554016,High
10-03-2024 15:20,40.616476392372164,-73.82483875,118,40.64692491195144,46.13413680662473,Yellow,Fog,0,-0.488233232,5,25,386.9553742965503,20.627368558961656,Medium
10-03-2024 15:25,40.718307665995425,-73.73226232,58,30.553957196501408,45.80248453019012,Yellow,Rain,0,0.6642204930353635,94,22,165.37962960891923,21.41373149571378,Medium
10-03-2024 15:30,40.79346804410192,-73.86623683,97,45.89530673,76.48521582197961,Red,Fog,0,-0.433772976,63,31,185.74399670950663,29.82728609006422,Medium
10-03-2024 15:35,40.866265044245026,-73.77992433,17,41.26021888922858,85.67059241201294,Green,Snow,1,-0.670856451,63,2,71.01796295460136,16.794927607191298,High
10-03-2024 15:40,40.78216172074837,-73.73690461,205,8.247919734,75.17828352849848,Red,Fog,0,-0.934909741,62,4,223.62437622364325,29.379992115489387,High
10-03-2024 15:45,40.880926267668805,-73.88252148,169,73.92679466117319,96.02071837361294,Green,Clear,0,0.14567326921743184,81,37,116.35822389115944,28.629241105903688,High
10-03-2024 15:50,40.62409261294967,-73.96120239,123,33.79546867754655,97.05031070587387,Yellow,Rain,0,0.095706029,17,13,132.59328310356076,21.087339056421836,High
10-03-2024 15:55,40.83893172202789,-73.73630967,159,75.16593437551167,73.29467800406346,Green,Rain,0,-0.244826539,85,13,205.31642825929046,23.24135496253134,Medium
10-03-2024 16:00,40.89140469314205,-73.80489607,220,17.475142848291004,83.02025065965874,Yellow,Rain,0,0.037172805,86,14,98.04786617809526,26.799423968651084,High
10-03-2024 16:05,40.81016124487254,-73.82621531,78,48.019208122177915,46.35094610571836,Yellow,Snow,1,-0.158857101,2,32,445.7897498573213,25.073583848162674,High
10-03-2024 16:10,40.79093073813463,-73.76568496,94,15.017995150367929,28.027266723046683,Red,Snow,0,-0.150223754,37,49,424.3818945734364,18.498043739401044,High
10-03-2024 16:15,40.745979598322684,-73.9123726,193,60.30837534992691,67.41369115380016,Red,Snow,0,0.856427715,37,12,180.40380462379102,17.358232471920616,Medium
10-03-2024 16:20,40.753023550672516,-73.8241257,77,14.465142932212856,71.80525708375761,Yellow,Rain,0,0.088435586,57,21,106.79661040491204,25.06492157158849,High
10-03-2024 16:25,40.8606872,-73.86118874,56,12.362270078731846,27.99888537012076,Yellow,Clear,0,-0.134363416,36,15,417.19603202134465,13.487851930236188,High
10-03-2024 16:30,40.816796584076734,-73.87409864,230,7.596681677107032,65.86911473865503,Green,Rain,0,-0.391311738,23,14,296.40209968605836,23.90436783406955,High
10-03-2024 16:35,40.627046539336554,-73.80677089,11,57.323701692436146,44.44228652916775,Red,Fog,0,-0.073673499,64,49,275.9116472377216,8.157703698884257,Low
10-03-2024 16:40,40.77811882,-73.94941476,248,36.289965899682514,77.45560891042246,Yellow,Clear,0,-0.325374469,58,24,66.54183186947071,9.837363335249043,High
10-03-2024 16:45,40.62709347246322,-73.96593172,76,10.470403407773176,36.15200515860896,Yellow,Clear,0,0.49781959307603496,41,17,382.84007181292833,9.852421503674627,High
10-03-2024 16:50,40.630887550214844,-73.9328053,13,46.85454144432181,76.83823669623892,Green,Snow,0,-0.409568012,70,27,242.59704918379404,23.541925810965584,Medium
10-03-2024 16:55,40.613162716831745,-73.75690088,123,71.17798834219396,16.87822176779985,Yellow,Rain,0,-0.02868914,47,34,204.16158294137043,29.597761828084103,Medium
10-03-2024 17:00,40.60868768441774,-73.80962366,42,9.666902861,21.91333909125747,Red,Rain,0,-0.188315862,13,49,185.97855669795717,28.93710393287698,High
10-03-2024 17:05,40.74515127257177,-73.74903978,78,77.52789090863568,65.22196613927588,Green,Clear,0,0.6472800023224163,80,15,429.01244588005727,24.896259060541702,Medium
10-03-2024 17:10,40.79970965269727,-73.71463714,275,52.16816023573114,99.08912061,Red,Clear,0,-0.558548473,74,2,58.54801840278584,22.455085309997916,High
10-03-2024 17:15,40.71096193,-73.80377172,65,8.606670849440956,79.55222327192766,Red,Snow,0,0.9268441818165425,29,26,330.08668222302134,18.812256289166505,High
10-03-2024 17:20,40.75884707455624,-73.80760288,66,9.044917891,11.260694861393816,Yellow,Clear,0,-0.843109188,31,47,162.06443791700002,25.242952916562473,High
10-03-2024 17:25,40.73262401853236,-73.81730578,102,75.40814377239845,40.60165994773759,Red,Rain,0,-0.140298675,15,8,476.8328830188407,9.560882081139699,Medium
10-03-2024 17:30,40.868487107020314,-73.95478109,220,39.13905264258124,97.84698985237394,Yellow,Snow,0,-0.963228615,42,10,186.2684292252191,9.424781339134427,High
10-03-2024 17:35,40.862663139818395,-73.70904333,158,58.95733630200802,61.86059290518135,Yellow,Rain,0,-0.117831883,89,16,476.2438021,10.734092393541292,Medium
10-03-2024 17:40,40.66214193762226,-73.84517662,57,55.359867231639136,37.57772532711712,Green,Snow,0,0.010757517,26,33,406.4514182454704,20.336983775618076,Low
10-03-2024 17:45,40.67646572666316,-73.87101433,182,16.067208791555153,41.077068718476326,Green,Clear,0,-0.810194264,53,1,140.83714371376624,26.501089625926827,High
10-03-2024 17:50,40.63112943,-73.75312595,55,6.009793753022192,44.91582485802225,Red,Fog,0,-0.464252444,82,18,192.70496875885897,8.871396656293602,High
10-03-2024 17:55,40.73783135494514,-73.72062856,143,35.42931659,89.28720342832706,Red,Rain,0,0.17508174255969178,57,17,287.02736602093836,24.95732945934684,High
10-03-2024 18:00,40.84623767402845,-73.73454257,246,56.112008896199896,88.80403882750666,Red,Snow,0,0.29549197872398225,92,42,323.96335819985296,14.687228689649505,High
10-03-2024 18:05,40.740011283944476,-73.93523925,239,21.950983256628124,18.818102446154445,Green,Snow,0,-0.428580625,95,32,229.60690993816888,27.328089753324804,High
10-03-2024 18:10,40.798317216402985,-73.93701349,80,45.90170523375322,61.11628378,Yellow,Fog,0,0.6802768773548444,23,1,153.95461167874612,15.952444522196576,Medium
10-03-2024 18:15,40.73456748945791,-73.81991172,137,77.19861933,59.79838153,Green,Snow,0,0.6715069500191284,48,5,73.67906028478271,5.891040453387862,Medium
10-03-2024 18:20,40.80188170366247,-73.8299024,266,77.78639850281714,88.77683573096441,Yellow,Rain,1,-0.963733573,54,31,53.07775877570799,25.854272539576975,High
10-03-2024 18:25,40.89678955234204,-73.8187832,110,55.94282153677701,14.685401836429058,Green,Fog,0,0.9711498520171233,88,37,137.90148039435718,19.27022127917582,Medium
10-03-2024 18:30,40.60842756,-73.81856239,217,18.384818779760558,84.49043188464024,Red,Snow,0,0.12274876110560906,95,46,382.78126131778856,14.691960878825572,High
10-03-2024 18:35,40.80023779599391,-73.75552271,61,6.302576691363816,28.860842158593325,Red,Fog,1,0.9586128097390743,38,6,261.8553584616668,23.87098657612068,High
10-03-2024 18:40,40.65729381344027,-73.84557819,296,71.06360157644563,63.39666193192378,Red,Fog,0,-0.359248448,95,9,90.22244815421729,20.882198139566867,High
10-03-2024 18:45,40.718376741529056,-73.76971366,252,41.45636471295127,71.20148265287074,Red,Clear,0,-0.692085394,95,30,171.6407239,11.78339016328028,High
10-03-2024 18:50,40.84854675473457,-73.81056646,26,63.36429207,48.04368576978934,Yellow,Clear,0,-0.06451012,57,44,234.90294349220662,22.786572582703563,Low
10-03-2024 18:55,40.76803213606282,-73.87668829,185,74.73610589780576,19.56437879956526,Yellow,Snow,0,-0.190104912,21,12,227.09442738256774,8.384806474971525,Medium
10-03-2024 19:00,40.61362131765022,-73.79428972,164,55.42750708928239,38.084067129332055,Yellow,Clear,0,-0.95701714,97,45,496.51623397227786,12.317130281391844,Medium
10-03-2024 19:05,40.66316587016607,-73.76724618,166,37.467023146274016,53.492989495896296,Green,Clear,0,-0.305385529,79,44,111.96783292764579,24.949871126641884,Medium
10-03-2024 19:10,40.877808299633244,-73.95859552,14,37.81721371526736,49.687417998396015,Green,Clear,0,-0.373516915,93,11,184.64619863268655,8.995180484828042,Medium
10-03-2024 19:15,40.62783747709536,-73.85878966,266,68.46409393566648,56.94751355352641,Yellow,Clear,0,-0.638237975,42,46,54.94254480470485,25.478075454605406,High
10-03-2024 19:20,40.60398305685386,-73.94297324,194,6.817832232405312,58.57233833211963,Green,Snow,0,0.11593642033816143,82,35,393.5617681829747,16.692171625739878,High
10-03-2024 19:25,40.82399720184492,-73.81138384,229,41.872188918822545,59.799244306561256,Yellow,Snow,0,0.2070042537451371,21,39,372.1907509251515,6.981480819002107,High
10-03-2024 19:30,40.899362203448376,-73.91809996,128,10.523892721190482,96.12422271298094,Yellow,Rain,0,0.8208996887848128,6,33,232.06653156823373,13.523634851764045,High
10-03-2024 19:35,40.81202179895043,-73.74648654,31,10.83704963192573,36.13041566308538,Red,Snow,0,-0.424233697,90,49,130.71317249556122,25.438232245247235,High
10-03-2024 19:40,40.62655035695321,-73.99175584,22,42.74282975705044,38.321060342232435,Yellow,Snow,0,-0.847318795,80,21,148.7753661606988,19.188696861305992,Low
10-03-2024 19:45,40.75185017717476,-73.86771498,65,8.011185341191453,37.42897480445165,Yellow,Snow,1,0.9568738720245493,85,29,380.79740037993656,5.680328340384969,High
10-03-2024 19:50,40.74072035534013,-73.909185,89,46.297238764634336,69.00807560917795,Red,Clear,0,0.3691527493126574,5,18,93.01878890035843,14.451978450781082,Medium
10-03-2024 19:55,40.86209388889864,-73.86450563,243,56.46365977963569,16.24993299,Yellow,Rain,0,-0.586940232,72,10,251.42815858911143,10.450825825489103,High
10-03-2024 20:00,40.88382602527073,-73.98480524,97,20.282017081041893,91.98820506735026,Red,Rain,0,-0.785558958,48,32,444.4008431,10.92839507,High
10-03-2024 20:05,40.67984807446062,-73.90620945,101,58.974227881373075,45.356868276355726,Green,Clear,0,0.3612892858692658,84,7,344.8691400954624,25.231540721126287,Medium
10-03-2024 20:10,40.696759544006774,-73.86273925,51,74.32600516446335,87.63980487,Red,Fog,0,-0.839013201,17,42,431.34303028602807,9.239113452,High
10-03-2024 20:15,40.87912977967367,-73.82324121,181,23.904386190298165,37.41606443612188,Yellow,Snow,0,0.8076441752767425,38,19,201.66557408849502,8.663099366894375,Medium
10-03-2024 20:20,40.60878616419956,-73.75736931,270,24.30610249245754,25.24246170436772,Green,Fog,0,0.081697298,77,48,51.111951957073906,5.597236917563834,High
10-03-2024 20:25,40.815430786667854,-73.70440055,105,6.232147598370911,43.088482544575875,Red,Clear,0,0.7110835963100919,98,47,407.8318490263084,26.934981096335076,High
10-03-2024 20:30,40.84721831312128,-73.72153907,291,24.113598840534674,85.37655769245815,Green,Snow,0,0.8095151656073689,4,22,198.2031709934012,22.296881669560808,High
10-03-2024 20:35,40.733766647305394,-73.95228205,291,14.520826327758078,46.84328177495644,Red,Rain,0,0.8212348751074439,25,14,305.46945644308215,16.464812855385333,High
10-03-2024 20:40,40.75708557544935,-73.94070145,54,19.703401699268515,20.241185395349895,Yellow,Snow,0,-0.762056791,34,33,392.81291759244715,10.390338991357375,High
10-03-2024 20:45,40.86567327564454,-73.96084624,12,66.81473718240548,19.025470246842957,Green,Rain,0,-0.115696704,59,7,456.25068504340965,29.81008802391603,Low
10-03-2024 20:50,40.6850249,-73.74147705,110,36.30621077762556,97.82248067,Red,Snow,0,-0.313552393,34,5,184.1614378224659,10.209527531206081,High
10-03-2024 20:55,40.683179768394325,-73.77455088,87,40.108186498065635,50.03179341674788,Red,Snow,0,0.3180919684557171,40,10,277.5370802472776,10.249833542569105,Medium
10-03-2024 21:00,40.76543509411724,-73.86266856,20,29.811103217199584,41.085265908815146,Red,Snow,0,-0.698584188,83,12,289.41103249084165,22.749648647355492,Medium
10-03-2024 21:05,40.804029886301414,-73.72597164,119,68.30434436955395,30.495601033565702,Green,Rain,0,-0.502244728,40,1,391.89762535362024,8.244827928801094,Medium
10-03-2024 21:10,40.85440557099638,-73.99753579,62,67.26685055,88.20146836001375,Yellow,Clear,0,-0.480575323,24,45,168.43081030897545,19.228799571073253,High
10-03-2024 21:15,40.65277198377652,-73.87006741,281,31.082143030577154,80.10201986643237,Green,Snow,0,0.10830539900097236,97,41,409.98558999965894,16.278137457912965,High
10-03-2024 21:20,40.72630495805757,-73.89392324,241,8.714758753253053,58.478555839095634,Red,Snow,0,0.7941581801472022,86,37,100.63930772297687,19.758571891457937,High
10-03-2024 21:25,40.709840230820944,-73.7614368,276,75.67610499685661,12.728966540722904,Yellow,Snow,0,0.8644816579874055,7,48,259.3045126875071,15.87958912464222,High
10-03-2024 21:30,40.643248758816526,-73.93667856,151,52.71672350783753,55.28455369806324,Green,Rain,0,0.7748222240511062,17,45,119.56524357987087,13.976854274311256,Medium
10-03-2024 21:35,40.86752932852673,-73.74704074,267,13.088608837595036,31.31558129890901,Red,Clear,0,0.26622963807202304,20,30,400.58154985471975,28.09198094200769,High
10-03-2024 21:40,40.64759257184263,-73.77339642,265,48.155103433839486,13.068037476368644,Red,Snow,0,-0.903348723,41,26,311.00762808982824,10.99411527986976,High
10-03-2024 21:45,40.766395521244654,-73.93021433,267,20.942552901439413,29.421149295348627,Yellow,Rain,0,0.4821542307303497,79,28,431.12924665436447,17.588065945814556,High
10-03-2024 21:50,40.64834956,-73.80690302,31,5.589145428205348,96.65860150093236,Green,Fog,0,-0.134738281,50,28,257.6910478198389,29.194069351471615,High
10-03-2024 21:55,40.81085996974011,-73.86956685,295,45.54860419195452,20.853132485944194,Yellow,Snow,0,0.9572411192226518,62,17,62.69311104601321,25.49820931435537,High
10-03-2024 22:00,40.73808362081646,-73.95200734,110,50.34802268269387,13.764372687480694,Yellow,Clear,0,-0.159566186,82,11,329.89775937352283,5.0503843610414085,Medium
10-03-2024 22:05,40.770266847206635,-73.71231882,220,44.857264264180905,44.28437955,Green,Rain,1,-0.063048569,94,1,359.0317578353732,11.94933155417147,High
10-03-2024 22:10,40.85054131776523,-73.71879411,148,54.54356752342844,35.36296002869352,Yellow,Fog,0,0.15241049312094423,39,26,106.62809561100545,14.761895579568316,Medium
10-03-2024 22:15,40.62276066483897,-73.89176598,66,12.921879159339014,53.035756023509926,Yellow,Rain,0,0.31063260591603226,63,45,271.80630735791647,15.927496526182804,High
10-03-2024 22:20,40.6604672,-73.82657118,224,20.74003375954254,65.17366793295353,Green,Fog,0,0.5980080882887553,93,48,424.00307618339633,8.546026149220713,High
10-03-2024 22:25,40.664717717615794,-73.90166485,191,17.032436356793202,78.90261375596229,Green,Clear,0,-0.159635797,73,37,196.85773580415483,18.51706068885906,High
10-03-2024 22:30,40.80194954721793,-73.72468905,60,69.85696815374747,74.29190051420031,Red,Rain,0,0.8819818659896845,87,28,121.95702231431413,15.942002546964064,Medium
10-03-2024 22:35,40.64065081439454,-73.7067186,260,69.01134372002713,29.57697150480658,Yellow,Snow,0,0.9747924582075613,79,10,441.0802645835049,20.090556222055042,High
10-03-2024 22:40,40.619785530233464,-73.71488912,50,17.692928429566848,15.412722882136954,Red,Snow,0,-0.383228354,72,42,55.102101829137325,20.72005891678121,High
10-03-2024 22:45,40.62932424677882,-73.73411461,139,30.699274859455954,46.09791108273786,Red,Snow,0,-0.829214705,46,26,58.43036647609734,9.650872165247637,Medium
10-03-2024 22:50,40.81923926823603,-73.85323312,109,22.20993706951716,57.737980527321575,Red,Snow,0,-0.269981524,80,46,160.0319156,28.57618897,Medium
10-03-2024 22:55,40.62974388,-73.75748805,259,18.706936622157045,69.08922992439102,Yellow,Rain,0,0.6265510587025487,98,23,341.5034928794833,16.733732762161942,High
10-03-2024 23:00,40.83908145624599,-73.7018302,56,22.151490521752116,57.836568660072345,Yellow,Clear,0,-0.464415195,6,46,134.24724440111956,21.217348632412307,Medium
10-03-2024 23:05,40.74540892149371,-73.92594379,237,16.847978744525435,58.71051453914659,Yellow,Snow,0,0.38843975144699416,11,13,471.7337287237462,15.38208918344126,High
10-03-2024 23:10,40.78231083713263,-73.85710474,57,75.73203808,99.54324061055831,Yellow,Rain,0,-0.551630694,72,27,94.59125810556408,23.42582814,High
10-03-2024 23:15,40.72114546449378,-73.99000258,188,21.39549846,25.131236214622277,Red,Clear,0,0.9552959147944218,85,11,248.66886930821997,12.05647912243553,Medium
10-03-2024 23:20,40.65072775006977,-73.86799437,211,46.08223247215448,15.803899768109316,Green,Rain,0,-0.883012297,43,8,165.87215632847042,16.188051067200092,High
10-03-2024 23:25,40.67473736495408,-73.91024879,149,39.99525039898723,50.010288033161224,Yellow,Clear,0,-0.718845979,99,11,283.7586110194349,9.449104276299327,Medium
10-03-2024 23:30,40.800178323784735,-73.93566194,61,12.148363547925197,66.78441803034514,Yellow,Snow,1,0.4131209372764859,28,43,454.5235694608411,18.15159968961396,High
10-03-2024 23:35,40.77615161075445,-73.87587033,134,59.19016534063773,99.33223821052393,Green,Fog,0,0.8237238365177437,94,29,411.94796973262146,14.457772628893846,High
10-03-2024 23:40,40.67456322432345,-73.78541834,26,21.20101465751368,37.19452954751645,Yellow,Fog,0,0.2928897601815663,29,23,187.17074181624923,28.400483066297088,Medium
10-03-2024 23:45,40.86275035199986,-73.97796906,202,70.82195231599117,19.456501814923755,Red,Snow,0,-0.679288018,67,35,59.19921634435994,28.146324644251244,High
10-03-2024 23:50,40.710269187175925,-73.94014636,265,11.066396060699084,60.984664415368165,Red,Snow,0,0.5263285720484088,56,12,145.52843727067813,17.809892118314995,High
10-03-2024 23:55,40.88287879372968,-73.90375762,44,24.634290058386746,85.46722568,Green,Rain,0,-0.406081892,46,16,342.3781634186733,9.105192787170639,High
11-03-2024 00:00,40.669659941422715,-73.86457509,276,77.98494154,38.04596210243223,Red,Snow,0,-0.080264836,88,41,158.65043709797587,19.138181645281144,High
11-03-2024 00:05,40.673572895119506,-73.90778031,269,58.618159095683716,22.36273062620074,Yellow,Snow,0,-0.324426739,31,20,157.70388179994126,17.80766994489229,High
11-03-2024 00:10,40.822608277165074,-73.87367287,242,40.73549199683378,68.76013144222095,Red,Clear,0,0.8750562441065131,17,28,213.67147819335273,12.840944308844586,High
11-03-2024 00:15,40.809526662164046,-73.75915074,100,16.690690125695344,23.88178911597015,Yellow,Clear,0,0.9110273565808726,35,13,99.36742697181688,22.49298164782539,High
11-03-2024 00:20,40.803020330406504,-73.76621497,254,22.259404355465545,85.40131311466466,Yellow,Fog,1,-0.284103875,35,49,246.23086456027949,11.491953162873742,High
11-03-2024 00:25,40.63784938515947,-73.71894422,131,57.85091842,57.48246071846989,Green,Clear,0,0.7637039269259078,64,26,50.457654527849314,8.981246927,Medium
11-03-2024 00:30,40.67587217360473,-73.90464169,167,17.882769815098037,33.304762313563835,Green,Rain,0,0.5660160817696687,64,2,396.9337062069113,6.592792840123023,High
11-03-2024 00:35,40.61915979594537,-73.86689956,131,52.86953873181862,42.70112500773758,Yellow,Snow,0,-0.2120432,81,48,57.95541849639449,21.822784095172022,Medium
11-03-2024 00:40,40.66798368,-73.70447922,77,35.42745207045837,47.35138337537696,Yellow,Clear,0,0.40918411736569893,67,33,287.4183120723739,26.89796263815737,Medium
11-03-2024 00:45,40.68019095218731,-73.87415923,89,67.22746301885462,69.27471744108283,Yellow,Rain,0,0.8885904734445365,34,40,499.2442117328382,8.285613017920106,Medium
11-03-2024 00:50,40.81072396956841,-73.91102941,135,71.17066911035803,40.128969974610406,Red,Rain,0,0.14025705648475162,81,40,144.91470280956958,15.796223913705184,Medium
11-03-2024 00:55,40.88560508059868,-73.79873486,51,64.52752711561385,43.31473724028361,Yellow,Rain,0,-0.107982288,41,15,194.2255025571406,24.240795751120302,Low
11-03-2024 01:00,40.72825927037641,-73.77566023,177,70.36002751643612,59.63061816370562,Red,Clear,0,-0.289186513,89,16,102.25372169221268,24.032448426689292,Medium
11-03-2024 01:05,40.88555861562227,-73.85551091,291,30.71254080511083,94.47580156131268,Red,Snow,0,0.2708380613380903,23,8,225.26269106204018,11.82882260313254,High
11-03-2024 01:10,40.76144578,-73.76162437,247,68.02929524802391,69.10576314566109,Red,Snow,0,-0.796574047,85,33,356.65773044627326,14.29201544874909,High
11-03-2024 01:15,40.76316155578562,-73.73164687,82,41.07339972651744,42.45805968603956,Yellow,Fog,0,-0.743575798,15,44,239.4440451693671,12.839028109824916,Low
11-03-2024 01:20,40.722905300485024,-73.81564911,245,9.839098544711334,83.17706400973525,Green,Rain,0,-0.006496464,31,39,186.89320578322005,9.513671790574676,High
11-03-2024 01:25,40.84299218144118,-73.73477767,204,40.342519941965975,93.53309450842507,Yellow,Rain,0,-0.82127456,47,8,106.97013512155141,20.663676065752718,High
11-03-2024 01:30,40.773957505197515,-73.97307859,260,57.23736339007058,37.17787910704325,Yellow,Rain,1,-0.245969987,58,12,336.62199097400554,9.325817691125074,High
11-03-2024 01:35,40.70055344971973,-73.9926606,99,57.62522939601875,82.20664767538847,Yellow,Fog,0,-0.190034813,98,24,496.8608030123991,22.78987114444144,High
11-03-2024 01:40,40.60498907042695,-73.86998505,114,70.81522464197002,99.8289603,Yellow,Snow,0,-0.07012249,63,13,100.84552607001126,28.81596363403598,High
11-03-2024 01:45,40.64192334930297,-73.75664063,292,42.61142841077446,85.16135768113986,Yellow,Rain,0,-0.200413925,16,6,88.69719908452473,6.673403268590229,High
11-03-2024 01:50,40.82167210078648,-73.72162986,182,39.17559843676797,59.33598922496444,Red,Rain,0,0.8250516577130689,85,13,360.33817077371646,7.789595601793332,Medium
11-03-2024 01:55,40.665386782798116,-73.90378775,214,18.7479103,87.16012815900997,Yellow,Snow,0,0.060620112,24,46,69.94645114349788,29.943581277522643,High
11-03-2024 02:00,40.78525576523228,-73.87237406,161,72.58262661036801,55.24782333412762,Green,Clear,1,0.7622748579448548,51,21,152.49738165676212,26.820658,High
11-03-2024 02:05,40.81748938107511,-73.78736941,147,53.40840556819231,62.00180078801587,Red,Rain,0,0.13502657391185857,99,8,188.10456558034883,24.615809896051918,Medium
11-03-2024 02:10,40.620564014510215,-73.72124694,265,15.037034909588327,39.37010962849002,Green,Fog,0,-0.309770375,22,1,266.3991648096659,12.554764173068644,High
11-03-2024 02:15,40.85072872058383,-73.71140991,239,64.94907162,42.22083376497268,Red,Fog,0,-0.675442153,70,10,211.34905701901909,17.581733715026324,High
11-03-2024 02:20,40.882465033501795,-73.96424394,83,18.43990079911277,33.390153904987685,Red,Fog,0,0.3039238466984939,56,8,188.7759040160941,25.146576215456296,High
11-03-2024 02:25,40.80760031671677,-73.7260894,181,48.44931652135337,76.75161288934638,Yellow,Fog,1,-0.058094287,3,0,315.6951986784794,18.183560274397692,High
11-03-2024 02:30,40.82702549118976,-73.75207008,144,54.38606088138409,86.33695416114261,Green,Rain,0,-0.131537085,69,9,275.3175751762616,10.774491982719692,High
11-03-2024 02:35,40.68849911930266,-73.78803419,89,18.77675212551599,36.73360278123739,Yellow,Rain,0,0.7770426237586945,51,24,209.70703829118642,7.054910585500963,High
11-03-2024 02:40,40.650250720166625,-73.75353875,183,11.747339602444752,50.320244789802864,Red,Snow,0,-0.364095657,58,7,351.0926085205076,14.266627374424715,High
11-03-2024 02:45,40.86841625,-73.90325806,62,55.11571317650296,14.999070278241252,Yellow,Snow,0,-0.020491611,97,28,476.86129263923675,16.58230214529936,Low
11-03-2024 02:50,40.66182190843716,-73.9694115,194,36.55047422099812,20.876610851556578,Red,Fog,0,-0.700038539,26,39,285.79391698645736,26.51321949547857,Medium
11-03-2024 02:55,40.665027207714886,-73.99286314,134,38.238792107659854,42.35046987897609,Green,Snow,0,-0.359879818,58,5,170.34798883716235,21.961308611695948,Medium
11-03-2024 03:00,40.87441747,-73.77105098,137,36.44571765381652,71.72416951518983,Green,Rain,1,-0.35054722,50,21,213.88239393302962,21.82213018332331,High
11-03-2024 03:05,40.61700228990631,-73.73581301,186,56.244240265110385,86.54421990800283,Yellow,Fog,0,0.044184624,92,1,374.7522915338942,10.537613560877542,High
11-03-2024 03:10,40.887400794630885,-73.87763337,249,63.122733844752595,63.76993003598145,Red,Snow,0,0.48225771792265126,55,22,140.30840596011154,23.94650488,High
11-03-2024 03:15,40.69412489872959,-73.9129917,71,27.14724535235041,10.59092297995817,Yellow,Fog,0,0.5698735766228653,57,11,370.2521185191911,7.701081255982585,Medium
11-03-2024 03:20,40.73234225397281,-73.76948091,159,19.366790321292306,58.69004435633798,Red,Fog,0,-0.442536665,7,5,192.9829127657288,17.260676248275942,High
11-03-2024 03:25,40.88058455593947,-73.96941694,48,19.50581071907469,14.112456597845892,Green,Rain,0,0.7111281783560255,9,45,469.85239349900826,10.222266204555083,High
11-03-2024 03:30,40.744419158340015,-73.83918789,110,69.70229493942097,78.94874329252225,Red,Snow,1,0.9828884133764881,36,16,485.1632480404517,24.371544918837113,High
11-03-2024 03:35,40.70192959648453,-73.85990454,215,47.89590644555232,14.559447566268178,Green,Fog,0,0.4724193421502132,77,8,105.8105745863059,18.01461927317486,High
11-03-2024 03:40,40.82871070021186,-73.85016853,164,79.11496226,20.364140636550005,Red,Snow,0,-0.185645261,8,9,145.4701542161191,16.440442648272093,Medium
11-03-2024 03:45,40.77213517371106,-73.92627151,165,46.9643369,64.91760490700437,Green,Snow,0,-0.845531326,51,11,260.80538575455967,5.583190381205342,Medium
11-03-2024 03:50,40.725983120234545,-73.79845059,159,18.044157975356583,91.87105384680156,Green,Clear,0,-0.591947138,44,16,189.62257000276816,15.226786934681842,High
11-03-2024 03:55,40.82047891,-73.73429853,53,23.754547593484492,26.261871849955874,Red,Clear,0,-0.958353636,90,0,228.48545017979836,7.901419134902272,Medium
11-03-2024 04:00,40.86657202829519,-73.75902365,273,62.87024795841347,91.69421775,Yellow,Clear,0,-0.621007753,46,12,240.7726226559984,5.5615282106983255,High
11-03-2024 04:05,40.78699039770329,-73.96919544,75,39.375460634135614,72.17973924832054,Red,Rain,0,-0.324902313,94,37,110.26980565764305,13.765768788559022,Medium
11-03-2024 04:10,40.64538531027194,-73.83583037,10,50.92426923206295,38.69350523984114,Red,Rain,1,0.9379647021179454,97,38,326.7542678027526,9.464757291336444,High
11-03-2024 04:15,40.755349590162204,-73.99604796,277,69.70374939524044,53.788133726675255,Yellow,Clear,0,0.4487690962844444,3,0,408.6480084777853,12.921465623347496,High
11-03-2024 04:20,40.850371178136946,-73.90097066,270,51.37332535897609,32.20904934,Green,Clear,0,-0.585372217,64,40,153.56008330403435,27.776411354754476,High
11-03-2024 04:25,40.73949820373017,-73.76002882,166,32.20295947909655,95.20787544027037,Red,Fog,0,0.605536988,59,28,250.1230206243022,16.800459536170987,High
11-03-2024 04:30,40.70600330169998,-73.73341248,227,54.61434846026593,52.21125652233353,Red,Rain,0,0.3149851265862851,51,33,314.72249952134916,15.709489771018358,High
11-03-2024 04:35,40.86644276981541,-73.89742222,26,75.70447423128277,72.28431805623218,Green,Rain,0,-0.831355268,63,35,465.36947109479513,5.653867693903754,Medium
11-03-2024 04:40,40.869323821601256,-73.78101888,243,13.598530566603024,12.21487813180024,Yellow,Rain,1,-0.6692359,83,27,368.9933843494841,19.46587881278188,High
11-03-2024 04:45,40.7163047,-73.98251663,213,42.06406612763289,72.66254260475793,Yellow,Clear,0,0.8665345848579464,52,19,153.01378195954283,27.139131227967525,High
11-03-2024 04:50,40.69715919930169,-73.97171198,53,59.67067232321733,64.59175656272487,Yellow,Snow,0,0.6217808392672037,26,15,86.90043694030322,22.990250333756602,Medium
11-03-2024 04:55,40.89105143463024,-73.89535937,168,7.666544535798074,73.46144855891656,Yellow,Clear,0,0.2788335874333785,61,7,232.7353565468849,13.21008775903004,High
11-03-2024 05:00,40.79279057692949,-73.93538179,174,64.69663578660013,71.93472675444823,Yellow,Snow,0,-0.773750498,54,35,215.61806405154599,29.63704748589676,Medium
11-03-2024 05:05,40.673843877930395,-73.76472763,261,77.14346149672407,44.637904325382294,Green,Fog,0,0.8727250704655956,46,28,443.82459148953654,10.017684117604729,High
11-03-2024 05:10,40.65073989264248,-73.74169464,73,36.207153905276655,26.64978455420143,Green,Rain,1,0.18055274237194263,95,32,360.7422802572564,25.100712101983316,High
11-03-2024 05:15,40.73728800602271,-73.89951372,108,6.605156973373214,93.44653765484357,Green,Fog,0,-0.715671557,85,10,315.5795327220164,19.95293577457401,High
11-03-2024 05:20,40.656148844963276,-73.89857144,26,37.18598850180745,12.803362251641452,Red,Clear,1,0.20064954577553085,32,15,313.33100070449166,8.577223419,High
11-03-2024 05:25,40.866733281846344,-73.70337022,151,11.400279568256797,82.26786984873435,Green,Rain,0,0.5256403553203917,33,26,376.2399174710148,21.08612124630596,High
11-03-2024 05:30,40.66297651174862,-73.83716484,298,78.28517616324464,24.643903722977967,Yellow,Snow,0,-0.936558204,4,38,102.90778944172108,22.567883381120385,High
11-03-2024 05:35,40.65445120433618,-73.70046051,169,72.34973028296977,78.2107753,Yellow,Clear,0,-0.340079244,94,37,84.06307195518134,14.741381272386112,Medium
11-03-2024 05:40,40.86905209,-73.83759166,183,62.44418518646758,64.48623492,Yellow,Clear,0,-0.033272253,7,3,300.8006629779702,8.531364991127159,Medium
11-03-2024 05:45,40.73800686873499,-73.85088559,55,42.38465479126735,15.830766230820387,Red,Rain,0,0.097386044,13,11,120.22890788495981,29.391644735943586,Low
11-03-2024 05:50,40.64160213852428,-73.99590528,46,76.95166204,83.56164649187515,Red,Fog,1,0.37457907813178304,89,4,310.8992943042339,27.320228041017863,High
11-03-2024 05:55,40.87201702273172,-73.90911222,68,42.48674755838596,42.50593702544908,Yellow,Snow,0,0.8896794601598805,3,4,314.97875045466435,14.913851491145664,Low
11-03-2024 06:00,40.67789271852749,-73.81059105,131,24.565715245150773,22.645771257970175,Green,Clear,0,-0.4243202,76,46,129.91500586873227,19.536749900884914,Medium
11-03-2024 06:05,40.61341529985065,-73.94663458,291,29.96900754671686,18.48565230043608,Red,Rain,0,0.3456239858089376,13,7,312.2887721644061,12.567632836003712,High
11-03-2024 06:10,40.65714376210909,-73.85158386,74,74.53198489580753,79.77649555,Green,Fog,0,0.389039329,91,2,132.7328089,20.598238610219234,Medium
11-03-2024 06:15,40.89415329828388,-73.84319232,217,52.46295154203389,49.40779471657453,Yellow,Rain,0,0.48691065041166737,37,19,228.42875487392763,26.635066395731744,High
11-03-2024 06:20,40.69602528088542,-73.99867349,52,41.98255635612071,18.946534739566502,Yellow,Rain,0,-0.411082505,81,37,258.4520512123356,29.77092557,Low
11-03-2024 06:25,40.62089334,-73.95681306,98,45.50650831265422,56.31461794794347,Red,Fog,0,-0.281707324,65,32,193.00431781606176,13.684838718514262,Medium
11-03-2024 06:30,40.70404123907895,-73.74277389,124,62.27906844028708,36.765431964870146,Green,Fog,0,-0.38548327,22,17,341.25386295100435,12.509929133245564,Medium
11-03-2024 06:35,40.88588300904749,-73.79655334,274,19.865529967115897,24.815778458431588,Green,Fog,0,-0.923364304,83,4,335.0173565391432,12.283704123643652,High
11-03-2024 06:40,40.85049235335638,-73.73020657,59,60.66588300361124,95.07155089034204,Green,Snow,0,-0.948938324,57,31,486.1690333902356,12.743903461772845,High
11-03-2024 06:45,40.797929471302304,-73.75152313,293,61.80315411119431,53.95670559415484,Yellow,Clear,0,-0.791099384,72,25,58.975636147931574,8.270208962137913,High
11-03-2024 06:50,40.83520221953413,-73.97908599,219,34.70586431523118,56.829006078496775,Green,Snow,0,0.7095380594449361,99,28,360.7902080613242,8.247456566365539,High
11-03-2024 06:55,40.84128861427332,-73.76919781,118,28.412919999126895,11.929110052887081,Yellow,Fog,0,-0.144708617,22,44,224.81742785745226,22.83014585566005,Medium
11-03-2024 07:00,40.79897404754311,-73.92844311,144,61.397165390888354,72.22340904427419,Red,Snow,0,0.7967917078566633,82,2,110.24880213909381,18.836998234557523,Medium
11-03-2024 07:05,40.62171307,-73.77562056,232,44.55252881868318,91.97003499799577,Green,Clear,0,0.7711337697384677,46,42,213.26384444915274,28.681483051683312,High
11-03-2024 07:10,40.67515848974681,-73.91287004,179,26.67071158310537,83.10289149031091,Green,Fog,0,0.44895084758337256,59,6,473.7802961,19.16036104888414,High
11-03-2024 07:15,40.69952403790625,-73.75371819,180,24.530790868027356,86.57069940779516,Green,Rain,0,-0.415393126,61,19,154.88081528010247,11.184137689116065,High
11-03-2024 07:20,40.82751311630632,-73.90914284,169,26.872762166269517,74.18506651446774,Yellow,Fog,0,0.9797647554645315,72,13,263.0116149,8.147870799055038,Medium
11-03-2024 07:25,40.67126797046576,-73.82606048,179,20.860773007248397,74.65345432394314,Green,Fog,0,-0.64511708,57,1,480.6759826449103,17.47691720999201,Medium
11-03-2024 07:30,40.63201615108426,-73.79211787,166,15.51551028190353,18.157266823464226,Yellow,Fog,0,-0.708600465,67,43,129.49126142766164,21.46523981067858,High
11-03-2024 07:35,40.702584850882765,-73.8420501,83,76.36909313977975,28.084490399746766,Yellow,Rain,0,0.25621906186990673,27,40,264.6744830697942,11.614254162461954,Low
11-03-2024 07:40,40.662254359892614,-73.76864873,112,71.07769146961293,12.508591131893517,Yellow,Rain,0,0.588082406,64,23,325.51588905305806,15.10072485739079,Medium
11-03-2024 07:45,40.82977616327722,-73.87626553,20,36.07185147274671,95.60053998900995,Red,Rain,0,0.13609075243507607,37,45,359.3962218327603,22.53090011999381,High
11-03-2024 07:50,40.618895755458595,-73.8495488,270,10.688372211662735,16.321538943071843,Red,Fog,0,0.20369501834564696,73,29,185.01274741487083,26.91132816947475,High
11-03-2024 07:55,40.639679449258416,-73.74106003,272,68.72056989213684,63.495941523777496,Red,Fog,0,0.7176655529088058,87,36,223.15943552002264,8.831408136653833,High
11-03-2024 08:00,40.88925376977316,-73.93284225,46,23.345749284604175,36.768935633228686,Yellow,Clear,0,0.1445219064575436,59,39,172.88992363175595,6.348119875828918,Medium
11-03-2024 08:05,40.60699403201982,-73.82230383,293,78.52578032773324,84.85544286858432,Red,Clear,0,-0.582839158,56,47,230.14902200742958,11.011024091312986,High
11-03-2024 08:10,40.75489547598142,-73.94581941,207,72.64296050137108,26.88989538760734,Green,Clear,0,-0.643787163,99,3,89.73784261225995,10.003125996529448,High
11-03-2024 08:15,40.800453851945356,-73.89634948,114,76.35720374745806,61.50490595374002,Yellow,Rain,0,-0.338955637,8,45,443.5090983972978,28.71124530534011,Medium
11-03-2024 08:20,40.87749848229911,-73.99892837,57,17.427631181428282,78.36364424361486,Green,Fog,0,-0.491295146,74,48,493.004581,11.697261535301113,High
11-03-2024 08:25,40.63223519,-73.94794346,20,35.06282058490085,70.85616913,Red,Clear,0,0.38949433321059956,13,27,223.92687615163393,15.44832983978892,Medium
11-03-2024 08:30,40.76603997198594,-73.9786335,18,39.86304269075679,86.92012406220853,Green,Snow,0,-0.190670911,35,2,66.69498427601845,16.69694736339619,High
11-03-2024 08:35,40.85967483378201,-73.84001485,203,13.291058478423654,14.050370383276062,Yellow,Rain,0,0.8935871906671555,94,10,58.12489763713009,6.959131675,High
11-03-2024 08:40,40.63278715703976,-73.78108102,76,54.27403127572681,10.988482431713216,Yellow,Snow,1,-0.656999644,3,21,390.66909975008645,28.826582880778282,High
11-03-2024 08:45,40.77576165047819,-73.90528726,144,58.60626394546746,19.741723836440634,Yellow,Fog,0,0.056067936891147196,62,46,128.16740638941522,12.97266047422994,Medium
11-03-2024 08:50,40.864336116045514,-73.78891578,76,76.62753894023624,53.75302597444535,Yellow,Fog,0,0.7931817248950317,97,33,373.9566314764619,26.590082207050585,Medium
11-03-2024 08:55,40.64272767431308,-73.73036404,225,10.32059707350536,97.65306171118142,Red,Snow,0,-0.830123324,84,41,118.35492075447283,15.162135388999491,High
11-03-2024 09:00,40.852966094873196,-73.83973564,257,18.799646904666066,39.49525867053481,Green,Fog,0,0.20472288696944863,86,9,228.00956848190296,28.30474439893415,High
11-03-2024 09:05,40.80703264,-73.90368991,225,36.111378446593925,33.108592987103066,Green,Snow,0,-0.713582135,8,16,318.7425946,19.58263190069461,High
11-03-2024 09:10,40.66836748340835,-73.78837134,203,40.65276084770198,65.65013234743503,Yellow,Snow,0,-0.969292228,75,17,356.2954097678886,23.63560128826868,High
11-03-2024 09:15,40.714828989366794,-73.74120716,148,19.57965224256739,74.44097960412984,Red,Fog,0,0.5300938415341265,80,5,316.15031399623905,11.834391360569821,High
11-03-2024 09:20,40.851969205229686,-73.73558452,125,8.074649219,16.472089720123954,Green,Snow,0,0.063771416,47,6,451.9730143004225,12.98018518488735,High
11-03-2024 09:25,40.893257514554975,-73.77774648,80,42.63091518633548,35.07097591465983,Green,Snow,0,0.5986690855219821,69,0,138.8578767,25.421077807613784,Low
11-03-2024 09:30,40.79016937479228,-73.95646656,247,20.38449436501778,71.52166836535116,Green,Clear,0,-0.41517811,12,16,99.69483403222725,15.567846713213072,High
11-03-2024 09:35,40.771399867670844,-73.73710349,289,36.59608225,90.88722184145134,Yellow,Snow,0,-0.359631506,68,1,348.2910988610589,25.359189539389156,High
11-03-2024 09:40,40.75189949592061,-73.73459428,181,27.726515686171318,74.65935493882446,Green,Clear,0,-0.429313316,34,48,144.34713764713217,22.68070484161126,Medium
11-03-2024 09:45,40.86010493972961,-73.71879348,206,13.187448396207808,73.53406506812564,Green,Snow,0,-0.57015107,91,44,369.3706818,13.608360078731437,High
11-03-2024 09:50,40.68773489402987,-73.87144267,240,76.64513677105158,24.254036982004692,Green,Clear,0,0.5983653904527197,98,9,108.59557123492624,6.1314965578361615,High
11-03-2024 09:55,40.627600254674476,-73.7471039,183,74.6662698,72.97199175871577,Yellow,Rain,0,0.040144253,54,9,175.27058326159664,24.281692531568513,Medium
11-03-2024 10:00,40.60805340550518,-73.97003006,151,42.10888957749515,51.64516061156054,Yellow,Fog,0,-0.575833497,8,17,375.7019367305568,8.527791372402405,Medium
11-03-2024 10:05,40.66491832796683,-73.87858094,223,47.00278303369759,89.67832589427061,Yellow,Snow,0,0.065561973,59,24,389.8286816,5.654034836404232,High
11-03-2024 10:10,40.77587265663608,-73.72769167,203,45.89755534894608,42.33201959727589,Red,Fog,0,-0.560724862,49,1,63.935035707876224,26.90126551408332,High
11-03-2024 10:15,40.64070296828443,-73.72900022,59,47.719393492038016,99.67484765389271,Yellow,Fog,0,-0.072386053,8,18,327.8575615506803,14.015628543515536,High
11-03-2024 10:20,40.860080165013635,-73.98955963,103,64.27756952165092,92.91849573902631,Yellow,Fog,0,-0.847821679,72,1,470.4016846159045,7.789639892398807,High
11-03-2024 10:25,40.64159922,-73.73105874,57,61.56801783888288,51.316334649363554,Red,Rain,0,-0.055633029,91,18,373.4978176347399,27.95644203492148,Medium
11-03-2024 10:30,40.67057686085254,-73.78755894,158,72.40825982134635,60.35362720213199,Yellow,Rain,0,-0.827353825,77,5,147.68066655514392,16.935135867161165,Medium
11-03-2024 10:35,40.80707531862312,-73.77088828,156,18.14013125,78.28317258368178,Yellow,Clear,0,-0.994803449,25,8,261.84338100560035,26.718097122668002,High
11-03-2024 10:40,40.63663153557962,-73.80352728,251,17.484962139183416,42.72277399631679,Red,Fog,1,0.9666473086195675,87,33,192.1777150597669,8.356505963817465,High
11-03-2024 10:45,40.81931138488154,-73.78288021,199,13.16281247739988,53.69037104840127,Red,Rain,0,0.6122144737511588,4,48,418.0310369792066,21.44982091005847,High
11-03-2024 10:50,40.73013029165168,-73.81244886,97,23.566601608798354,15.559587634004414,Red,Rain,0,-0.13922107,36,25,114.01321442517006,23.515960896738225,Medium
11-03-2024 10:55,40.88447137625396,-73.77870354,148,45.666344647825206,92.97883871988576,Yellow,Clear,0,0.6745961749607066,21,32,211.32646869917346,6.186068309371166,High
11-03-2024 11:00,40.84552154735452,-73.80223608,187,42.18943796,60.596861426260176,Green,Snow,0,-0.839963588,44,16,495.5951841680746,15.94589617534541,Medium
11-03-2024 11:05,40.75381622348929,-73.70370031,153,40.81273003928381,64.66765314779295,Red,Clear,0,-0.336316391,48,32,447.9185357825543,16.78645277,Medium
11-03-2024 11:10,40.83070219270682,-73.83903186,88,45.359141690912104,52.72587578587288,Yellow,Snow,0,0.27463706405395216,21,42,68.25868963941623,22.98342144387622,Medium
11-03-2024 11:15,40.700300348110865,-73.94217633,46,13.863688837776703,73.10548483,Yellow,Clear,0,0.7017538068098972,83,15,202.0670066739057,9.740680488273778,High
11-03-2024 11:20,40.759422483191734,-73.78304814,11,60.60548156,76.74982902873758,Red,Snow,0,0.094711067,57,22,214.3569590141962,18.411069031630838,Medium
11-03-2024 11:25,40.86953243306727,-73.87326949,148,34.26962952606003,44.112000007137766,Yellow,Fog,0,-0.903290343,13,26,372.9731773,24.43303744850268,Medium
11-03-2024 11:30,40.64992615728256,-73.833981,174,37.52313373,90.25513206766706,Yellow,Rain,0,-0.408518939,57,40,207.27450366843527,28.82351976973625,High
11-03-2024 11:35,40.64601965715065,-73.9909349,65,72.39378360801813,90.93855644725431,Yellow,Fog,0,0.2658403100300726,90,33,446.45549324932557,19.53229641377291,High
11-03-2024 11:40,40.84436687558616,-73.88065936,274,29.974794327126283,25.391686865405603,Yellow,Rain,0,0.7340161924724276,40,9,435.0891639685143,27.77199513080143,High
11-03-2024 11:45,40.87800241,-73.71798777,12,6.800507392516312,58.47709902373773,Green,Clear,0,0.3208795494882202,29,13,271.31008849713237,25.625529701785798,High
11-03-2024 11:50,40.87312468875817,-73.87481915,202,65.34123997663616,15.537609443717745,Green,Rain,0,0.5730930235705225,3,36,97.29333611962625,29.713915799987628,High
11-03-2024 11:55,40.69496222777718,-73.97628542,216,65.93373671139732,91.85690039,Red,Fog,0,0.49427856505134327,88,18,400.53961128510855,9.838494072,High
11-03-2024 12:00,40.87748284382548,-73.98263955,156,62.054608381141655,45.89457783588639,Red,Rain,0,0.47140989721875504,88,6,95.63763335324822,29.084848840227476,Medium
11-03-2024 12:05,40.63317754414343,-73.93987691,81,5.017799339472591,44.69235941,Yellow,Fog,0,0.051371230754229114,8,27,315.11785861373716,6.847795826426066,High
11-03-2024 12:10,40.71159589061767,-73.99898078,26,66.53667872859697,54.22455482839721,Green,Clear,0,0.149850315,95,49,292.2376411529492,18.848495052997386,Medium
11-03-2024 12:15,40.76556052636416,-73.99118769,256,47.50644749674106,33.41305543069943,Green,Clear,0,0.773897479,7,9,315.96543588860976,11.629098208225242,High
11-03-2024 12:20,40.823324571012215,-73.84591177,31,13.10892616337785,78.58636665303509,Red,Snow,0,-0.367745759,86,36,485.2936034294585,9.527979797,High
11-03-2024 12:25,40.67880352173885,-73.79843458,59,14.396814459723219,79.15313352877372,Yellow,Rain,0,-0.347966449,72,3,195.39677618256974,8.849794782373674,High
11-03-2024 12:30,40.81512994741016,-73.95392881,267,12.088499103571568,65.94821217383225,Green,Clear,0,-0.272043026,99,31,314.91315883316935,20.607491366451395,High
11-03-2024 12:35,40.78924059138437,-73.87470163,142,50.376582265611376,19.71408794180362,Green,Snow,1,-0.751169944,17,19,290.8087230012673,14.566482530770127,High
11-03-2024 12:40,40.653838766918355,-73.9265864,256,15.104798255838293,93.20188759609711,Green,Rain,0,0.049412754,35,33,364.58440572887463,14.75512993257098,High
11-03-2024 12:45,40.813684528774104,-73.98654573,106,50.635426546365665,31.464629236268237,Red,Snow,0,-0.880098797,72,8,318.78814509579894,18.60349483675636,Medium
11-03-2024 12:50,40.783368074111856,-73.95514446,174,55.27371445070021,93.93807110816178,Green,Snow,0,-0.997845318,4,41,262.6958418268227,28.83168586777482,High
11-03-2024 12:55,40.676717015560634,-73.98827225,128,31.436197247051986,94.04331667813167,Green,Rain,0,-0.412658136,39,6,273.14746774817576,25.24165319,High
11-03-2024 13:00,40.604719326400705,-73.81733537,223,57.11713614873216,30.667689246548086,Yellow,Snow,0,-0.754848061,10,24,145.8870527107154,17.296635504313635,High
11-03-2024 13:05,40.72939731976957,-73.70024644,48,76.86211257957405,94.30109272064247,Green,Rain,0,0.16532758821080962,12,43,396.8777646812757,10.553938049651432,High
11-03-2024 13:10,40.672390486932365,-73.95797759,105,18.327907085692935,43.48201892528284,Yellow,Fog,0,0.076156802,24,42,271.612444,7.2756935913361644,High
11-03-2024 13:15,40.81007481486851,-73.93011707,169,25.724758954074588,40.52324688883998,Red,Fog,0,-0.243505911,30,25,474.83309058900335,24.125149582159146,Medium
11-03-2024 13:20,40.80704166361056,-73.94361152,64,69.85071301234795,78.01795046851718,Yellow,Snow,0,0.4689486174058861,75,33,202.59106696432653,23.91764585190559,Medium
11-03-2024 13:25,40.73211591033503,-73.92585383,210,54.55814724462488,81.08212018,Yellow,Snow,0,-0.453861886,41,5,97.13703491746128,13.710010930571825,High
11-03-2024 13:30,40.61911606866872,-73.72340965,193,27.370214702103013,48.813978738295724,Red,Rain,1,0.8576864152711703,51,5,340.96547650329694,28.632880971208408,High
11-03-2024 13:35,40.77126098597891,-73.78483982,76,51.06583914606027,51.19853535899733,Red,Fog,0,0.8829878938734292,83,42,302.6271446201698,14.526399862815616,Medium
11-03-2024 13:40,40.69735615015924,-73.73515231,159,69.59725975769123,87.91653686,Red,Rain,0,-0.875723247,17,14,98.27152137464634,13.310935016842755,High
11-03-2024 13:45,40.698697934187344,-73.85338261,139,53.32819989565952,23.461110857904853,Green,Clear,0,-0.63815614,11,43,50.95488672,15.426137758881824,Medium
11-03-2024 13:50,40.602531103362544,-73.97376883,22,57.966741992397814,48.73909982480968,Red,Snow,0,-0.339163664,1,34,325.5984682100751,7.556914804803931,Low
11-03-2024 13:55,40.78640227050985,-73.71202013,181,51.89393305736815,77.925587,Yellow,Clear,0,0.23633430903525188,76,48,391.63176286163934,28.371262833059745,Medium
11-03-2024 14:00,40.60079411747269,-73.75107397,275,77.26842002,11.49502454096727,Green,Clear,1,0.6263979075724571,65,31,357.08726196454074,8.223859697668715,High
11-03-2024 14:05,40.70304792994042,-73.84621747,227,52.246122593452974,53.30224778593887,Yellow,Rain,0,-0.494631839,93,17,240.85221099982152,19.205097130861873,High
11-03-2024 14:10,40.85901109641111,-73.70372348,225,16.330155504683532,35.12817603646522,Green,Snow,0,-0.362851891,56,28,475.34377579496277,17.132439199964324,High
11-03-2024 14:15,40.65684193,-73.77819843,190,75.06974891,51.95576231426745,Green,Fog,0,0.48631202873733725,96,6,462.8977963672292,26.114503188865967,Medium
11-03-2024 14:20,40.79943284324055,-73.99157689,124,9.048472313628674,76.84591133,Green,Snow,0,0.8986347205777765,30,23,360.3730185,22.73788242911603,High
11-03-2024 14:25,40.71153735939009,-73.85082348,192,19.517722040345433,29.193838909576122,Green,Rain,0,0.4472183502399807,56,17,360.91044094547937,26.68813499233213,High
11-03-2024 14:30,40.63883430769645,-73.81094799,172,12.067589188782904,94.66673125256013,Red,Fog,0,0.28143916783099177,51,32,60.14298630799747,25.360540802397992,High
11-03-2024 14:35,40.73660522531496,-73.78501261,32,7.102925045,46.07249898896751,Yellow,Clear,0,-0.274086407,2,14,59.41115810179651,22.89791219889085,High
11-03-2024 14:40,40.612468082650906,-73.86510261,255,23.647564264201087,41.400220915850355,Red,Fog,0,0.3859907743956281,47,3,334.46606512188185,7.934205587618591,High
11-03-2024 14:45,40.759143660223934,-73.76124826,73,35.77844844000208,34.149983364108934,Green,Rain,0,0.7000933008031502,78,7,326.8988756,6.959872973241891,Medium
11-03-2024 14:50,40.82840174997897,-73.97723418,290,71.72979678118062,93.78807685252235,Green,Snow,0,0.27893636753652284,46,6,468.8083725,5.316364067533881,High
11-03-2024 14:55,40.72644065,-73.92477409,64,30.372556549292984,52.25423666073926,Green,Rain,0,-0.650829144,38,7,130.3366160708776,22.024003232887814,Medium
11-03-2024 15:00,40.84325386466249,-73.85496759,227,9.829207785948666,66.58037785452538,Green,Fog,0,0.2152179148647666,80,18,302.5105807152156,14.365700658580678,High
11-03-2024 15:05,40.87811348613247,-73.90767858,108,16.90965017,60.01276854828919,Green,Fog,0,-0.753515829,85,44,462.33624222282526,7.6322739489144205,High
11-03-2024 15:10,40.898014720653144,-73.77068934,147,48.04438286072469,88.88573211985432,Yellow,Rain,0,-0.324442144,73,7,379.3973124295464,6.659549367588706,High
11-03-2024 15:15,40.86351193,-73.99407212,240,73.88975142522416,45.791083379836635,Green,Fog,0,0.7075025050331272,85,25,413.23816648795065,19.004477934289568,High
11-03-2024 15:20,40.62475177227323,-73.86823862,163,48.96496635086754,78.92138085654615,Yellow,Rain,0,0.2891290049487998,63,30,104.41081658140604,20.548531348184483,Medium
11-03-2024 15:25,40.864793504526325,-73.80100196,106,79.47032654599938,92.78877662,Red,Clear,1,0.27579641426630763,45,6,439.0074140981712,11.097109543167475,High
11-03-2024 15:30,40.608016171523175,-73.79448095,153,56.50399572481409,83.05793357,Yellow,Clear,0,0.092805181,20,29,451.26976694527315,23.77825428638401,High
11-03-2024 15:35,40.60962569461092,-73.96643145,188,21.50569087144569,65.8625788,Red,Fog,0,-0.491912526,51,3,477.5712336496807,23.47343564172391,Medium
11-03-2024 15:40,40.89033216584371,-73.78873026,31,23.531346403163084,52.20646507,Yellow,Fog,1,-0.816854026,32,6,399.6993404426835,29.716286135796846,High
11-03-2024 15:45,40.80774848017981,-73.75984214,215,41.04712015662409,91.86830005343951,Yellow,Snow,0,-0.94492595,12,6,218.1194392447164,16.973555480455115,High
11-03-2024 15:50,40.80176731470245,-73.84532084,234,52.30002884834986,13.808620894820955,Red,Snow,1,-0.874504813,97,38,297.1594941755401,27.33534475975047,High
11-03-2024 15:55,40.64866097650142,-73.72668524,199,44.88799719168806,17.45173404351567,Red,Fog,0,-0.378364716,41,12,120.76657419223578,6.047654207536078,Medium
11-03-2024 16:00,40.65206512,-73.86667486,90,66.95479036632202,99.23503068736989,Green,Fog,1,0.5149402911093723,69,42,60.88200057547606,25.587500215306964,High
11-03-2024 16:05,40.732317804401255,-73.81479881,154,36.89617185652223,20.245187651456934,Red,Snow,0,0.6963213085036386,60,2,264.80845138310974,11.428946190780103,Medium
11-03-2024 16:10,40.79001285018397,-73.91529919,28,64.40229950491135,40.26524908,Green,Rain,0,0.7247859720189922,53,19,449.77188661941864,29.628135259370918,Low
11-03-2024 16:15,40.69769672666591,-73.92952947,85,8.595870829883932,42.19615481746854,Green,Fog,0,0.9114498857801574,17,19,345.5475627177485,10.315482258103621,High
11-03-2024 16:20,40.714656550265516,-73.94618671,236,62.26163370580946,11.982408131379058,Yellow,Snow,0,0.8765711421122189,37,25,305.2182206,15.108954051167759,High
11-03-2024 16:25,40.797404831773825,-73.96507716,191,43.100387994632506,32.05204986,Green,Snow,0,-0.705398479,19,21,199.60676354757484,9.524100769316908,Medium
11-03-2024 16:30,40.86087371938958,-73.7377253,230,23.501174947564493,68.43424525448235,Yellow,Rain,0,-0.963664972,91,22,356.01398406239144,28.19776408135142,High
11-03-2024 16:35,40.79125480674899,-73.8507007,41,29.70610811636145,48.78079267986236,Green,Fog,0,0.6728695310582642,15,13,374.9939338190764,11.640531936670314,Medium
11-03-2024 16:40,40.77652145,-73.93747156,200,59.30579002343251,23.567866897888777,Yellow,Clear,0,-0.438651025,42,29,64.17828463516679,20.88905928299264,Medium
11-03-2024 16:45,40.80273780125715,-73.94734198,266,23.49098386,86.54417256,Yellow,Fog,1,0.7922391609319146,39,12,456.5324091382788,9.824501571743752,High
11-03-2024 16:50,40.81602185586108,-73.85087216,10,67.36094922825168,50.061054623790795,Red,Clear,0,0.5844252352594872,94,23,274.5953325323398,28.948264692027593,Medium
11-03-2024 16:55,40.82742909349828,-73.81778337,65,66.30534208,86.83143877423362,Red,Rain,1,-0.371869548,38,38,112.99104785448696,16.57987151312267,High
11-03-2024 17:00,40.69889079450291,-73.80633815,148,11.731429810460138,33.52065108334978,Yellow,Rain,1,0.7086310017901878,54,31,226.88902422043108,17.343814806619566,High
11-03-2024 17:05,40.719137322714474,-73.85758737,298,8.080132582564113,97.86531004210008,Yellow,Snow,0,0.9315359135719661,47,9,115.40933861934506,23.366421691093485,High
11-03-2024 17:10,40.734099682848715,-73.89848281,132,40.467019030435345,53.171622092633335,Red,Snow,0,0.7795038754063905,67,42,410.4975658731426,24.104008851590155,Medium
11-03-2024 17:15,40.66762498326098,-73.97481501,247,70.32454940513821,65.70617670993857,Red,Clear,0,-0.160982204,66,11,282.4098218717651,19.49956451898366,High
11-03-2024 17:20,40.80583405,-73.77340216,148,68.22699952946141,60.668035836065705,Yellow,Rain,0,-0.828770417,90,14,157.9308656722833,17.72095443,Medium
11-03-2024 17:25,40.615070707537775,-73.75674344,127,67.59986632600368,32.117662399640054,Green,Snow,0,0.22789340508131417,53,33,284.67332277196937,22.678933394457495,Medium
11-03-2024 17:30,40.88485516475669,-73.90318678,18,42.19375973119526,39.22297976105724,Green,Clear,0,-0.865833851,4,35,377.2082617182178,20.867396464929477,Low
11-03-2024 17:35,40.644922290644836,-73.83901309,97,33.840661750507564,75.92983806002172,Green,Rain,0,0.5289113812002728,31,36,494.0319222281928,18.96878240367826,Medium
11-03-2024 17:40,40.85235156981287,-73.79610127,59,7.373230312935323,89.97017702001942,Yellow,Rain,0,-0.94762137,76,37,259.2191066,22.020138027026178,High
11-03-2024 17:45,40.850325230499095,-73.99317512,251,30.46659732936125,60.37903005714773,Yellow,Clear,0,-0.546272415,87,22,399.49085538004636,7.7724714183535335,High
11-03-2024 17:50,40.76297369765836,-73.8618848,264,47.00287368194795,99.12494736199675,Red,Clear,0,0.6203307696114566,36,38,173.09176714075022,16.787839323565258,High
11-03-2024 17:55,40.75788292208093,-73.92029802,149,26.685143238675273,97.87267939518509,Red,Snow,0,0.8242532073426456,92,34,346.0778670904353,15.535840697724996,High
11-03-2024 18:00,40.73731937791305,-73.96337071,235,31.499242739192937,52.009272808280095,Yellow,Fog,0,0.1278368439050781,67,45,52.68133677348518,14.055725138329798,High
11-03-2024 18:05,40.866268945694124,-73.81514525,176,5.7325375143552995,31.23494052,Red,Rain,0,-0.193572625,17,3,269.6067115668763,5.444402309,High
11-03-2024 18:10,40.674634382158104,-73.75044597,295,61.81645424379426,44.31211095801553,Green,Clear,0,-0.011195171,69,6,183.3197137409612,18.16813432957601,High
11-03-2024 18:15,40.74199366058471,-73.91390002,113,65.25694439735794,44.32563062335984,Yellow,Fog,0,0.9499197281250538,63,48,376.0722032539129,11.68618999478662,Medium
11-03-2024 18:20,40.71965092,-73.97644756,61,76.04155298852488,32.88891631826975,Red,Snow,0,-0.689756046,21,16,107.92254412474537,10.21630512089837,Low
11-03-2024 18:25,40.608693746783416,-73.71770336,39,56.86477783801735,88.57142321798833,Green,Clear,1,-0.847172029,19,9,449.3475868755296,16.18118748168041,High
11-03-2024 18:30,40.69735223,-73.81373372,218,52.81358701070829,12.426879730498895,Red,Fog,1,0.47398674887261416,88,23,253.58462659124558,28.45998836247244,High
11-03-2024 18:35,40.78606771849636,-73.92952131,133,25.200709664764027,86.97295703139734,Yellow,Snow,0,-0.666116933,81,19,233.07000360134205,23.965464978115325,High
11-03-2024 18:40,40.72430966963472,-73.72403052,169,66.80955851891477,19.39741962693754,Yellow,Clear,0,-0.556252718,93,27,343.01449134143394,21.321645702200534,Medium
11-03-2024 18:45,40.621378679084536,-73.81626249,192,25.903481402541104,39.431583650451756,Yellow,Fog,0,-0.967587276,8,45,67.00031461015449,13.96157790157585,Medium
11-03-2024 18:50,40.69639964599202,-73.80429352,41,21.92342877622443,69.38643440697109,Green,Fog,0,0.7193672639947026,67,42,138.10912007732213,19.415287509722376,Medium
11-03-2024 18:55,40.72598769636545,-73.98400263,208,79.51493921175434,78.10206487290998,Green,Snow,0,-0.957181018,78,12,485.9795514633458,10.572550494040708,High
11-03-2024 19:00,40.64596418939164,-73.75799293,100,42.42765795791975,43.64131487833727,Yellow,Clear,0,0.39117186219058353,2,39,364.0912069661383,27.821991867338767,Low
11-03-2024 19:05,40.705765828642484,-73.76282558,190,40.42933559596229,73.27430907849734,Yellow,Rain,0,-0.82779155,65,49,421.81485367531985,15.288181665031745,Medium
11-03-2024 19:10,40.699049190329305,-73.90892972,152,47.38857598613626,98.26024464,Red,Rain,0,-0.411064726,30,37,141.71850751329924,21.85646160440839,High
11-03-2024 19:15,40.68534093334653,-73.88143546,260,16.76866013947261,61.76263119454423,Red,Fog,0,0.29920238187278847,20,24,251.31463912611508,14.637055492458641,High
11-03-2024 19:20,40.704029339725075,-73.87488864,192,57.46825917640189,90.77002951634067,Green,Clear,1,0.13781697444094854,59,32,125.41646170238609,5.270047525450742,High
11-03-2024 19:25,40.83759496936074,-73.70029864,165,64.28687790645434,84.96718444780231,Green,Snow,0,0.8765141312528233,96,3,452.3513695306751,13.678480968933142,High
11-03-2024 19:30,40.85528783205785,-73.83861965,161,18.213593372426622,78.12005274727275,Yellow,Fog,1,0.6838775450892269,9,17,151.91854145050135,22.547485653231554,High
11-03-2024 19:35,40.641539613528764,-73.94902488,67,33.334471955414344,11.080538519374445,Yellow,Fog,0,0.19736809649462694,22,0,124.71262889712247,11.904159883415243,Medium
11-03-2024 19:40,40.73452400765072,-73.73181511,254,74.71284627153145,42.86957403319888,Green,Fog,1,-0.025456029,80,36,440.7409600892195,25.963805295717595,High
11-03-2024 19:45,40.72205553481834,-73.72978423,190,18.249711911000524,64.68357871559243,Red,Rain,0,0.7028156364926066,64,39,169.18809754914702,28.33548679640147,High
11-03-2024 19:50,40.735926887374234,-73.71944737,182,75.84276558293966,66.94540909373976,Red,Snow,0,0.1959734170473113,51,33,233.4608234930406,14.022593597412357,Medium
11-03-2024 19:55,40.86503725525325,-73.98401205,262,57.22635633196019,34.80082901366401,Yellow,Clear,0,-0.137052874,72,27,161.2999910761119,9.929930563,High
11-03-2024 20:00,40.71307078007155,-73.83224426,175,47.18320283173307,24.315466747849968,Green,Rain,0,-0.806543069,34,16,208.99842620937926,26.54969659718936,Medium
11-03-2024 20:05,40.82211267,-73.85329377,12,29.854940567330924,78.35209056976343,Green,Rain,0,0.750916216,78,26,382.24079131986383,28.80395988733398,Medium
11-03-2024 20:10,40.61293517906788,-73.90827531,181,14.854548906133079,84.76487576263146,Green,Rain,1,-0.48516663,4,4,286.80521245195376,13.589972338335519,High
11-03-2024 20:15,40.763596530253544,-73.96973879,98,28.154369035609278,94.54328153852893,Green,Fog,0,0.9832377055733152,54,8,445.9692376880399,9.367725119305055,High
11-03-2024 20:20,40.76591087,-73.74354327,66,36.37705711749683,64.51411506048571,Green,Snow,0,0.6684303925193646,27,37,211.21742674384012,13.328103589500097,Medium
11-03-2024 20:25,40.61611065543535,-73.95051475,214,14.158811855241995,74.59767942,Green,Clear,1,0.12245494423310155,6,5,416.5546173187671,14.709969466830431,High
11-03-2024 20:30,40.661796419837586,-73.70087788,214,24.487108285651136,17.731694747125427,Green,Snow,0,0.9990179315163772,5,22,244.2010912788681,11.586282513916668,High
11-03-2024 20:35,40.887399415732006,-73.8143149,35,68.65757438088879,11.45272387361562,Red,Snow,0,-0.364611158,93,7,111.70970607460248,23.647124306507735,Low
11-03-2024 20:40,40.87458333981314,-73.84391347,51,17.371916942462363,84.29603650282262,Green,Snow,0,-0.699407957,66,37,483.62649518960166,19.57324186810328,High
11-03-2024 20:45,40.605847390810275,-73.71657356,160,14.388198185537517,42.911113678961364,Green,Snow,0,-0.422512215,7,49,379.3180993498837,24.946146464360766,High
11-03-2024 20:50,40.606626474007854,-73.73975747,255,16.32207720438417,56.18798531693949,Yellow,Snow,0,0.029002141,72,42,369.1763884177233,16.968940473586308,High
11-03-2024 20:55,40.708725585730484,-73.76462429,202,25.251948018659817,87.47530888004592,Green,Snow,0,0.14464046731174451,92,18,135.2545598,18.430004829567814,High
11-03-2024 21:00,40.718207054077645,-73.78985589,148,10.671139360851823,88.68506309729624,Red,Fog,0,0.9913574679989081,67,19,297.35689446500965,27.166007819955865,High
11-03-2024 21:05,40.68782882810352,-73.98309343,36,41.191466783997456,95.89150990727558,Yellow,Snow,0,-0.38261274,45,46,369.77842779693316,14.793718467022716,High
11-03-2024 21:10,40.85530229337041,-73.88670366,51,76.93898743,40.654878821237915,Yellow,Fog,0,-0.402270728,13,22,374.5247920695177,10.55115030227498,Low
11-03-2024 21:15,40.60464570659468,-73.74077981,263,67.33921077472948,47.74960013272536,Red,Rain,0,0.4795130599118853,32,4,60.105198788744566,22.888532277549277,High
11-03-2024 21:20,40.81536475574541,-73.91383593,163,30.531697668042032,63.431636506554874,Red,Snow,0,-0.277052316,15,25,362.0327268347693,9.490339020165916,Medium
11-03-2024 21:25,40.87226036635844,-73.89539533,114,50.983207349045834,99.16819585,Red,Clear,0,0.39620004314659196,47,34,239.51406281164478,15.579273443620382,High
11-03-2024 21:30,40.73368553156134,-73.70990347,14,55.613126863923576,51.36299336626424,Red,Clear,0,-0.761152753,59,39,188.0373938627077,10.401485459101776,Medium
11-03-2024 21:35,40.87417635,-73.90773463,140,19.17555971510027,50.69374681848844,Green,Fog,0,-0.852082146,32,28,172.8741121152775,27.514725787595772,High
11-03-2024 21:40,40.70010097514771,-73.71264568,161,54.68226756275526,45.086941521706635,Green,Rain,0,-0.783808172,10,23,430.64991576032935,29.23980127574059,Medium
11-03-2024 21:45,40.69962551406938,-73.80852993,216,6.604043772852476,21.158424725691933,Yellow,Rain,0,-0.06282365,59,30,74.68322881,29.484940373873748,High
11-03-2024 21:50,40.64197906188927,-73.84062252,271,63.35465227365125,52.97980715432343,Red,Fog,0,0.7371972797328099,64,12,475.95449079991306,23.00856953481853,High
11-03-2024 21:55,40.718428802014785,-73.78502862,216,74.66014554256303,62.62205896237366,Yellow,Snow,0,0.17877408067092837,33,45,265.35740727482346,12.990660018799339,High
11-03-2024 22:00,40.69682101557965,-73.82717048,267,35.503633464036135,90.17401613742163,Yellow,Clear,0,0.098988898,54,35,272.61042589946385,23.774547986318936,High
11-03-2024 22:05,40.750475870906556,-73.95553096,131,48.57688691140844,19.38823167112084,Red,Rain,0,0.5798486952154271,71,15,187.11937231411395,28.21158836455812,Medium
11-03-2024 22:10,40.606867658686106,-73.78944319,152,39.990372732842154,20.925543290655593,Yellow,Rain,0,-0.735804877,70,25,439.6149926059349,8.185497827637327,Medium
11-03-2024 22:15,40.713810062730076,-73.86364569,13,71.60932086250718,74.70528816646991,Yellow,Clear,0,-0.536014377,31,13,266.64445776050286,26.795058411583764,Medium
11-03-2024 22:20,40.71598105,-73.80778797,238,61.22347654666879,59.74282001536244,Green,Clear,0,-0.544108522,31,13,130.0774113,19.47668255451011,High
11-03-2024 22:25,40.82448197529417,-73.80488639,110,71.50550448,11.325670974277486,Yellow,Rain,0,-0.816031519,98,17,215.88124657621165,10.722398301377169,Medium
11-03-2024 22:30,40.653992826559715,-73.77181935,205,49.30072919549474,24.69780726002123,Yellow,Fog,0,-0.274985072,16,14,342.1898109172175,14.16290490574912,High
11-03-2024 22:35,40.801667608863205,-73.81034855,117,13.365488639720397,55.06984979045716,Yellow,Clear,0,0.7898205191050351,88,2,67.03213369388058,7.764113710831589,High
11-03-2024 22:40,40.82654062258864,-73.89004817,157,61.402485787937806,46.67089203563501,Green,Fog,0,0.44753202886729726,60,40,494.26787088620205,13.469714637393727,Medium
11-03-2024 22:45,40.70160002318241,-73.71846238,41,19.53256852318744,73.77371525058896,Red,Rain,1,0.7896223925391606,93,25,208.74722054655183,25.965457832190303,High
11-03-2024 22:50,40.736519940377214,-73.82080674,65,75.99725541414273,57.35210043032694,Red,Clear,0,0.4283571981276437,41,41,442.76524020353264,24.742578675988206,Medium
11-03-2024 22:55,40.86354834750264,-73.84851276,231,24.74688702896834,94.44589657454814,Yellow,Snow,0,-0.568357144,7,43,156.99131175480966,27.304309141975303,High
11-03-2024 23:00,40.65539761629937,-73.94635591,279,55.81385861388168,14.292747730791953,Red,Fog,0,0.5417707720676854,29,26,427.12945968373083,6.430239276744613,High
11-03-2024 23:05,40.669115558888315,-73.77311681,55,66.27509327043884,89.06151768135139,Green,Fog,0,0.8056784260208341,87,26,77.03027681778676,10.233186902915424,High
11-03-2024 23:10,40.77160410166379,-73.76332126,233,31.761532742938286,36.160481113794674,Yellow,Snow,0,-0.868976035,62,45,67.60177839301095,21.05126583,High
11-03-2024 23:15,40.63479417342402,-73.7056804,265,52.54761910144197,30.691262910591078,Green,Clear,0,-0.235974821,74,30,383.1693740436138,24.498410853945636,High
11-03-2024 23:20,40.81280227087654,-73.72379958,41,36.70056038175531,69.40091323,Yellow,Snow,0,-0.882757802,6,30,458.25893374255077,12.636143111904353,Medium
11-03-2024 23:25,40.86915595244684,-73.93670991,87,49.129867420856804,79.14198701282145,Red,Fog,0,0.7097713776563979,44,5,125.8294812903991,22.443972538188543,Medium
11-03-2024 23:30,40.616979317071966,-73.96262394,84,65.89252868082363,39.974407563717435,Red,Rain,0,0.4159366876222177,51,35,84.92407777,9.953613333,Low
11-03-2024 23:35,40.60036588756023,-73.84600989,179,57.09543777969047,94.80853647,Red,Clear,0,-0.887731829,70,30,245.59751024591424,29.951630499073023,High
11-03-2024 23:40,40.70692307042398,-73.99980516,51,46.07607351254889,23.091206385254427,Red,Snow,0,-0.727490162,93,12,345.3652398348643,27.56333685,Low
11-03-2024 23:45,40.79616634928174,-73.9209116,107,74.03314513035762,95.50116956223573,Yellow,Fog,0,0.8695601213664563,75,21,373.2815458410718,5.003786951675283,High
11-03-2024 23:50,40.69591893981037,-73.85451043,86,61.023314922075926,55.18859285903729,Green,Snow,0,0.062261773,7,16,122.75460554488863,10.212077051706824,Medium
11-03-2024 23:55,40.62813060034771,-73.8406859,144,22.913123577393662,74.76219320267008,Green,Fog,0,0.4868810940404591,97,6,80.76065045449704,23.87846064888373,Medium
12-03-2024 00:00,40.895885798770244,-73.94815071,182,27.722792981612823,54.226416832576504,Green,Clear,0,0.040044338,20,17,417.18745828995645,27.560587867292092,Medium
12-03-2024 00:05,40.78572971838432,-73.91941861,284,49.493633670395525,16.378273741986014,Red,Fog,0,0.9888529051496755,88,36,212.47687129805817,16.778489366601722,High
12-03-2024 00:10,40.631486853655346,-73.86915341,118,45.53800530393257,25.570603856314445,Green,Rain,0,0.8563912381348766,50,28,170.46468260531822,8.862311407340233,Medium
12-03-2024 00:15,40.64191627269904,-73.80550535,232,11.763713765820938,83.24350103,Green,Fog,0,-0.554409183,69,1,171.7855531857702,23.565564774560027,High
12-03-2024 00:20,40.62119753868841,-73.82411759,64,10.002717241723435,50.10229291594051,Red,Snow,0,-0.674679223,75,33,86.96450245473827,23.07042129214614,High
12-03-2024 00:25,40.61646328835999,-73.79353915,293,9.808083971524024,56.45666199400706,Green,Fog,1,0.338986923,12,23,224.81409085492174,23.047052576361235,High
12-03-2024 00:30,40.77317138286207,-73.78584489,162,25.542126080555978,22.473933992043655,Red,Snow,0,-0.069488443,74,37,421.70451334840635,18.618253642971975,Medium
12-03-2024 00:35,40.79564885375846,-73.86514124,113,65.69439190842732,80.62829390903875,Yellow,Clear,0,0.9658117620635065,93,43,77.00366136,28.914559457734008,High
12-03-2024 00:40,40.841978445278826,-73.91651805,99,68.18893403838567,23.39802117972532,Green,Fog,0,0.3765529855513301,97,29,426.8316354394984,27.552777766176465,Low
12-03-2024 00:45,40.78498331331833,-73.76268439,206,44.30172670743426,92.36751891649197,Green,Rain,0,-0.203991352,9,46,112.59154784771077,10.678724052821554,High
12-03-2024 00:50,40.810412886123025,-73.82522562,228,14.788368148734355,80.02724074,Red,Snow,0,-0.791142632,37,2,161.97643005116828,10.62374611172243,High
12-03-2024 00:55,40.81095588,-73.90107902,48,63.912903384900716,17.650228627615668,Red,Clear,1,-0.784484652,71,2,226.99588710990395,7.547076490625338,High
12-03-2024 01:00,40.89453287989174,-73.72468451,292,37.97468876201216,88.24326726648796,Red,Fog,0,0.2500809522876397,89,14,129.6601555303683,21.263795122298635,High
12-03-2024 01:05,40.60927519,-73.94810122,54,66.94604046605521,78.07867764295915,Yellow,Fog,0,0.8900505613915768,65,21,64.94714708,25.144337511350084,Medium
12-03-2024 01:10,40.74891049,-73.82023191,270,61.08316733490978,35.69730124564399,Red,Fog,0,-0.612098577,89,16,237.06560574750904,24.45058006823196,High
12-03-2024 01:15,40.82647705095521,-73.98646063,41,64.21976991213019,46.37079782988437,Yellow,Rain,0,0.39640452594343745,26,34,367.9889363018062,29.35991053717154,Low
12-03-2024 01:20,40.801463521223624,-73.91097328,168,51.33143340418028,64.57640167464066,Yellow,Snow,0,0.53785496,1,3,463.42719915550515,28.210793334126564,Medium
12-03-2024 01:25,40.61941744066066,-73.99913975,104,40.05444793855868,29.265451355165034,Yellow,Snow,0,0.200877575,35,44,123.47132062535202,11.00200915,Medium
12-03-2024 01:30,40.84301037069541,-73.94930284,80,29.40883514765705,98.43727056491537,Green,Rain,0,0.9148091286467628,16,12,76.41297954401068,7.177602384438748,High
12-03-2024 01:35,40.76094601520714,-73.72386449,169,19.537942488725516,64.71425404,Red,Fog,0,0.070525228,34,21,219.3586381937229,25.39112447418219,High
12-03-2024 01:40,40.76454482328846,-73.91665795,190,77.71864147462196,16.663494241223304,Yellow,Clear,0,0.9839371885158033,83,25,405.3532844328483,14.78687547464974,Medium
12-03-2024 01:45,40.69908604428048,-73.75917922,252,66.19783551142888,35.76897030346924,Red,Snow,0,-0.115478753,5,36,374.4740721986833,14.515912317654834,High
12-03-2024 01:50,40.771163381877805,-73.83082007,46,30.70713176672727,39.724532160564124,Red,Rain,0,0.39723310014641844,31,33,183.33438258063347,12.875093290241676,Medium
12-03-2024 01:55,40.81620409,-73.95533026,226,13.512777330643637,74.91586396099825,Yellow,Fog,0,-0.124460232,23,41,366.7604192752738,29.94756924218634,High
12-03-2024 02:00,40.70399747,-73.95984457,173,66.94340287028605,31.757219239076893,Yellow,Fog,0,-0.487624791,99,12,137.61936019117394,17.012551521786047,Medium
12-03-2024 02:05,40.76825587640219,-73.80266513,159,74.07525421602972,87.52689082032664,Green,Rain,0,0.67293044,33,7,204.42616886761823,20.43465316318171,High
12-03-2024 02:10,40.68019213177255,-73.90740847,114,48.36813675080758,95.17984717489036,Green,Clear,0,-0.793092469,50,26,124.01691694959413,8.968182111148515,High
12-03-2024 02:15,40.852435959694226,-73.8498146,175,17.274569093908653,97.46273523,Green,Rain,0,0.30547652993820273,48,32,404.57148051933405,9.530708911579048,High
12-03-2024 02:20,40.724781422570864,-73.81757259,242,19.859648785586035,89.09181829092913,Red,Snow,0,-0.489533528,11,9,237.97300672592826,18.81295486219776,High
12-03-2024 02:25,40.683888816311764,-73.80933981,179,28.08317161465195,45.41980080190887,Green,Snow,0,0.8172621472087196,73,37,104.79638378759631,21.09381365567952,Medium
12-03-2024 02:30,40.687377590647884,-73.77590423,116,47.06340463927383,92.09189682,Green,Fog,0,0.47171455330994205,37,0,368.11260208196023,16.23927158956446,High
12-03-2024 02:35,40.83356516049488,-73.91723512,99,34.41628668,70.40148695673241,Red,Clear,0,0.5200478222373379,58,14,203.01547382033846,22.786853053995955,Medium
12-03-2024 02:40,40.671360843809275,-73.71467966,122,55.99119983417821,74.42104834621597,Red,Fog,0,-0.573481048,47,34,499.72670239823736,28.197101099897026,Medium
12-03-2024 02:45,40.62407507883551,-73.97379255,76,76.42174617375021,64.20235638519826,Red,Fog,1,-0.495759216,53,48,284.0520512,7.914593353727485,High
12-03-2024 02:50,40.74076986334773,-73.88494896,107,53.02598615330695,31.49378577523378,Red,Rain,0,0.48904143856140103,62,32,318.44865238071515,23.02844514472504,Medium
12-03-2024 02:55,40.846055624676474,-73.8527849,141,50.15933040247687,92.45234266393733,Green,Rain,0,0.49367458607053316,1,23,205.8085685608353,6.202153681581288,High
12-03-2024 03:00,40.82928616183676,-73.81620388,285,30.289470323587672,73.89291948111375,Green,Fog,0,0.076827629,93,38,422.7474908353076,23.609142645732714,High
12-03-2024 03:05,40.838073849709474,-73.80991648,237,11.954517967787712,75.70939371548499,Green,Rain,0,0.5689475968429907,75,10,391.30664058093623,12.863132541499096,High
12-03-2024 03:10,40.62940993,-73.72659836,232,7.951208703034186,50.15959675112914,Red,Clear,1,0.7844456359521024,71,40,178.0132459742837,27.966720172919747,High
12-03-2024 03:15,40.70203701940993,-73.98623134,295,54.48378612561772,88.15444035221519,Green,Snow,0,-0.023883551,5,38,333.8060188034965,8.484010643783225,High
12-03-2024 03:20,40.69222828014824,-73.8887442,179,33.18456049228711,10.606869840891179,Yellow,Fog,0,0.19026178238910219,25,10,459.9568795,17.812800956294247,Medium
12-03-2024 03:25,40.668832559670285,-73.84381458,110,29.531562978371284,21.458306065429735,Green,Snow,0,0.021214881889375148,85,38,361.37410033617726,16.155770167894254,Medium
12-03-2024 03:30,40.69710191315841,-73.75367837,191,45.45128086593756,40.36784920260678,Red,Fog,0,-0.035858922,47,40,281.32048091285856,16.398846017189005,Medium
12-03-2024 03:35,40.86617514985022,-73.83860757,10,15.984368631629355,55.33254175,Yellow,Snow,0,0.1785141163604873,1,8,132.79366765272403,17.651378817795205,High
12-03-2024 03:40,40.87626759617638,-73.82064872,53,47.737246385375904,26.148218087501792,Red,Clear,0,0.8176878878246117,32,22,142.06108101502525,6.541922621227782,Low
12-03-2024 03:45,40.75864538068257,-73.90374544,68,18.10045081334537,10.765698784536252,Yellow,Clear,0,-0.172743207,68,44,453.92718589983184,6.945289587781851,High
12-03-2024 03:50,40.84489268432797,-73.85358829,157,43.788900153187015,50.20487340839535,Red,Rain,0,-0.021127275,56,47,267.93715695599997,7.890763139978003,Medium
12-03-2024 03:55,40.81066235117184,-73.78230023,174,14.795325955515349,45.51616734736087,Yellow,Rain,0,-0.196307493,88,47,422.40653237634365,7.0416637494469985,High
12-03-2024 04:00,40.61980855254138,-73.73256223,136,31.143880358443983,19.32062495683251,Red,Clear,0,0.27414727828610985,32,29,488.75100083315533,13.496884366082618,Medium
12-03-2024 04:05,40.84704859544379,-73.91764372,242,35.33714822628731,14.237978462753329,Yellow,Rain,0,0.19073631816725656,65,16,244.43382632835738,11.56207243,High
12-03-2024 04:10,40.89054894202969,-73.80266597,132,10.193212448908653,57.854228727808525,Green,Clear,0,0.5701587989477979,77,24,71.37188090777309,9.190763412268005,High
12-03-2024 04:15,40.75295524,-73.8307708,221,26.978053129814505,31.90203618328271,Red,Fog,0,-0.302203134,5,5,148.61581941487185,15.335473656652875,High
12-03-2024 04:20,40.69493126280949,-73.73952102,216,29.056115885406992,19.94785608634478,Green,Clear,0,-0.78877568,18,9,150.5633163261387,10.737185203969833,High
12-03-2024 04:25,40.78549523021222,-73.70781683,29,56.01734057351662,22.527251720866204,Yellow,Clear,0,0.7679111541204817,32,16,227.97223537467153,12.92016066566959,Low
12-03-2024 04:30,40.60321077256916,-73.85994151,84,57.860504013884494,27.600698980983935,Green,Fog,0,0.7989625569576984,37,48,194.95093546277914,18.63020143612472,Low
12-03-2024 04:35,40.88545963902343,-73.96638659,183,5.271446649974042,18.79844752809071,Green,Clear,0,0.9654230830396304,75,6,132.42939860871857,20.97381947647518,High
12-03-2024 04:40,40.85250205591992,-73.87912198,47,69.10332376927161,70.99159228299592,Green,Clear,1,0.9481006730634005,1,36,284.83907180826793,11.097966029571197,High
12-03-2024 04:45,40.797619689161706,-73.8323957,258,54.195919704575324,42.102356930734764,Yellow,Clear,0,-0.814703123,23,9,398.46355372408124,9.438458095697678,High
12-03-2024 04:50,40.69616401041832,-73.86225949,162,31.239609794492484,82.42754748412337,Red,Rain,0,0.2621759742918883,89,14,489.7275210818338,12.509383910775924,High
12-03-2024 04:55,40.73724305783487,-73.74814241,233,74.04374074985394,31.53208225611668,Yellow,Rain,0,-0.493348977,17,20,450.8223189351807,18.257056355558245,High
12-03-2024 05:00,40.80483107346762,-73.90680201,174,69.19908874627825,93.52318917799339,Green,Snow,0,0.9848274592744719,2,14,358.94774579391714,13.493545341809867,High
12-03-2024 05:05,40.765923441277465,-73.72112849,157,35.92222222744808,39.38743153296109,Green,Clear,0,-0.996386977,31,14,65.73879386,22.97052657,Medium
12-03-2024 05:10,40.724269588960816,-73.83374485,21,75.89008350656414,25.06878185889391,Green,Clear,0,-0.85863184,40,2,477.1262537319246,9.791717895,Low
12-03-2024 05:15,40.67679250567289,-73.7291607,215,64.88257695,19.34239423263361,Yellow,Fog,0,-0.278124372,28,44,156.47277687986372,14.820761003720687,High
12-03-2024 05:20,40.700294799617964,-73.9838584,228,44.79084235102779,99.62509235032842,Yellow,Snow,0,-0.863516388,94,4,81.79583597169344,15.733082648049164,High
12-03-2024 05:25,40.78836959848595,-73.92243331,61,43.80497073564461,62.99321919083655,Yellow,Clear,0,-0.712193184,87,32,273.1599061249231,24.000039335334495,Medium
12-03-2024 05:30,40.61404061070702,-73.87360857,192,62.19834077070243,47.34440593792617,Yellow,Rain,0,-0.71703451,7,29,491.1892032390343,6.656364903,Medium
12-03-2024 05:35,40.89826670806836,-73.77398383,235,10.843104259042583,22.748782530266357,Red,Clear,0,-0.731024601,85,29,66.20716326080164,15.90559395887864,High
12-03-2024 05:40,40.72018849097813,-73.70379211,180,25.78197200514085,52.33422701767231,Red,Fog,0,0.4296407390308845,39,2,217.2150902069166,20.191646628567362,Medium
12-03-2024 05:45,40.70292595587997,-73.95693689,112,66.82998017954789,95.48886050186597,Yellow,Fog,0,-0.242793959,2,7,329.2495264109138,7.794661622309377,High
12-03-2024 05:50,40.775067532106966,-73.82532195,237,10.391646763129241,43.950815599073856,Green,Clear,0,0.3531472219997813,3,0,471.43881874472885,16.757555754602457,High
12-03-2024 05:55,40.63418479124518,-73.95847164,209,39.85217621364795,28.213661281208804,Green,Clear,0,-0.712265534,3,31,305.0151578570228,27.809088116637398,High
12-03-2024 06:00,40.768202510045505,-73.78708402,53,60.88261538890009,10.076555552325791,Green,Snow,0,-0.720459664,60,35,154.3222001990074,28.84944389,Low
12-03-2024 06:05,40.738263856152905,-73.9689692,15,59.53223956235154,42.671799107807544,Yellow,Snow,0,0.7486378788424701,84,29,253.4589263265847,13.792623769892376,Low
12-03-2024 06:10,40.897189887669384,-73.76256764,256,50.97284676309109,72.28141801414827,Yellow,Clear,1,-0.847894502,52,1,455.6435402360094,24.02900204565062,High
12-03-2024 06:15,40.74777434722819,-73.83481968,14,41.57232623642337,31.821408516698536,Yellow,Rain,1,-0.215011939,11,25,220.20959811221218,8.840080500971045,High
12-03-2024 06:20,40.63807392697705,-73.89387245,257,25.24753662023786,44.35636359560185,Red,Rain,1,0.3963128488898833,51,25,354.32324634246584,15.350523914092483,High
12-03-2024 06:25,40.64917830046676,-73.95414964,290,16.65774882006874,86.67596016268702,Yellow,Rain,0,0.7189087947562518,67,39,379.8168138821135,8.448744079902013,High
12-03-2024 06:30,40.61226828125638,-73.75375594,147,49.40426065655717,22.640311743030452,Red,Snow,0,0.7041383826531065,99,45,286.9728780191699,17.81544942393321,Medium
12-03-2024 06:35,40.820535568306184,-73.73924176,163,40.81725606272249,73.09491978976098,Red,Rain,0,0.9346161601870975,61,26,275.8498641030478,28.73862618291333,Medium
12-03-2024 06:40,40.773584172383536,-73.79638454,202,65.89921033830998,59.71804261328704,Yellow,Snow,0,0.6212750522912811,29,43,376.52144997338894,7.081191787016634,High
12-03-2024 06:45,40.66308054856078,-73.70604563,68,22.493533284239028,22.30080149909245,Yellow,Snow,0,0.6849543597154306,58,12,175.5856798,26.24401731095706,Medium
12-03-2024 06:50,40.765484167489525,-73.81373001,131,44.22591982392186,67.69796785960786,Green,Clear,0,0.14338868761916523,67,8,371.71844756226125,20.11234713538181,Medium
12-03-2024 06:55,40.74880355393822,-73.76222791,273,69.32338659685495,17.770511214241182,Green,Snow,0,-0.742982736,47,41,487.1099332582495,12.916701514276564,High
12-03-2024 07:00,40.62488632,-73.97465541,88,38.25218220016883,61.16947369498851,Green,Rain,0,-0.620060766,2,18,307.9737299593047,8.642491377311678,Medium
12-03-2024 07:05,40.79190513622531,-73.89767762,170,52.027055002545126,21.883441221302544,Green,Rain,0,-0.909887255,72,0,436.3799975094931,17.607865540680535,Medium
12-03-2024 07:10,40.892494887976476,-73.86920574,45,32.08284470598774,58.15268207572066,Green,Clear,0,0.4157973413708016,2,0,481.24241902128966,25.008801840158235,Medium
12-03-2024 07:15,40.64165302090445,-73.71173995,292,21.93907141257136,85.12957209546141,Red,Snow,0,-0.766719412,1,10,310.80547385802214,26.036609974948256,High
12-03-2024 07:20,40.884846274338926,-73.7951313,196,16.084645694433284,15.359592946022847,Red,Clear,0,-0.3429654,69,0,481.6564374608971,14.99701807831055,High
12-03-2024 07:25,40.85933444793626,-73.99145498,45,64.88894751,20.57934136992096,Yellow,Clear,0,-0.010311665,48,0,374.3096152266942,18.840844771748962,Low
12-03-2024 07:30,40.61881284238399,-73.79626981,200,46.298324176013544,37.15949166572791,Red,Rain,0,0.44323017940020626,67,36,169.0658290634969,20.020958898451816,Medium
12-03-2024 07:35,40.80638093,-73.81982721,247,64.17975541151776,57.19337063757058,Yellow,Rain,0,-0.964849498,68,4,456.1592272853744,5.708856923,High
12-03-2024 07:40,40.70332545,-73.81233915,156,21.830329649984414,75.93327567,Green,Snow,0,0.874060036,78,33,337.89857846156656,25.762204696425858,Medium
12-03-2024 07:45,40.758343470744165,-73.74346436,124,27.812583003213287,26.338170848860788,Green,Clear,0,0.2774265462945431,81,5,265.21341057639404,24.07786141558617,Medium
12-03-2024 07:50,40.787032254130494,-73.98229953,203,17.62103253,77.29649402347765,Red,Clear,0,0.1728497145504524,17,48,294.0359676139588,9.016844132761594,High
12-03-2024 07:55,40.89457337,-73.88408182,198,27.192751940512156,95.02508318247652,Yellow,Snow,0,-0.274183204,44,2,454.9693635469727,8.557435436234554,High
12-03-2024 08:00,40.76338132925481,-73.89335415,129,26.96795134374121,74.50876634753772,Green,Snow,0,-0.811068666,67,11,449.3147292301909,29.98124878745578,Medium
12-03-2024 08:05,40.61366822340401,-73.93576032,117,28.113902063175036,98.56703945533242,Red,Rain,0,0.06729367,90,49,486.9719050955981,15.386150128969938,High
12-03-2024 08:10,40.60485990742153,-73.80878213,246,17.39308976,56.00014882199382,Green,Clear,1,-0.402433392,50,33,86.67187331415022,27.089603955561454,High
12-03-2024 08:15,40.660725132433505,-73.83505425,19,9.576425293,25.64153808484812,Green,Rain,0,-0.959672375,37,41,212.5170519687005,26.32672868997102,High
12-03-2024 08:20,40.83062884796468,-73.99960279,104,43.154387716590755,11.819124369287016,Green,Snow,1,-0.875624391,71,47,73.14229433241897,29.895514010692082,High
12-03-2024 08:25,40.871931714452415,-73.90038206,30,39.36674626,47.90168945545962,Green,Clear,0,0.5842972202825993,59,28,404.14109073474856,23.056747560678925,Medium
12-03-2024 08:30,40.722681857805696,-73.95810797,206,11.92883010089318,85.67924672138174,Red,Rain,0,0.9733076852692231,79,17,142.08396149902757,12.060981923919563,High
12-03-2024 08:35,40.78064260386912,-73.71457908,295,78.81921316795683,22.247189247609178,Yellow,Snow,0,-0.919694485,38,18,214.7350054051696,10.88756113755473,High
12-03-2024 08:40,40.62611509554135,-73.81399642,59,61.30203990613265,47.365416412581695,Red,Snow,0,0.7337724528730747,29,6,437.72352846132264,17.266502485282334,Low
12-03-2024 08:45,40.88162846751407,-73.86586903,110,59.58560921995699,90.63202815364225,Red,Fog,1,0.6394807203309487,24,34,403.9008750873061,5.225371468,High
12-03-2024 08:50,40.78305415035176,-73.76912577,29,41.77381752,56.74098200497899,Yellow,Rain,0,0.5624529810683228,50,34,104.10218381044598,29.971797211314765,Medium
12-03-2024 08:55,40.73208163,-73.78121008,201,12.075718417863694,96.82920605731215,Red,Rain,0,0.7755189454954052,26,37,488.66859449551424,27.024214743781968,High
12-03-2024 09:00,40.65033614863016,-73.96449676,112,34.10704073846159,86.57435828128585,Red,Rain,0,0.870416634,3,9,257.12811984058317,14.599889770632306,High
12-03-2024 09:05,40.71518015897449,-73.70505969,94,14.124323392156326,82.41953716579452,Green,Rain,0,0.7414412789319411,31,16,499.0626454420562,11.967475494617966,High
12-03-2024 09:10,40.77640130770607,-73.70659934,21,43.58418839264032,45.858329336446864,Green,Snow,1,0.9665430497043979,81,36,381.8670213341517,13.629426417382469,High
12-03-2024 09:15,40.60660052072838,-73.72749178,131,31.55861732093248,33.19822418978936,Yellow,Fog,1,-0.215442,57,18,219.95760438093822,29.3682749,High
12-03-2024 09:20,40.69293559693874,-73.9475517,235,24.975148491513302,61.11952584466696,Yellow,Fog,0,0.11894603391565117,36,40,245.36995281857187,28.087832257885218,High
12-03-2024 09:25,40.67739508832835,-73.7660225,35,9.654133646,78.52144803655682,Red,Rain,0,0.5080765579416795,92,48,226.11903358461134,10.902702757296113,High
12-03-2024 09:30,40.82558372270856,-73.94257981,75,37.4498509,86.01090009435036,Green,Fog,0,0.7326360075717175,76,6,220.96350179331824,10.160116256707333,High
12-03-2024 09:35,40.78150516538566,-73.94593683,116,24.22780177947157,95.96382122375466,Red,Fog,0,0.40983791660306124,66,1,253.0973220900875,8.009783772,High
12-03-2024 09:40,40.88391047374055,-73.72476542,177,11.048563140849073,15.596805851320035,Red,Rain,0,-0.903474871,28,37,404.42117477921437,21.310717681008516,High
12-03-2024 09:45,40.888735129134744,-73.7669542,144,27.451450104811062,10.902340282553299,Red,Fog,0,0.4590065665750409,42,13,401.8754188938207,20.502736540110035,Medium
12-03-2024 09:50,40.82094099472817,-73.8885479,48,71.28230785,98.9874824,Yellow,Rain,0,-0.273244191,28,16,477.7960569,5.988338927192653,High
12-03-2024 09:55,40.805104409566745,-73.80667321,11,66.65639427336447,61.11192340000154,Green,Rain,0,-0.376472649,21,49,358.94746157142697,12.739608770232806,Medium
12-03-2024 10:00,40.795318655791824,-73.7712556,286,57.8461002,41.410202186418466,Green,Clear,0,0.7600557917856385,60,22,229.4243606836176,19.919640548494492,High
12-03-2024 10:05,40.77244442193519,-73.94929543,255,78.49445421148755,41.58873348423512,Green,Fog,0,0.1628811557500729,51,16,189.84817814140393,16.25036159066314,High
12-03-2024 10:10,40.843259812229164,-73.94722625,210,55.28518933562717,82.87476966208548,Green,Rain,0,-0.880068392,73,46,497.4540098577792,29.54126474538911,High
12-03-2024 10:15,40.61644965571271,-73.75251978,158,72.23821967924016,84.30974871075134,Red,Snow,1,-0.675179233,63,40,279.3981895880137,24.18172638042087,High
12-03-2024 10:20,40.721903775483845,-73.71022291,192,24.016178635880923,10.375193333095611,Yellow,Snow,1,0.7561751328642403,30,22,222.91836753169406,20.633782598139064,High
12-03-2024 10:25,40.89450551386186,-73.96347707,293,27.661735252046913,88.06957356041553,Red,Clear,0,0.5943656657291054,13,41,78.46672205432911,20.82484022959338,High
12-03-2024 10:30,40.842572861814006,-73.82462624,206,45.038726779440346,63.940583662413935,Green,Clear,0,-0.043671364,84,36,82.37969005389736,11.417798705820289,High
12-03-2024 10:35,40.79211092023412,-73.88031591,71,34.655589270585054,75.02148553099235,Green,Rain,0,-0.02709547,48,21,416.0551477001461,24.47878975954881,Medium
12-03-2024 10:40,40.75547241674052,-73.70573293,283,35.564408684664514,84.77125449630256,Green,Clear,0,-0.929608758,45,20,359.07275088490644,29.186394605699107,High
12-03-2024 10:45,40.79168049151357,-73.95813966,281,72.02874709685739,63.22222528936244,Green,Snow,0,-0.111766609,20,42,313.6905264050181,7.3961232939208905,High
12-03-2024 10:50,40.85795792800437,-73.98444445,62,48.05990303663649,87.71154455055796,Yellow,Snow,0,0.9934141464288384,4,19,172.09468656879537,20.733798331353324,High
12-03-2024 10:55,40.814907868978196,-73.75232374,125,70.86936668,98.17235964527161,Red,Rain,0,-0.629977304,92,29,169.78218252430352,10.861983335320641,High
12-03-2024 11:00,40.719747928886875,-73.97052464,177,70.65440097996317,99.46957388700994,Green,Fog,0,-0.568750475,62,48,295.6287477568628,23.46888430597465,High
12-03-2024 11:05,40.722952013012225,-73.8855072,221,73.28383533355158,41.060638644368574,Red,Snow,0,0.072387909,64,7,349.0334557622079,27.69279120746662,High
12-03-2024 11:10,40.807330311588686,-73.95703003,31,20.26542901,12.918081456753164,Green,Rain,0,-0.324242163,86,4,257.85958077664395,14.386252225649619,Medium
12-03-2024 11:15,40.81115341365462,-73.81381929,13,12.134765775143428,29.292845407812344,Red,Fog,0,-0.957389267,66,1,357.2877230733639,8.52780759,High
12-03-2024 11:20,40.841391187156766,-73.82106208,299,31.522968653556298,70.39484797921435,Green,Snow,0,0.011525798358297257,60,16,121.12783394465292,13.272585186476315,High
12-03-2024 11:25,40.732656507967306,-73.74329037,19,26.191345951010828,47.575375081473176,Green,Rain,0,-0.845404758,33,24,97.55328148855025,5.919925412948613,Medium
12-03-2024 11:30,40.776921310769666,-73.71801442,44,10.787267353085195,96.36282759238281,Yellow,Fog,0,-0.701579803,94,31,135.15424595457162,18.537793341765564,High
12-03-2024 11:35,40.723395705041405,-73.93971131,186,39.496071405950616,86.70193619406625,Green,Clear,0,0.4189049642325684,59,3,243.71736429183795,13.15899781291205,High
12-03-2024 11:40,40.76886806,-73.99985676,114,43.11150962279874,61.93290549642878,Red,Snow,0,-0.213154607,98,36,404.01719895881416,15.824353569544115,Medium
12-03-2024 11:45,40.75516535802237,-73.94004292,288,9.243586868198582,32.802653893138974,Yellow,Fog,0,-0.714786137,34,27,248.05171872011633,20.665727916618145,High
12-03-2024 11:50,40.62531186,-73.84019998,246,70.07998757,24.572693024218914,Green,Rain,0,-0.310937712,90,32,71.93488244315881,20.76781696141811,High
12-03-2024 11:55,40.79864568569832,-73.92628684,219,13.768998906852346,67.77864884695003,Red,Rain,0,0.1580652097627786,93,15,231.54907434757752,28.35636598059686,High
12-03-2024 12:00,40.726241489845826,-73.8205018,235,79.03790101225724,84.21686086,Red,Fog,1,-0.556176685,73,24,442.14558505504556,7.181320745502707,High
12-03-2024 12:05,40.60699833800635,-73.7968892,233,10.007156513758016,80.54283194473084,Red,Snow,0,0.6072974691014215,34,32,369.0772463889607,5.875531022780737,High
12-03-2024 12:10,40.81915906182229,-73.9528407,98,76.11124456707881,22.408630309836177,Yellow,Snow,1,-0.855218918,57,2,341.1495724480023,8.306608340359436,High
12-03-2024 12:15,40.89326485497345,-73.70161466,102,15.275013949175365,69.65197114607497,Yellow,Fog,0,0.524105493,74,32,477.31651354026553,28.002757591766066,High
12-03-2024 12:20,40.76180410839456,-73.71158253,230,10.883257999465263,16.12140325021808,Green,Fog,0,-0.267631927,78,36,484.3751971297699,6.257779053835045,High
12-03-2024 12:25,40.83315834456311,-73.73853217,165,15.093328759537126,71.37696211959923,Red,Snow,1,-0.981503271,15,17,382.3104000473391,11.18850423160345,High
12-03-2024 12:30,40.84132439939001,-73.82125021,206,33.77479853533603,11.768498206536398,Yellow,Rain,0,0.4367718936839189,54,11,443.93455215134543,18.682219586867742,High
12-03-2024 12:35,40.78198922370545,-73.83606552,142,74.7356476,76.71631365744302,Yellow,Rain,1,0.9114563703693679,26,10,241.82492821887254,11.02060211884012,High
12-03-2024 12:40,40.86933493073872,-73.93303899,18,15.490372577630932,24.887599069569887,Red,Clear,0,-0.689433639,66,23,386.6970272538745,6.2784646154545865,High
12-03-2024 12:45,40.81302651457117,-73.7440106,140,17.88947524631082,65.11486815447796,Yellow,Clear,0,0.381788425,97,22,479.6777932882247,29.198016523348905,High
12-03-2024 12:50,40.63304483099703,-73.85949302,89,8.961123503393774,75.54280633605882,Yellow,Snow,0,0.47684210785295567,28,6,300.5199621,6.517265331168166,High
12-03-2024 12:55,40.73628214876736,-73.80941379,73,28.946444739084153,65.41001101582728,Green,Clear,0,-0.344440789,56,43,336.48971420157096,10.733401815284239,Medium
12-03-2024 13:00,40.63878871932539,-73.88816951,26,65.76596715101674,26.77060692,Green,Snow,0,0.8783267851530436,15,48,457.7475985582542,19.16783178401999,Low
12-03-2024 13:05,40.60531473391517,-73.98883858,111,5.4910037653235975,29.70307512,Red,Clear,0,0.018256099380007162,18,0,484.14370114842893,24.370238993143108,High
12-03-2024 13:10,40.81565237,-73.78637389,185,14.060408314271562,12.751423983630922,Green,Fog,0,-0.013241151,32,45,174.46657849300465,19.381456553272407,High
12-03-2024 13:15,40.79884387804372,-73.8981768,267,57.10085626353998,59.804638284007865,Green,Snow,0,-0.346548744,5,14,312.6378321983909,9.655658665936363,High
12-03-2024 13:20,40.784458607576404,-73.80355495,126,36.169080210542134,11.707833101352366,Green,Fog,0,-0.77864462,26,19,300.3958992891369,19.774460942646705,Medium
12-03-2024 13:25,40.716666637473764,-73.8849149,281,8.808344893451673,84.91732249929545,Green,Rain,1,-0.654120099,32,14,148.10437857958556,15.852892437261161,High
12-03-2024 13:30,40.72004584,-73.84166941,144,45.66517893221482,57.67436674,Green,Snow,0,0.5445840009648304,83,11,105.30724922944944,27.26463601506677,Medium
12-03-2024 13:35,40.76666621641515,-73.77591078,279,16.569982755409484,14.00974842941172,Yellow,Clear,0,-0.661710343,48,48,498.8559652056304,5.144621665737102,High
12-03-2024 13:40,40.796873011251385,-73.78906592,241,50.12610991122197,51.92572196055124,Green,Rain,0,0.3822379287187221,51,27,335.5642820460288,15.67406982087194,High
12-03-2024 13:45,40.66548350219699,-73.91979434,209,75.52887994519315,94.27880707979449,Yellow,Fog,0,0.5404023041637107,87,37,491.34480771212844,7.373351324748871,High
12-03-2024 13:50,40.62125725577283,-73.99955954,182,56.927581557915126,31.149657075622354,Yellow,Rain,0,0.047959201221897674,9,12,267.6569654646272,11.018583594920553,Medium
12-03-2024 13:55,40.88502817493319,-73.91569571,184,21.120854131414053,87.83202236959839,Red,Clear,0,0.75992076,62,0,116.69263452204316,5.696292729,High
12-03-2024 14:00,40.61697980728689,-73.76555837,114,78.79213816682088,37.617848178195416,Green,Fog,0,0.31451612991338207,13,41,219.46212545647492,17.97468629873788,Medium
12-03-2024 14:05,40.88875668951774,-73.70711677,127,28.14573521336214,41.50731211197467,Green,Snow,1,-0.906042222,94,26,306.4566295417031,25.56207878362451,High
12-03-2024 14:10,40.85952080641649,-73.92357934,50,41.16584965432612,88.99156476185892,Green,Fog,0,-0.714828571,36,17,253.37202492427625,15.426142722263787,High
12-03-2024 14:15,40.658666326187266,-73.70527647,113,66.73074835700744,31.533998184911088,Red,Rain,0,0.5454409129845794,16,11,400.4398018226424,16.52731996316369,Medium
12-03-2024 14:20,40.650071350237226,-73.81183704,33,61.73604336145674,14.679535967183773,Yellow,Fog,0,-0.619443926,24,16,124.69889183157444,20.088047748172073,Low
12-03-2024 14:25,40.82656473086787,-73.75534574,193,62.68429051675607,35.028818470088964,Red,Rain,0,0.3218487167535091,67,25,373.10508385400124,9.356057194,Medium
12-03-2024 14:30,40.67726173841941,-73.87320109,62,31.50361251359948,15.153525895013122,Red,Snow,0,0.1511716035887749,53,31,230.65881103100108,25.442907474478012,Medium
12-03-2024 14:35,40.893496140671715,-73.84773737,37,76.44144984474667,54.868620447991965,Red,Fog,0,0.7426466874376878,35,36,349.09701906926875,10.22971166514298,Medium
12-03-2024 14:40,40.789710773201385,-73.92397719,234,75.23345078923182,40.97126998564376,Green,Clear,0,-0.562874856,9,16,286.64843441505354,9.370331893966195,High
12-03-2024 14:45,40.638418798943015,-73.84020756,143,23.77790970034284,93.03253032210482,Yellow,Fog,0,-0.110277357,45,20,376.81474590630916,17.964399886020118,High
12-03-2024 14:50,40.79715491273822,-73.81428148,223,53.63254765587189,15.760014200985424,Green,Rain,0,0.18036850597443377,34,4,424.44747873551427,17.92742940486351,High
12-03-2024 14:55,40.85540838452593,-73.84302137,162,25.834707574268307,21.01042714089113,Yellow,Rain,1,0.5998365093586691,77,38,280.3813163090838,12.623018691447175,High
12-03-2024 15:00,40.766261422077896,-73.72830159,240,30.71907942764656,34.83059678058389,Red,Fog,0,0.3843262658731803,27,35,305.05571566180157,24.099769022789978,High
12-03-2024 15:05,40.75765620851691,-73.9544429,197,71.36826406977022,27.781588097044192,Green,Rain,0,-0.166700054,75,40,198.63819664981648,21.389669801820375,Medium
12-03-2024 15:10,40.83436680012274,-73.76321568,178,41.66097805315828,86.03689823447691,Yellow,Clear,0,0.8756335097503796,66,20,438.98811251685845,19.095433979444792,High
12-03-2024 15:15,40.82587251361792,-73.87969771,188,70.86204019105863,84.30919694481479,Green,Clear,0,0.098098884,48,10,433.5582747,12.972534675339602,High
12-03-2024 15:20,40.62921732281947,-73.91634025,80,12.080910475050914,99.42444445546572,Yellow,Snow,0,0.8524114974566557,39,4,393.09007070884263,18.862272130604886,High
12-03-2024 15:25,40.614194120899526,-73.94584123,92,46.92827650265961,26.879329898396428,Green,Snow,0,-0.195446932,51,27,166.74349259497123,27.758400835986905,Low
12-03-2024 15:30,40.67747685975951,-73.72967633,191,43.965668689556395,62.99306187804767,Red,Fog,0,0.8192053289087498,20,0,60.39226816528806,10.785596990619796,Medium
12-03-2024 15:35,40.712024262604054,-73.9294527,215,30.336170587851857,80.09058166,Yellow,Fog,1,-0.378477696,54,12,134.65272355018024,29.044382064245294,High
12-03-2024 15:40,40.70009446254205,-73.8230048,272,66.84752527823917,62.98378379,Yellow,Rain,1,0.011974029434301814,10,23,153.11730423274167,12.588876247604357,High
12-03-2024 15:45,40.88431353504321,-73.77664682,224,60.985082311711665,40.793944116905266,Red,Fog,0,0.3062410347236404,53,18,81.74526989,13.078892869456686,High
12-03-2024 15:50,40.84084136942945,-73.99927105,275,55.054304393457365,70.80006733620843,Yellow,Rain,0,0.10083663405293253,33,24,452.9616137141378,18.111320933939247,High
12-03-2024 15:55,40.88360192488675,-73.86173576,10,32.65351520287441,83.38821154,Red,Snow,0,0.14605443034678944,22,29,74.39257840300492,11.792629347376478,High
12-03-2024 16:00,40.895940468929034,-73.94003342,282,73.87807614330404,21.304166276375504,Green,Fog,0,0.088427423,47,36,432.2108292127176,16.674715980444944,High
12-03-2024 16:05,40.78924118783869,-73.72784922,214,75.17813226194501,70.73342443309399,Green,Snow,0,0.7336305399152041,58,17,343.98985263518995,21.93179850707317,High
12-03-2024 16:10,40.67405055745392,-73.86080081,234,6.493067468,97.13948307732248,Yellow,Fog,0,0.6646074473175219,46,43,214.9988672,16.521327171268062,High
12-03-2024 16:15,40.644090576572765,-73.7282475,79,17.668844315292638,71.88509779,Yellow,Snow,0,0.29871045180705624,48,18,332.8416222234538,17.893291215296774,High
12-03-2024 16:20,40.629994272209785,-73.83251809,72,43.114728327131324,51.99287750238374,Red,Snow,0,-0.391232655,94,14,198.20434209116823,11.721359503151103,Medium
12-03-2024 16:25,40.64063722379853,-73.85387731,266,15.748330111689402,66.67197700752519,Red,Snow,0,0.051100178029259924,20,17,171.2478357890612,19.838147204966972,High
12-03-2024 16:30,40.83627327773059,-73.97937753,56,15.719789569341387,73.88510865376493,Green,Rain,0,-0.810166863,98,33,272.5549962162649,26.38275752967315,High
12-03-2024 16:35,40.673587226513035,-73.7394671,175,58.89129002992161,78.27044680258035,Yellow,Clear,0,0.4104842564705229,41,11,321.08893791713956,25.115306344017966,Medium
12-03-2024 16:40,40.872911364336396,-73.83582607,186,9.157675264772912,47.92803999583398,Green,Snow,0,0.4162432953254289,33,10,102.26448086925359,16.11927507775283,High
12-03-2024 16:45,40.717638322195505,-73.77947503,157,49.45683871,94.42326122682475,Yellow,Rain,1,0.47232498752624696,32,0,65.79179205521325,20.02576937816352,High
12-03-2024 16:50,40.64305468851982,-73.75141195,132,39.678916359065596,85.51426556373902,Red,Clear,0,-0.530021218,85,18,317.22015866280253,21.141201033052262,High
12-03-2024 16:55,40.68254363515255,-73.74090813,34,65.37186314461857,80.14600918072628,Red,Rain,0,-0.570109667,46,14,176.59677836308697,6.177027877845685,High
12-03-2024 17:00,40.69101656925392,-73.89622806,227,25.22968124771755,93.03430577324046,Green,Snow,0,-0.476032339,8,49,372.2644092260906,21.35284591722165,High
12-03-2024 17:05,40.82656867209078,-73.78329124,139,48.76103690780714,90.35333282885412,Red,Fog,0,0.319492868,47,16,283.6777687787719,8.557997284838782,High
12-03-2024 17:10,40.87174063090985,-73.74130323,128,79.62210487928273,79.80960775629642,Red,Clear,0,0.41800277572233435,15,10,136.2284951338492,10.635654737971816,Medium
12-03-2024 17:15,40.893737456392216,-73.98147003,233,62.916586166944754,62.32148773509617,Yellow,Fog,0,0.6310471941951188,25,35,370.77394611965366,7.5520787507381595,High
12-03-2024 17:20,40.75760502737014,-73.82890573,131,76.45170598,24.976021522273463,Red,Snow,1,0.9663662856716795,82,39,143.61676782898195,23.78653675327849,High
12-03-2024 17:25,40.82922080795993,-73.86849019,87,67.23760597496468,76.28572104677964,Green,Clear,0,-0.909818501,9,37,128.6152603907642,8.054046558612253,Medium
12-03-2024 17:30,40.70098485790441,-73.90925144,137,6.770118644059182,71.62533450871004,Yellow,Rain,0,-0.538762261,29,34,64.36542299497418,25.695007862353993,High
12-03-2024 17:35,40.854039278582064,-73.87381524,103,46.52017002541548,80.10182589722089,Red,Rain,0,0.35275916732240975,44,33,230.12566796142082,28.08206317038079,High
12-03-2024 17:40,40.62378273448043,-73.78026957,262,8.317919925696467,35.047786353059905,Red,Clear,0,0.7936135590171713,92,36,131.67482320001875,7.483996830537183,High
12-03-2024 17:45,40.86261687936198,-73.81204256,25,30.320417962349488,96.53252105,Green,Snow,0,0.23630216670103965,14,33,410.7739858014894,14.846828773203606,High
12-03-2024 17:50,40.79249836332597,-73.79225779,239,45.40891712489224,62.42156858459493,Red,Snow,0,0.5290601395941161,22,31,234.09169539827639,11.143525309708597,High
12-03-2024 17:55,40.634875521164616,-73.85676787,242,18.633423182232832,80.38559131953416,Green,Snow,0,0.5308434359529415,28,44,145.60459979717055,10.500596434859784,High
12-03-2024 18:00,40.69219320369159,-73.98568096,69,25.753068213993277,93.53726834742243,Red,Rain,1,0.76903312,10,11,174.14726613340923,15.869245254479013,High
12-03-2024 18:05,40.78643296729378,-73.93033117,66,78.83515824917484,27.93716817418413,Yellow,Clear,0,-0.315860581,42,19,282.9328088941503,7.219454450015129,Low
12-03-2024 18:10,40.659847990674905,-73.82097953,134,51.257401052827895,66.46772303573508,Yellow,Clear,0,-0.550962286,68,3,406.23133359110443,6.241133741825037,Medium
12-03-2024 18:15,40.64316038959271,-73.95696148,117,36.62087785,77.17366089659242,Green,Snow,0,-0.56347956,75,29,180.11996113943596,25.966177192174413,Medium
12-03-2024 18:20,40.83482577816299,-73.91484263,173,70.91838862178281,51.008392055580615,Yellow,Rain,0,-0.509307903,38,4,164.50108365885706,10.874872125680657,Medium
12-03-2024 18:25,40.77968852157409,-73.76795838,237,57.10547278972463,81.98436451436372,Green,Rain,0,-0.186090714,29,39,81.64211902207026,15.670021401562346,High
12-03-2024 18:30,40.61330355510726,-73.9722235,276,60.96068290866206,56.137533564601064,Yellow,Snow,0,0.6343272010314116,66,14,401.1233266438461,16.65296850378826,High
12-03-2024 18:35,40.86048139850681,-73.96154189,261,52.11991461300125,68.29815300321333,Red,Fog,0,-0.341676895,4,47,107.6418843886859,25.254835489137857,High
12-03-2024 18:40,40.835010838404216,-73.74119905,19,41.29352347973686,27.838569339263717,Yellow,Fog,0,0.5382006522526148,9,30,157.2013743293059,21.321856955245995,Low
12-03-2024 18:45,40.84001267,-73.75303351,21,75.90365915425274,74.9582759,Red,Clear,0,0.6040940435598909,38,41,493.4778034372467,13.75372418349423,Medium
12-03-2024 18:50,40.808802384368185,-73.7546981,43,9.842020277906208,45.12275853226303,Red,Clear,0,0.9171434711770183,22,34,291.8401679404435,13.251277741845758,High
12-03-2024 18:55,40.672707049070496,-73.71345285,80,17.56480985423807,35.542837768325946,Red,Rain,0,0.3896700407975189,65,7,107.08357446832981,13.854346382430203,High
12-03-2024 19:00,40.78528760197052,-73.87354956,12,51.48529260472337,94.50057047588926,Red,Snow,0,0.44837248375389405,35,27,329.89483252248635,10.254072404513323,High
12-03-2024 19:05,40.80975839188782,-73.97760198,286,42.47471717197456,59.93384183851918,Red,Fog,0,0.34724933815286696,78,17,431.6665937808629,25.82206118025787,High
12-03-2024 19:10,40.632747418715994,-73.88483796,177,26.158301185709526,47.56359379798424,Green,Snow,0,0.651954844,75,20,57.31174849978549,19.468625973775083,Medium
12-03-2024 19:15,40.70714829266261,-73.79794701,279,57.99613157821188,77.05905851229421,Yellow,Fog,0,0.8805170807266096,70,40,90.61119554111856,18.30521005280744,High
12-03-2024 19:20,40.65863280003985,-73.99055195,78,28.997251733522063,81.6526419,Green,Rain,0,-0.045599966,42,43,168.59702850460707,9.886723066773014,High
12-03-2024 19:25,40.85275993265687,-73.93862048,298,23.27451102892861,62.828794362323386,Yellow,Clear,0,0.2314675029526987,27,37,399.09180609746426,18.696663484367683,High
12-03-2024 19:30,40.67754331660773,-73.92231935,254,77.62666621823494,30.620906363889425,Yellow,Rain,0,0.9728996670826184,57,27,414.27051809984266,13.855552561405123,High
12-03-2024 19:35,40.82770696151482,-73.92822634,49,56.01181319673005,16.78777728105341,Red,Rain,0,0.003703094,31,40,120.5946943740547,8.675684936,Low
12-03-2024 19:40,40.76804126611233,-73.88440255,232,47.21938656725094,84.19983229257362,Green,Snow,0,0.042112174,19,38,107.61659735367128,21.247838284038917,High
12-03-2024 19:45,40.66910173788959,-73.71787863,218,59.431795281124494,94.60813742654149,Red,Fog,0,0.4569700838351056,38,34,474.6928541580205,29.661483238042674,High
12-03-2024 19:50,40.723617557185314,-73.71012134,175,76.17459069253609,50.58665910689344,Yellow,Snow,0,-0.971706345,1,46,401.5671482138008,25.503852938861055,Medium
12-03-2024 19:55,40.70163066980405,-73.95911484,109,48.64604604,31.685750228968026,Green,Fog,0,-0.675954589,47,32,409.1474750671183,26.577233770926473,Medium
12-03-2024 20:00,40.78727127801134,-73.99990616,71,73.05048489852125,39.260974024868986,Yellow,Snow,0,-0.940507422,79,5,161.33960739464374,12.569581905289274,Low
12-03-2024 20:05,40.77383355155653,-73.79751044,277,47.20537243144111,99.61212685942269,Green,Clear,0,-0.746351867,34,2,263.1449282675251,10.33980654360375,High
12-03-2024 20:10,40.85597260110972,-73.84169123,52,74.30690282848627,85.86265683992204,Green,Rain,0,0.3717327925287752,97,25,311.9998871998786,7.7279747036922375,High
12-03-2024 20:15,40.68822932242013,-73.82888321,135,34.016573579049194,40.95520331044075,Red,Rain,0,-0.212372639,44,40,300.78905529623427,19.98290236467852,Medium
12-03-2024 20:20,40.69132014629611,-73.931595,296,10.546424903900634,43.726281429513854,Red,Snow,0,-0.284904861,65,20,238.16435031228286,27.110008107011254,High
12-03-2024 20:25,40.728496,-73.70090085,228,21.402368533778798,49.54363782723527,Red,Rain,0,0.2517534475203358,6,26,458.0657116651431,27.34486176203414,High
12-03-2024 20:30,40.872888929607285,-73.72407345,236,60.98940830914142,19.29994789910912,Yellow,Clear,0,0.6816822212753362,67,49,241.4408610505898,6.174195672741998,High
12-03-2024 20:35,40.674920203014594,-73.97786268,163,9.444712904494242,20.410249454433973,Green,Fog,0,-0.126447177,82,0,490.86628554673024,13.365652398020199,High
12-03-2024 20:40,40.69802562906645,-73.96494344,273,25.191990814211376,49.50500348112173,Green,Snow,0,-0.883930543,15,31,95.28153799075537,28.163169700872963,High
12-03-2024 20:45,40.720872770421984,-73.81311056,68,66.88398750720523,10.198772811469926,Yellow,Snow,0,-0.043511606,47,35,223.05915468706092,24.442099645727296,Low
12-03-2024 20:50,40.73696501108841,-73.82586962,25,58.84696180670522,31.20191691945393,Yellow,Fog,0,-0.262089899,9,45,423.6760634,27.82962519067254,Low
12-03-2024 20:55,40.81247450855494,-73.7369764,275,26.86202281029832,52.26315841164833,Yellow,Clear,0,0.060925791542511654,27,41,336.68730881599515,18.824827558621983,High
12-03-2024 21:00,40.69247431,-73.82394684,92,31.256430889371078,90.23811597367661,Yellow,Fog,0,-0.658563978,46,42,117.84747871899938,15.159430454720667,High
12-03-2024 21:05,40.71121136437906,-73.82714372,14,65.40390346303587,42.92089328032487,Yellow,Rain,0,0.9418438506475455,71,35,283.87289603367367,16.51250356391096,Low
12-03-2024 21:10,40.820856958459885,-73.81716024,215,75.52500222611958,78.28575347106717,Red,Fog,1,-0.872876143,15,21,235.39026320428206,18.281363840500624,High
12-03-2024 21:15,40.883656500599464,-73.76804726,202,5.251736818026297,59.28115763,Red,Snow,0,-0.039981884,21,21,491.84850060220833,19.92486480250887,High
12-03-2024 21:20,40.876961792114145,-73.79692686,216,43.323896925668265,20.726608457713397,Red,Snow,0,-0.887221918,86,17,218.6557142634649,8.068570946,High
12-03-2024 21:25,40.70601480859227,-73.87043682,62,31.421732126572195,82.22512382,Yellow,Fog,0,-0.188951349,82,8,60.75678612734889,11.385835800580864,High
12-03-2024 21:30,40.60656128013226,-73.94416261,109,40.53922284,39.20718173197631,Yellow,Snow,0,-0.245081176,82,43,384.7196650028545,6.260935306681866,Medium
12-03-2024 21:35,40.87654647669251,-73.76653557,129,74.28320522506071,53.20382870887358,Red,Fog,0,0.47672102689830953,95,46,327.4270573087125,27.827600655749926,Medium
12-03-2024 21:40,40.721181562741776,-73.89211272,103,26.791383203711693,22.822686190562298,Green,Fog,0,0.6980788305060741,41,15,406.83656638186903,20.330020237665263,Medium
12-03-2024 21:45,40.64313734617281,-73.95731761,181,26.824871205993208,36.43441508,Yellow,Snow,0,0.4359354281923007,40,35,248.07959643940052,25.69911958591962,Medium
12-03-2024 21:50,40.67278428649726,-73.89702448,41,12.166922996808026,45.55420008848347,Green,Snow,0,0.3850626827544865,76,20,391.64432294168273,16.99108062786579,High
12-03-2024 21:55,40.68773712234812,-73.91503838,163,7.124409219619041,82.80629500452595,Yellow,Fog,0,-0.234583768,91,34,182.25487511496735,11.875018948048584,High
12-03-2024 22:00,40.640622313345155,-73.8427731,215,79.92470771219021,47.71705513319096,Green,Fog,0,0.8840268521946792,8,26,142.91762152206059,22.462524368256933,High
12-03-2024 22:05,40.705393978382574,-73.70839863,43,16.02927075315261,29.54020668,Yellow,Fog,0,-0.88298522,85,45,382.2929155627918,27.49010483057226,High
12-03-2024 22:10,40.75410542646497,-73.92348055,293,69.37789106996287,73.27310465026486,Red,Rain,0,-0.251354698,28,14,56.50855629366935,11.558593664206958,High
12-03-2024 22:15,40.633692012855875,-73.98078083,214,34.273115902753844,18.60614018235536,Yellow,Fog,0,0.37496647111650305,34,13,322.2313645205379,26.646367355726962,High
12-03-2024 22:20,40.74520397812103,-73.88130289,270,61.298992939522925,50.33737287981517,Yellow,Snow,0,0.28918807891215237,90,46,252.29692867475728,8.620727271458698,High
12-03-2024 22:25,40.68240875725016,-73.74226461,296,6.488063549988194,23.148572531389952,Green,Rain,1,0.2807639054360873,35,5,136.59735310045448,14.239401545092491,High
12-03-2024 22:30,40.85714523125916,-73.71564852,92,74.85269023664338,61.114897189327046,Red,Fog,0,0.5690055514725381,29,11,302.4742839899913,29.56744593700642,Medium
12-03-2024 22:35,40.71405136703182,-73.88547479,293,43.697005320486525,46.56183312781799,Red,Clear,0,-0.573331624,74,24,288.3282258520275,18.804113117429722,High
12-03-2024 22:40,40.84349009611794,-73.77853314,75,70.87868462675148,52.138259482745774,Red,Rain,0,0.6835937573168487,8,44,462.56567281645755,20.42915335783433,Medium
12-03-2024 22:45,40.83113825962382,-73.95827636,104,22.23821791684115,90.69368752263236,Yellow,Fog,0,-0.09444462,99,32,411.33188530453805,27.28921788191051,High
12-03-2024 22:50,40.786753750876194,-73.87924668,82,19.00565301244614,47.082219142619124,Green,Clear,0,0.8079437840514825,11,16,492.4671848678412,25.26691250084514,High
12-03-2024 22:55,40.61463712002958,-73.99072285,37,41.58861525520852,13.571976766203573,Green,Rain,0,0.7308987542793266,27,20,235.11736589170914,29.532965578873796,Low
12-03-2024 23:00,40.61066641308264,-73.81117015,112,69.23760698702043,61.04219940688986,Red,Snow,0,0.7483914679029506,7,14,408.8697867686582,15.877998157394469,Medium
12-03-2024 23:05,40.674764643850374,-73.89758102,264,54.31152672259403,88.45148213482436,Yellow,Fog,0,0.7549307791105737,38,27,169.08694885945732,10.905097044348532,High
12-03-2024 23:10,40.76981222077215,-73.80990964,213,10.272044497511633,83.89809529363728,Yellow,Clear,0,-0.503662467,1,22,123.15404052386155,12.086186221863152,High
12-03-2024 23:15,40.67767151,-73.98170308,163,77.43444388729395,51.82881272382382,Green,Snow,0,-0.609484254,98,9,306.0690002445261,21.616379965114326,Medium
12-03-2024 23:20,40.87799289063572,-73.88562118,44,37.43491405609053,69.36645942,Green,Fog,0,0.9852105933092277,13,1,320.8556523596268,23.07863141741079,Medium
12-03-2024 23:25,40.672499483893375,-73.75684848,286,8.069802790761065,91.520533,Red,Fog,0,0.22599652895488775,73,49,441.04113947993574,19.974980859209204,High
12-03-2024 23:30,40.85496629,-73.7245671,83,44.868159193097696,36.69259678786475,Red,Snow,0,-0.679797016,17,30,292.12475787730693,14.49420887760575,Low
12-03-2024 23:35,40.62871802,-73.78119472,24,42.37091517069848,33.382856879054124,Yellow,Clear,0,-0.319283332,86,37,453.0224342,18.45985601225383,Low
12-03-2024 23:40,40.700718385992985,-73.90675872,36,17.007681012796038,66.40008015,Red,Fog,0,0.056054292,82,5,171.5633705,11.499816884057797,High
12-03-2024 23:45,40.83662841315822,-73.96840341,34,68.13865215730092,16.38720354157546,Red,Fog,0,-0.195777663,99,4,385.60814298021774,24.590645711032227,Low
12-03-2024 23:50,40.859481453647945,-73.71989478,83,31.505150410098064,33.77475184875792,Yellow,Clear,0,-0.983027313,79,15,231.88554809624455,8.378457486721642,Medium
12-03-2024 23:55,40.79964409614202,-73.75840094,160,69.59861913866595,60.96394385057332,Green,Rain,0,0.15396788452822663,46,13,214.10738635969065,10.869766653653791,Medium
13-03-2024 00:00,40.84253584294399,-73.72409397,205,61.6263712,38.13511366,Yellow,Snow,0,-0.288390649,68,42,425.69666199446283,8.910730985034046,High
13-03-2024 00:05,40.679210419660585,-73.91235766,133,17.98375479996471,84.63026255250178,Green,Clear,0,-0.242322808,50,4,411.4885614768429,15.084248302327312,High
13-03-2024 00:10,40.829677629847026,-73.98871175,76,41.163293985552855,77.17749564524809,Red,Rain,0,-0.788304091,66,5,88.75150576,23.513529232691276,Medium
13-03-2024 00:15,40.642851192586676,-73.74390725,200,60.73983556822224,79.00696383,Yellow,Clear,0,-0.779083157,91,13,113.39281360283003,18.515567562022753,Medium
13-03-2024 00:20,40.77697639510028,-73.84703947,136,54.88958153,33.005470578285355,Yellow,Fog,1,-0.898067404,33,33,184.19143632066607,17.584267725884335,High
13-03-2024 00:25,40.70921221910912,-73.81714901,288,21.529529651462195,24.191828372254506,Green,Clear,0,0.23403446348684587,66,40,470.46386797245754,10.610070560509708,High
13-03-2024 00:30,40.688586487498725,-73.86506118,295,35.32323196,32.03121895663368,Red,Rain,0,0.11244145007452477,26,48,105.33165433436952,18.439359128728768,High
13-03-2024 00:35,40.619810857701886,-73.79422992,17,29.639228636137368,30.656165309681032,Green,Clear,0,0.14235300299388665,72,39,310.5918413450525,29.753809992072355,Medium
13-03-2024 00:40,40.879419642336885,-73.82373486,39,54.64695765768318,54.031475459227984,Yellow,Snow,0,0.42928286076944167,19,20,206.32469719818002,27.00603263650322,Medium
13-03-2024 00:45,40.64728165677929,-73.93758887,111,79.09342095926466,39.67676144569549,Yellow,Clear,0,-0.394801213,12,45,388.36883587476086,13.603755413005507,Medium
13-03-2024 00:50,40.86980968540983,-73.90960414,269,38.55580764571947,88.99264489818437,Green,Rain,0,-0.879372321,63,42,470.59823838956254,19.147527179875922,High
13-03-2024 00:55,40.678055113655034,-73.89058192,192,73.99151455155733,50.68204503500974,Red,Fog,1,0.032970803,6,2,407.4625431090437,29.728398124355135,High
13-03-2024 01:00,40.748508524764496,-73.72339535,26,76.87878982538652,54.46265653626191,Red,Snow,0,0.5183063391961418,34,25,481.5343760309081,26.902143179729034,Medium
13-03-2024 01:05,40.77054786439647,-73.74770067,156,28.185712663966918,64.16812940250735,Red,Clear,0,0.8470592584214509,21,25,476.35015239833984,26.173013889613895,Medium
13-03-2024 01:10,40.80114927405042,-73.9327277,74,58.54654263446596,16.333918381784294,Yellow,Clear,1,-0.542708162,80,42,122.3721898826525,28.419498766750635,High
13-03-2024 01:15,40.691980938789285,-73.88711411,231,57.18501320887181,78.28715617475406,Green,Rain,0,-0.310717926,20,45,147.01670875639888,13.67804232765908,High
13-03-2024 01:20,40.673824695430234,-73.72084233,62,68.68460268502764,21.156963718614094,Yellow,Clear,0,0.6488777975854079,25,1,453.04069968709996,26.457311962013215,Low
13-03-2024 01:25,40.86993572470119,-73.75070446,279,40.25193157294375,61.66226173434378,Yellow,Fog,0,-0.063048781,95,30,274.4390816617801,10.46573652879126,High
13-03-2024 01:30,40.68618724,-73.87136004,140,32.32837348781837,61.72667895236296,Yellow,Snow,0,0.24625991853740414,50,17,271.77718702566006,7.211420673637976,Medium
13-03-2024 01:35,40.60158741997631,-73.81449739,143,47.64083396319393,22.99270515823217,Red,Snow,1,0.086242627,86,36,369.6101871823054,22.10377206129675,High
13-03-2024 01:40,40.88984442529188,-73.89272864,231,70.80639774350688,23.77534889947017,Yellow,Snow,0,0.8566229141821526,54,23,163.32637594699455,9.857515831757617,High
13-03-2024 01:45,40.8247155,-73.75969617,72,24.01804787590558,10.096471749363364,Red,Clear,1,0.3504529656811133,34,47,156.57489501801774,11.840468963375898,High
13-03-2024 01:50,40.64055730984237,-73.71313361,64,35.12761220391574,55.07503693267152,Yellow,Clear,0,-0.751745889,73,37,488.23150024592223,27.57009795,Medium
13-03-2024 01:55,40.69936120047201,-73.84492705,69,51.53160286695983,13.676649704678688,Green,Fog,0,0.095160998,49,24,213.89430025723468,19.07755737716534,Low
13-03-2024 02:00,40.733370413382204,-73.77887731,58,50.73545094335779,62.187363505508124,Green,Fog,0,-0.324005016,47,25,104.39446042512222,7.848606280948168,Medium
13-03-2024 02:05,40.69466725858181,-73.76831642,223,31.52505605039691,27.282376661941786,Red,Fog,0,-0.3805418,67,47,220.7965735978302,16.659424031182148,High
13-03-2024 02:10,40.69438740807591,-73.80060147,17,20.946484611357526,32.95585779,Yellow,Clear,0,0.6357024012590118,4,4,136.36497754361545,22.259983060212743,Medium
13-03-2024 02:15,40.69136497859513,-73.95791771,55,12.37928425203867,85.82570009051724,Green,Rain,0,0.4473790725736848,53,7,494.5703515460857,27.417389096484982,High
13-03-2024 02:20,40.62028559835855,-73.76316244,150,79.43812986400216,10.97699869,Red,Snow,0,-0.056661171,12,13,463.8580048193462,5.812441646909737,Medium
13-03-2024 02:25,40.639638304292454,-73.83850489,68,18.182826273114397,45.20105228685939,Red,Snow,0,0.396315346,76,46,161.98239007664853,18.33559883438457,High
13-03-2024 02:30,40.758683872582836,-73.78747745,259,33.032311273076054,58.63108607718074,Green,Clear,0,0.9539217648655367,84,41,242.15142048282425,23.25979697074568,High
13-03-2024 02:35,40.84348761653788,-73.92228613,60,8.379563169265467,79.45952657301109,Green,Fog,0,0.2760144670153861,98,8,201.6832248342771,13.31688543403162,High
13-03-2024 02:40,40.74655047947643,-73.71801697,77,49.109630770526785,17.280481153244967,Green,Clear,0,0.29210641698673934,39,40,422.8413392379685,16.76649077610677,Low
13-03-2024 02:45,40.77993639130236,-73.76773011,38,59.17184523206928,67.24486139,Red,Snow,0,0.9264336918913769,25,45,412.3334840694381,8.675595759571635,Medium
13-03-2024 02:50,40.823467182446954,-73.80158049,40,63.051504988561895,84.53385041849478,Red,Fog,0,-0.171740784,50,0,326.0721605401352,8.934234244,High
13-03-2024 02:55,40.72685686703751,-73.98198725,182,7.392269307129904,15.278065313533046,Yellow,Fog,0,0.2405871422933623,80,0,97.28766863003813,14.6462403,High
13-03-2024 03:00,40.89089143679826,-73.99701767,30,62.359099776931366,92.53678654598043,Green,Fog,0,0.7869273817490994,35,4,177.8880366153773,15.564758335993412,High
13-03-2024 03:05,40.84377428411603,-73.71247704,36,33.544223384380956,83.26716134782009,Green,Snow,0,-0.164739419,4,7,295.22209185015004,27.995225684457584,High
13-03-2024 03:10,40.82278712216098,-73.98666094,137,49.90198165,63.49023404898524,Green,Clear,0,0.8983103746031011,22,44,52.31229656074132,27.67236405222251,Medium
13-03-2024 03:15,40.87936450199965,-73.7945459,105,73.77450781,64.52016347,Green,Fog,0,-0.354908764,2,6,85.74037595,15.849104945850055,Medium
13-03-2024 03:20,40.77189392,-73.80847774,58,11.952640040586186,77.09438666324874,Red,Fog,0,0.9326531623771293,41,9,98.04850661840806,14.97642809,High
13-03-2024 03:25,40.68718757374432,-73.82782626,48,78.67120810908679,87.88228575742446,Green,Clear,0,0.23861175364512266,49,47,204.46393496396666,28.039264160648532,High
13-03-2024 03:30,40.70508710677387,-73.71089439,267,41.47811363953177,46.64663175,Yellow,Fog,1,0.855253708,3,45,380.6001132810272,16.236301555574947,High
13-03-2024 03:35,40.641716211976636,-73.98988036,279,28.157402771492144,86.73141394780882,Green,Fog,1,0.7477810409268713,69,0,153.64765616350581,8.355918275508788,High
13-03-2024 03:40,40.73902036285481,-73.75134262,145,12.525403282703211,48.91020126,Green,Clear,0,-0.133287134,73,24,236.3203256050058,27.056233827965336,High
13-03-2024 03:45,40.834273854618395,-73.74067242,255,54.411773501706804,94.84372391251267,Green,Snow,0,-0.711061802,48,12,267.5115217905337,11.003074694027289,High
13-03-2024 03:50,40.79043297437304,-73.73217633,256,47.660479949669224,29.54162316852753,Green,Rain,0,-0.110285012,94,43,313.8951699893832,13.17533494259545,High
13-03-2024 03:55,40.64069570429301,-73.99877406,192,9.702190610936505,85.13195227,Green,Snow,0,0.23011569460449777,99,24,255.4864321839323,21.682403762980748,High
13-03-2024 04:00,40.718001949459136,-73.89153068,43,23.866075855244247,51.519728999224995,Yellow,Rain,0,-0.606615085,15,23,114.56146300697685,7.747145769177395,Medium
13-03-2024 04:05,40.84825124672893,-73.75633934,147,16.471125061719597,66.69070323211761,Red,Snow,0,-0.116295564,30,21,87.99074375176465,10.512104813014638,High
13-03-2024 04:10,40.73557170448203,-73.79783762,12,32.05220907,25.375966149631175,Green,Clear,0,0.7444809391964893,92,19,81.27269569253261,29.714411533799254,Medium
13-03-2024 04:15,40.68846216182498,-73.95886634,135,10.184511529879686,19.433255085349508,Red,Rain,0,-0.474381048,98,18,243.76321240455178,29.479600026189036,High
13-03-2024 04:20,40.64792067113209,-73.98750799,197,7.949712038954633,27.546202736063186,Red,Snow,0,0.892476258,49,22,306.35736923718105,17.704572752282502,High
13-03-2024 04:25,40.816401670355475,-73.81030912,140,40.80860856867318,43.55259475575383,Yellow,Clear,0,-0.91183784,44,35,57.264641018224225,5.799327765160024,Medium
13-03-2024 04:30,40.87526589778319,-73.77406406,247,33.096398105216934,14.94800639317421,Green,Clear,0,-0.467503851,6,21,364.3033163535918,24.718149742250326,High
13-03-2024 04:35,40.70620239953073,-73.85757134,145,63.29203279065761,74.56775034833142,Yellow,Rain,0,-0.676582582,67,21,279.38904276677135,7.568799248971764,Medium
13-03-2024 04:40,40.787280402266205,-73.74238899,169,7.119126944,96.41748472096795,Red,Fog,0,-0.210890118,68,28,178.44410827078727,5.008792866195428,High
13-03-2024 04:45,40.84525882115941,-73.97946184,232,36.414078970816945,31.086308255749216,Red,Rain,0,-0.447520608,42,16,459.0309045950662,23.955739434899307,High
13-03-2024 04:50,40.80416598810585,-73.76154225,73,12.562171128301934,46.71937975487084,Green,Snow,0,-0.233052215,33,35,348.70547024807735,16.506217557560245,High
13-03-2024 04:55,40.84690356884025,-73.82059171,24,10.1333622,11.19416350162108,Red,Clear,0,-0.099149192,71,28,126.95228860864252,10.83699944721239,High
13-03-2024 05:00,40.67905296232077,-73.83962182,12,6.368709508989613,45.45488018469817,Green,Rain,0,-0.413267502,44,27,96.76653271899049,27.05423999581649,High
13-03-2024 05:05,40.80619610368198,-73.74721233,101,22.226622247613644,54.85455923303494,Yellow,Clear,0,-0.18901703,15,44,423.35281061230796,10.198328471806468,Medium
13-03-2024 05:10,40.672983355911505,-73.80900357,109,60.71805915295768,16.758416659691317,Yellow,Rain,0,-0.092121998,50,43,165.49590283389722,24.203951714611918,Medium
13-03-2024 05:15,40.715466461497435,-73.8438087,131,27.883171953783187,36.60182879653455,Green,Rain,0,0.5437580419396313,2,33,332.69555928726874,13.549778027477444,Medium
13-03-2024 05:20,40.67822068068405,-73.85951241,262,75.45208191522201,79.72185714212475,Yellow,Rain,1,0.6387840685841559,57,19,241.3507671623717,15.647263809493285,High
13-03-2024 05:25,40.65890515989653,-73.94612295,252,48.700861468959076,38.637419437983155,Green,Fog,0,-0.404357957,47,31,72.87365182,29.10241236128159,High
13-03-2024 05:30,40.600621027057414,-73.95880016,133,17.03862205754292,55.14586597502698,Green,Rain,0,-0.807929663,41,25,272.2790450934318,5.817411585718453,High
13-03-2024 05:35,40.70967663188464,-73.91529674,163,68.16419443772091,67.96149415361388,Yellow,Snow,0,-0.421055793,36,25,455.40665935574214,9.460185829,Medium
13-03-2024 05:40,40.67216694630806,-73.98974288,226,38.63094680602032,74.51184457011105,Yellow,Rain,0,-0.33668235,11,11,443.9905701779322,28.44571141,High
13-03-2024 05:45,40.81651881891161,-73.76138415,272,35.56446826275641,80.37267869698148,Red,Fog,1,0.9860515129209526,42,31,384.18502863416506,9.312669591196979,High
13-03-2024 05:50,40.72764417345674,-73.86587439,103,50.43775240730957,94.59155065974448,Green,Fog,0,0.089394264,14,29,297.6027496917076,12.177005714366427,High
13-03-2024 05:55,40.89995330345285,-73.98146886,46,24.595602534335107,13.678002613953058,Red,Fog,0,0.091432158,3,16,470.8062277224773,16.026880230590102,Medium
13-03-2024 06:00,40.8094978,-73.85780656,125,29.312170949798077,65.23914887359454,Yellow,Clear,0,0.024413719505826492,85,44,145.2376369659117,23.650980037176026,Medium
13-03-2024 06:05,40.730007395087334,-73.94027526,115,18.766617614641593,11.873592385724583,Green,Snow,0,-0.930210047,72,39,377.5473083421327,12.061572584443951,High
13-03-2024 06:10,40.79369268,-73.96966211,199,47.03110894655048,37.89264085696722,Yellow,Fog,0,0.6748342417171218,1,45,106.76973883165635,27.743155549995624,Medium
13-03-2024 06:15,40.68459364872144,-73.95036406,17,60.43409145454866,58.69649828758129,Red,Rain,0,-0.475166516,58,18,215.3976452228192,10.062047593289613,Medium
13-03-2024 06:20,40.89070089186036,-73.80168578,53,31.983650731706174,68.72427651755473,Green,Rain,0,-0.778256019,3,17,171.49527572862274,8.402671662764426,Medium
13-03-2024 06:25,40.77722566609401,-73.92333716,84,5.864876826826053,47.467339564589885,Yellow,Snow,0,-0.946166011,41,34,182.34891635204568,9.194312218968992,High
13-03-2024 06:30,40.75360473758267,-73.93638399,135,18.245901100145225,21.13073852510961,Green,Clear,0,-0.817176409,62,36,409.16613118510605,10.565238569012546,High
13-03-2024 06:35,40.77321335528905,-73.83384837,222,39.375526509930296,70.09997371538077,Red,Fog,0,-0.273261327,25,17,408.99571238949824,13.062498107153345,High
13-03-2024 06:40,40.84798299387354,-73.76809804,42,45.18823466466954,34.77790606985792,Red,Fog,1,-0.115612418,14,33,208.86768352170793,7.809968524353207,High
13-03-2024 06:45,40.840662658062264,-73.89935654,202,63.04481271252503,20.185449435077743,Red,Rain,0,-0.117624984,29,16,171.55583797086652,12.645874501478172,High
13-03-2024 06:50,40.62850593015918,-73.7048328,143,63.91282250793971,34.46539927557296,Green,Fog,0,-0.824438275,55,19,156.96882279416988,18.11056863595344,Medium
13-03-2024 06:55,40.61264579853125,-73.87004097,277,47.98535764733184,20.49733817519234,Yellow,Rain,0,-0.1424894,15,35,397.4845843334447,21.152609171393504,High
13-03-2024 07:00,40.83314796790862,-73.87767893,268,25.516322911485464,84.59888688514118,Green,Snow,0,0.5738396375497934,93,8,160.37044557740052,23.485337084281966,High
13-03-2024 07:05,40.61948603257847,-73.77301014,93,53.66476782861947,94.78666944,Green,Rain,0,-0.482672087,27,43,319.69998708327097,18.158097569340843,High
13-03-2024 07:10,40.738358575428684,-73.74960419,281,46.02272325060726,11.361707140625688,Red,Fog,0,-0.286913097,4,45,444.8929400080208,9.375597722403413,High
13-03-2024 07:15,40.72927012572416,-73.78569959,36,33.39361677774296,28.948843923096188,Green,Snow,0,7.554918714181014e-06,70,33,207.34181140092758,9.135438331698596,Medium
13-03-2024 07:20,40.70603695387598,-73.71346212,145,10.80264303932492,27.58168035098247,Red,Clear,0,-0.738599721,7,20,327.26883540012705,10.828537411247053,High
13-03-2024 07:25,40.81913328499359,-73.85759569,109,10.151448662345306,76.52783059290964,Green,Fog,0,0.9721272494969968,57,43,201.8740652167433,7.1857769961977525,High
13-03-2024 07:30,40.89591468630929,-73.91706278,222,66.62010306110767,54.13706486643662,Red,Rain,0,0.6531375972276319,37,23,209.78632994175373,15.957772428392264,High
13-03-2024 07:35,40.820469894142065,-73.97918308,292,44.541584676187114,10.021239712025396,Green,Fog,0,0.9688632376761901,57,19,151.23614799508005,15.793867972397114,High
13-03-2024 07:40,40.63508761739073,-73.89851485,98,26.531804181933744,99.52223883,Green,Clear,0,0.7385424401975764,63,37,281.60881654329876,18.34172692391092,High
13-03-2024 07:45,40.76480718010951,-73.79073205,12,65.71682082825076,90.61338615462972,Green,Rain,0,0.8443899113949356,77,42,390.92495451173414,11.740011604464673,High
13-03-2024 07:50,40.742396983632226,-73.82956086,262,24.286864980330677,75.88074049931622,Yellow,Clear,0,0.9219534796852786,47,20,346.3332705776534,11.11053493125437,High
13-03-2024 07:55,40.658024459065174,-73.97834806,216,59.868575889346175,70.48128798124856,Yellow,Clear,0,-0.153990426,18,33,188.8550896668335,8.932252187,High
13-03-2024 08:00,40.76925399428709,-73.94926248,217,77.31067360086894,56.18863399356153,Yellow,Fog,0,0.4126537348280781,41,16,191.97936101053878,11.797681729783875,High
13-03-2024 08:05,40.817456198765036,-73.87158244,245,51.33846426762107,52.94309887542786,Red,Snow,0,-0.953979279,32,7,458.40065361597095,20.976884596746252,High
13-03-2024 08:10,40.79863719216591,-73.80300174,260,5.032807359,56.558445888349475,Yellow,Fog,0,0.3548245238971248,44,48,292.7206933169705,22.67418259989274,High
13-03-2024 08:15,40.603168401175026,-73.79066766,232,69.82044623776189,55.09063141765243,Green,Fog,0,0.11565709270366975,77,38,204.66801970184503,29.066421980121138,High
13-03-2024 08:20,40.60653358967136,-73.89143332,216,42.58668186864983,67.67497194301536,Green,Fog,0,0.48446459797760744,68,6,225.4824396601162,18.634216747724416,High
13-03-2024 08:25,40.72022604872922,-73.73655375,26,6.835656078126166,24.61709805237198,Yellow,Clear,1,0.5702557676168367,94,49,253.9294680257613,24.833743888078107,High
13-03-2024 08:30,40.89060267875933,-73.94567981,275,48.66379705706618,12.24261970361882,Green,Rain,0,0.49445067341985127,21,47,129.7692995298878,8.670129180373385,High
13-03-2024 08:35,40.63369030574593,-73.76010288,261,13.90100143729067,44.82367570057044,Yellow,Clear,0,-0.7661943,66,3,412.2998657900717,28.40357637864561,High
13-03-2024 08:40,40.710947282431434,-73.98738198,241,36.991830276977836,32.57528097917018,Red,Clear,0,-0.199450651,86,45,126.07212260284044,15.516848918768979,High
13-03-2024 08:45,40.67114114077588,-73.8231561,34,17.699935362547468,78.19546903,Green,Fog,1,-0.595679329,62,41,247.8025476066615,11.560059598024061,High
13-03-2024 08:50,40.86286320277291,-73.84113235,121,19.361840818379953,79.31556651,Yellow,Rain,0,-0.039899105,57,25,72.33748933813146,19.263889896589433,High
13-03-2024 08:55,40.631067996435895,-73.91690451,152,25.64376651,68.05598585375434,Yellow,Snow,0,0.6298821204029412,51,45,244.66994936193456,14.502321554539863,Medium
13-03-2024 09:00,40.66044425289083,-73.82351481,45,27.652303963787624,23.963767282344627,Red,Rain,0,-0.365064313,91,33,67.60659314700095,13.75371145915254,Medium
13-03-2024 09:05,40.76574477371476,-73.84041626,62,21.530312419455175,93.86508465,Yellow,Rain,1,-0.21340466,75,49,172.63079875730233,23.67907545742698,High
13-03-2024 09:10,40.81697959443966,-73.8852623,50,53.14675749198039,39.36291857257382,Yellow,Snow,0,-0.94920884,59,29,283.7464215489238,24.33846367281065,Low
13-03-2024 09:15,40.85694064,-73.72848533,71,72.44786194023563,45.06668205733427,Yellow,Snow,0,-0.57052148,72,18,298.7213323289267,12.830633666875631,Low
13-03-2024 09:20,40.777846369823706,-73.83721141,135,61.328294129841105,59.05967565431673,Red,Fog,0,0.33980619219206565,97,24,477.7596988,21.343938243203628,Medium
13-03-2024 09:25,40.760904810770825,-73.75295426,34,13.756251585924268,95.34600437049612,Yellow,Snow,0,-0.053471578,51,32,77.22086138,8.690012188707428,High
13-03-2024 09:30,40.665786717241616,-73.79986431,214,41.28445092,17.995627781276923,Yellow,Fog,0,-0.449701462,13,18,425.6640447010284,29.744428316732563,High
13-03-2024 09:35,40.60349847736714,-73.73692139,287,59.960418719515246,90.87902440788591,Green,Snow,0,0.9722513280874621,99,9,289.65977000087867,5.297016347,High
13-03-2024 09:40,40.78862181261153,-73.74490547,65,73.07403957804596,27.709887707085457,Red,Snow,0,0.7982262071306525,60,29,364.69626764945235,8.694253888328083,Low
13-03-2024 09:45,40.78387671164918,-73.91187107,235,23.947348895713137,64.83083388839991,Yellow,Rain,1,-0.165307814,72,49,208.5700147,22.90723349728311,High
13-03-2024 09:50,40.781366426235685,-73.71985817,225,36.090359104299594,39.63464088144213,Green,Clear,0,-0.899633485,47,18,79.00966324,16.279673493024553,High
13-03-2024 09:55,40.75394764108136,-73.88686456,200,16.14896397,69.91113827300472,Red,Snow,0,0.7315645891753955,82,47,199.64654415574236,28.836395647579746,High
13-03-2024 10:00,40.7378992,-73.77240058,149,33.134827883079694,60.31956034256352,Yellow,Snow,1,-0.141882176,33,25,401.9409094633253,22.144325714086364,High
13-03-2024 10:05,40.66835835662784,-73.93711563,102,47.57180824337471,97.09795157,Green,Snow,0,-0.99590504,65,14,143.0246655112714,17.00076127485094,High
13-03-2024 10:10,40.68772065460903,-73.7737593,187,6.9242491709475225,91.90464851650066,Red,Rain,0,-0.2292411,49,41,71.5776702,16.58800221,High
13-03-2024 10:15,40.638024209738276,-73.93875289,152,74.83213214262284,69.9779462,Red,Rain,0,0.9072472768316102,33,6,235.2683842935699,17.604465323234102,Medium
13-03-2024 10:20,40.60963525605005,-73.78054771,66,52.38961968242464,57.73568865630217,Red,Fog,0,-0.992232305,51,39,158.7644836889733,7.605724577352211,Medium
13-03-2024 10:25,40.737047810969216,-73.86403447,125,14.387674640377758,21.03586840665212,Yellow,Rain,1,-0.830702747,15,15,144.47922568912276,22.76439125327672,High
13-03-2024 10:30,40.85942946625772,-73.9174289,14,53.64458855,64.30510120194397,Yellow,Snow,0,-0.970967254,75,35,77.95383187566927,13.878378848078206,Medium
13-03-2024 10:35,40.78844502739497,-73.74737422,152,31.832902604542564,49.01274075343633,Red,Clear,0,0.817902853,88,39,256.10681095858484,15.60362440802467,Medium
13-03-2024 10:40,40.894530537808585,-73.94704251,52,55.70623490633858,53.062146038427244,Yellow,Clear,0,0.890371099,58,46,167.4158826488038,10.853916762443415,Medium
13-03-2024 10:45,40.75940665407218,-73.87455638,259,59.579013607708504,32.48010103842326,Red,Rain,0,-0.466125433,1,19,391.74867793919975,19.450871897580402,High
13-03-2024 10:50,40.890877167713974,-73.70227152,78,70.07973180342526,67.73430689161398,Red,Snow,0,0.4319434162257141,24,14,110.72723506175407,13.490283974966156,Medium
13-03-2024 10:55,40.736566651165795,-73.9888575,19,31.75290355987327,64.89033512619321,Red,Snow,0,0.8174602705881728,55,46,478.9197866013846,5.713708436330249,Medium
13-03-2024 11:00,40.649843034745004,-73.86115172,219,76.80559310010727,45.91009383,Yellow,Rain,0,-0.722288705,76,42,346.4276139349285,5.196915859223873,High
13-03-2024 11:05,40.843820260182696,-73.97726434,227,16.980745832515453,57.58787121072146,Green,Snow,0,0.5304963598953656,67,12,418.6073315047004,9.117115996193949,High
13-03-2024 11:10,40.60185686321793,-73.7996625,57,41.01794606810422,58.29115037992723,Yellow,Snow,0,0.7171017748972539,38,30,411.3204929230436,12.654220949893395,Medium
13-03-2024 11:15,40.66360367,-73.79160232,210,5.716633289332394,85.28673585336202,Red,Clear,0,-0.539347769,8,18,112.09373497408765,11.337091885901057,High
13-03-2024 11:20,40.72470718128902,-73.76761286,88,68.82596633145198,97.34727097473784,Red,Rain,0,-0.529169168,83,26,119.49571345168162,19.927893386510945,High
13-03-2024 11:25,40.792821300527045,-73.76123835,41,67.15956089749085,24.43038404405366,Green,Rain,0,-0.047010671,48,18,495.4627080091865,27.472918354057285,Low
13-03-2024 11:30,40.65478912056863,-73.92128017,128,19.912642360398948,35.96760404452584,Green,Rain,0,-0.505495602,80,39,378.12484352887117,23.285522324133677,High
13-03-2024 11:35,40.645915967573494,-73.83380762,236,49.76908461774497,93.19879286952323,Yellow,Clear,0,-0.389821221,22,34,450.8534629527146,17.552601750515997,High
13-03-2024 11:40,40.60737635091614,-73.70694775,84,20.09074925,75.65448611292463,Yellow,Fog,0,0.064223754,39,29,407.0810365328542,12.967501641539084,Medium
13-03-2024 11:45,40.85905626759373,-73.73989368,194,65.17300849851776,16.558150264139897,Red,Snow,0,0.061503594539642936,33,34,258.22050404944366,10.582467916127108,Medium
13-03-2024 11:50,40.62794161968993,-73.72155876,75,21.904795395150316,36.668789562401166,Red,Fog,1,0.7581420263713532,10,34,419.00534941901697,6.674926298331853,High
13-03-2024 11:55,40.79529998773792,-73.74709878,113,78.10561534400728,71.83695356489703,Red,Clear,0,0.5990602989538922,45,9,418.8123861492263,22.381618104045277,Medium
13-03-2024 12:00,40.81452921040902,-73.72367772,34,60.94932158093991,44.381989413851905,Green,Clear,0,0.5051001010955112,92,34,295.2785869468654,5.256111289,Low
13-03-2024 12:05,40.78217009950007,-73.92117365,210,21.634802541241147,39.40184720233408,Yellow,Clear,0,0.4922194452589621,80,36,436.4853133458844,19.560310569327935,High
13-03-2024 12:10,40.61223366284652,-73.71744104,278,49.35867344268644,68.78529497306486,Green,Fog,1,0.2805853725420311,51,42,384.46309858860474,10.314119462906156,High
13-03-2024 12:15,40.69775078574429,-73.7639175,140,72.65850330313545,10.575497148026017,Green,Rain,0,0.3812829991983895,65,27,95.36091734098267,16.716711838537904,Medium
13-03-2024 12:20,40.86466744310745,-73.81866377,106,36.77896002,79.18023224461716,Green,Snow,0,0.9734755934599075,15,25,303.5486304364294,10.371477144754621,Medium
13-03-2024 12:25,40.67504940481212,-73.74589142,191,68.98916268141505,91.45848102461584,Yellow,Fog,0,-0.573920969,99,1,378.9677515,13.86323953250863,High
13-03-2024 12:30,40.802779133293484,-73.92514088,247,49.88644207714587,10.090964804085763,Green,Fog,0,-0.79820055,54,29,98.86277554848618,14.722613794185117,High
13-03-2024 12:35,40.62641174625374,-73.90851883,110,44.652652000314525,65.33047737,Green,Rain,0,-0.971320999,13,27,283.5939033020469,27.774178949654292,Medium
13-03-2024 12:40,40.79200891990598,-73.90520602,48,63.90336493456384,96.80866330607618,Green,Rain,0,0.7530729233738027,95,26,428.5181599880693,6.2713152324644375,High
13-03-2024 12:45,40.60638062,-73.99596564,99,62.97582272782028,28.810586392974994,Green,Fog,0,0.94106548,92,45,409.09743141339374,25.99316340532017,Low
13-03-2024 12:50,40.892932156908444,-73.76292501,122,20.18928338643635,38.816165195779995,Yellow,Snow,0,-0.194628412,98,17,68.10170311531145,11.141471060638532,Medium
13-03-2024 12:55,40.884320864495244,-73.70168375,159,53.46510518950076,25.02201921439905,Red,Fog,0,-0.343549399,96,11,188.44316570375722,14.01505844200383,Medium
13-03-2024 13:00,40.72719936918171,-73.86838402,196,53.16767889517094,24.442747391943033,Yellow,Snow,0,-0.879044268,3,21,98.73976960076946,8.307021254537919,Medium
13-03-2024 13:05,40.79842025754136,-73.90150846,62,63.31211708611033,45.62442598469568,Green,Fog,0,0.482124171,84,9,279.4413247344886,7.577522088,Low
13-03-2024 13:10,40.78217671890918,-73.9166848,281,12.314554518315951,91.79468095673563,Yellow,Rain,0,0.24556854213812263,53,47,176.51017706728084,29.75857955535204,High
13-03-2024 13:15,40.71878964667063,-73.85840485,118,14.851107823390787,27.841879763925103,Red,Rain,0,-0.477010749,80,46,260.41920548271315,16.558503861874197,High
13-03-2024 13:20,40.75477149438409,-73.74684033,25,18.96265941,68.57655887285175,Green,Fog,0,-0.038935429,60,28,69.00478820939341,11.721001281473075,High
13-03-2024 13:25,40.75783961949858,-73.75716349,175,24.35313738739226,32.32400923706692,Yellow,Rain,0,-0.904234106,3,25,395.7251037409514,28.166226284748127,Medium
13-03-2024 13:30,40.822682455634485,-73.7711485,243,39.29471814,50.48407565310057,Red,Snow,0,-0.163093478,62,43,73.98188981430496,16.79350168214232,High
13-03-2024 13:35,40.80929435965153,-73.74598067,146,60.462141699948326,21.401575645902415,Green,Rain,0,0.996780785,28,44,80.03449471424548,6.062974636908204,Medium
13-03-2024 13:40,40.76118658445105,-73.85573014,14,11.459594285473388,85.67964304176655,Green,Snow,0,0.9720594140912087,49,42,208.62694054496512,14.70110299614802,High
13-03-2024 13:45,40.88123735487813,-73.71077949,107,11.360723640629226,46.96947734185039,Yellow,Fog,0,0.42220144316714436,67,38,305.50213270990065,15.669229313949122,High
13-03-2024 13:50,40.80974358,-73.73801268,226,26.702404739997007,43.90156047810183,Red,Snow,0,0.5102356808121469,42,22,185.60617076712055,19.76878255537037,High
13-03-2024 13:55,40.621431769432625,-73.97192034,299,54.79890951337467,28.036823626448836,Yellow,Rain,0,-0.07386807,54,31,259.5293826541348,9.351456812104821,High
13-03-2024 14:00,40.64440852517871,-73.89277729,280,34.97906269474616,67.89520736759391,Yellow,Clear,1,-0.263067726,41,0,106.67800126673043,11.393628772463941,High
13-03-2024 14:05,40.65860123995658,-73.84360842,261,50.40630921930286,10.14513696981476,Yellow,Snow,0,0.6023333815867697,51,9,215.21260491870103,25.34886323340465,High
13-03-2024 14:10,40.7734381,-73.97210631,91,54.34868922334712,15.961877438153419,Red,Clear,0,-0.999659686,88,40,371.36862196371004,16.63836062905882,Low
13-03-2024 14:15,40.60296074852006,-73.73938385,122,45.12444515596091,11.603266416207305,Yellow,Fog,0,-0.673342135,6,1,372.6347221,17.353383718782794,Medium
13-03-2024 14:20,40.62566356,-73.73401111,231,27.527031214213828,73.36421434091724,Green,Clear,0,-0.966405351,55,1,144.56939447915022,5.222732265173503,High
13-03-2024 14:25,40.72515823115895,-73.74592401,102,9.826006005689205,78.24330676662568,Red,Snow,0,0.8206521418497812,86,22,204.21885412201289,19.45374983307542,High
13-03-2024 14:30,40.77297520572741,-73.97992305,292,55.57613110809354,84.75523034149568,Yellow,Fog,0,-0.433565509,64,7,350.75950243524727,29.075225458726123,High
13-03-2024 14:35,40.794375288226696,-73.98605675,119,59.26895325219225,91.68207412,Red,Snow,0,0.5911018112876447,32,46,487.2413974171451,24.580880349828025,High
13-03-2024 14:40,40.75522977531429,-73.7286941,190,26.08359592079678,89.96308394829153,Red,Snow,0,-0.883002505,19,29,421.05565962036104,10.671076936424374,High
13-03-2024 14:45,40.83052670261735,-73.9163082,120,42.02032686152501,40.40270351831957,Green,Clear,0,0.090662422,57,41,86.94834517,13.044683519447904,Medium
13-03-2024 14:50,40.863103580130534,-73.74655053,297,59.46454920632792,19.175113690234472,Red,Snow,0,-0.726537897,34,5,147.65953705862697,20.972482681536295,High
13-03-2024 14:55,40.75216104089242,-73.90227975,235,32.863200912547974,97.1379326,Red,Fog,0,-0.382578535,28,44,55.86208637423025,29.422498259912174,High
13-03-2024 15:00,40.72252389136256,-73.83776333,72,73.96979892277143,31.901750534431837,Green,Rain,0,0.9011163688436381,78,43,151.6350365,15.685210149748245,Low
13-03-2024 15:05,40.87338623549103,-73.73244381,246,5.740354212629804,27.22277770432033,Red,Fog,0,0.7742657427553901,55,26,232.64506224502537,26.001446630545196,High
13-03-2024 15:10,40.76525710246893,-73.81120944,29,30.31893130339151,90.20603999213918,Green,Fog,0,-0.841088749,86,31,108.11922178071978,24.953370240565526,High
13-03-2024 15:15,40.70582310956592,-73.87409936,24,24.428283622903916,93.49423691844376,Red,Clear,0,-0.383645153,56,9,442.9260468665557,18.48536039499653,High
13-03-2024 15:20,40.66401663636433,-73.84710197,129,29.652144258245887,77.36310748416177,Red,Snow,0,-0.241608723,41,3,206.63467123926694,18.49529082212117,Medium
13-03-2024 15:25,40.72038356,-73.84719369,119,71.13061754826244,47.009877247132344,Red,Fog,0,-0.719342585,72,21,215.68706709461193,11.972957890274866,Medium
13-03-2024 15:30,40.70602884539749,-73.91156962,47,22.02383336430894,38.50146466017198,Green,Fog,0,0.3655003536189263,10,28,362.9166883,11.521674401026903,Medium
13-03-2024 15:35,40.70501066048036,-73.71692872,147,67.62690202749903,55.19290472774151,Green,Fog,0,-0.405743526,55,1,440.05642327715236,13.66048706079425,Medium
13-03-2024 15:40,40.80495942243729,-73.82862043,41,71.22958269152882,14.018002684600205,Red,Clear,1,0.6351772397186857,99,20,210.81867037414483,14.314939601673089,High
13-03-2024 15:45,40.86916604584376,-73.87855195,177,39.98220038928018,70.20530002086409,Red,Fog,0,-0.413555827,24,49,212.4849877,8.309826300481571,Medium
13-03-2024 15:50,40.81694310358022,-73.87749132,144,48.43327524481043,42.49421984836281,Green,Fog,0,-0.980577837,60,27,379.6108127198246,8.170375056,Medium
13-03-2024 15:55,40.735653063983264,-73.78305211,288,45.494087576263645,63.09687018704708,Yellow,Clear,0,-0.844727418,50,8,165.03768704104732,8.918250086,High
13-03-2024 16:00,40.67151098531032,-73.75784826,15,6.86447865,62.03429734,Green,Snow,0,-0.473918299,99,13,129.4568450131676,29.705527321532625,High
13-03-2024 16:05,40.74189118970381,-73.77879141,29,51.17980664,76.31196379381498,Red,Clear,0,0.5401827700489628,25,3,412.94410494234495,9.881191749002554,Medium
13-03-2024 16:10,40.66301051551775,-73.97622633,76,25.75538495511369,14.940041784890756,Yellow,Snow,1,0.7244930359617012,15,33,408.15335224201954,5.053766677544425,High
13-03-2024 16:15,40.877219609770364,-73.87356572,171,64.83032623427339,28.365683370167464,Red,Snow,0,-0.537654351,52,17,366.40378428764365,18.99965586073529,Medium
13-03-2024 16:20,40.69524082133736,-73.83816541,286,21.12642590787888,62.52888938013144,Yellow,Rain,0,-0.050536174,5,42,245.87866976799233,27.45673684755643,High
13-03-2024 16:25,40.714018596227085,-73.72226693,73,49.62151435209778,79.38344921298484,Yellow,Rain,0,0.8601044688996036,50,1,161.49471533514958,29.116161104720035,Medium
13-03-2024 16:30,40.83186603577867,-73.86708128,181,29.429245384631955,75.80060752794166,Red,Snow,0,-0.910152239,9,43,118.65336437271982,20.316401268847255,Medium
13-03-2024 16:35,40.64492961556474,-73.9594681,73,31.397792232062105,18.324215029970684,Yellow,Clear,0,0.17118015938868592,84,38,179.78839650330255,18.276259609677698,Medium
13-03-2024 16:40,40.84720291163444,-73.86786723,28,66.71116179619855,41.13417115,Yellow,Rain,0,-0.903453366,87,45,189.7438671,25.012813459644992,Low
13-03-2024 16:45,40.862304420710615,-73.9534962,217,22.40040489949977,67.46548775009589,Green,Clear,0,0.7582790195253541,51,44,323.73332040060876,18.632241306768886,High
13-03-2024 16:50,40.769211225250885,-73.77757518,72,37.80117457234094,62.28180414509477,Yellow,Fog,0,-0.684138169,11,1,443.9263738160159,29.705413811740524,Medium
13-03-2024 16:55,40.68000106410365,-73.81645588,169,6.565248314065828,69.57458447913388,Green,Clear,0,0.7349330559463296,80,34,328.7851214291655,24.769519306755747,High
13-03-2024 17:00,40.60063128309996,-73.73284651,285,32.59384963360753,79.3104938,Red,Rain,1,0.7863444753246671,69,47,229.70472160174373,29.954186616374958,High
13-03-2024 17:05,40.67008418811377,-73.91529154,126,27.900466735237853,54.22996799821619,Green,Rain,0,-0.779443194,58,21,50.31595256682353,17.734084766893332,Medium
13-03-2024 17:10,40.625219512351315,-73.71335481,262,19.694518245411906,16.557500750773947,Green,Clear,1,-0.979616335,80,23,497.67689722708286,19.81824391,High
13-03-2024 17:15,40.86503417069064,-73.99737661,186,5.2273894069674265,86.96081027367715,Green,Fog,0,-0.134708858,53,14,318.8191422896527,6.814272460907915,High
13-03-2024 17:20,40.746330675723456,-73.81916434,81,77.96905982368716,43.46742349119042,Yellow,Rain,0,-0.9786967,92,44,294.6992202447601,22.126314432056784,Low
13-03-2024 17:25,40.79563562357817,-73.71470062,189,22.70004688614951,66.46407746943777,Green,Fog,0,0.4886873871907682,82,21,55.38274101457094,28.05092191164203,Medium
13-03-2024 17:30,40.76866065889263,-73.79821203,89,72.82007223401172,89.85074535764937,Yellow,Rain,0,0.8868435512262007,33,8,456.2711104142903,29.66034811179488,High
13-03-2024 17:35,40.60968584,-73.91565252,245,69.68064879081525,94.71671839719879,Green,Clear,0,-0.049289392,46,43,318.7232707134938,7.078458718928589,High
13-03-2024 17:40,40.71135996,-73.9918713,283,35.346019280377234,58.56344052399528,Red,Rain,0,0.5009230343683848,48,39,239.47974216673063,29.335506280553872,High
13-03-2024 17:45,40.68058229711862,-73.95968854,224,74.60552762899445,21.373607013643866,Green,Fog,1,-0.201818376,79,30,270.97443497754574,6.975299658697599,High
13-03-2024 17:50,40.82895960274623,-73.71162627,233,48.06647129198406,42.974703804670604,Green,Clear,0,0.6542143029447833,7,44,95.99879678,8.266935689928967,High
13-03-2024 17:55,40.866783337543154,-73.955298,211,36.858941410882494,49.18764744,Red,Rain,0,-0.012622906,17,12,254.6521216516372,16.93362521681898,High
13-03-2024 18:00,40.87247685975911,-73.85805871,188,79.53315918423999,12.286403713484411,Red,Fog,0,0.502110319,92,26,143.45891541733772,15.72644553158218,Medium
13-03-2024 18:05,40.891730494613206,-73.74208038,267,12.061351805348915,42.91845617861264,Red,Snow,0,-0.719089101,70,21,227.73688970302692,5.507752653878376,High
13-03-2024 18:10,40.80233608773696,-73.94882156,143,57.887192048263465,16.127632193992106,Green,Rain,0,-0.649707579,9,9,289.7472291949646,15.869385004705851,Medium
13-03-2024 18:15,40.771641319298986,-73.97705384,277,38.29713489764957,99.34755379201103,Red,Fog,0,-0.637691614,44,25,372.4637358727258,6.118693788027852,High
13-03-2024 18:20,40.77321478500286,-73.89068609,177,45.081108803916976,57.61867443,Green,Rain,0,-0.998951332,81,39,308.12089169993783,5.063980624580184,Medium
13-03-2024 18:25,40.65903115,-73.91938772,289,18.83917143645683,19.44739526,Red,Fog,0,0.4816535997697353,34,34,376.2056995356803,13.416853435994346,High
13-03-2024 18:30,40.85056087,-73.75027155,217,49.446495309855436,43.87514643700743,Red,Clear,0,0.3289224295687476,46,17,114.9188882662318,5.930141349,High
13-03-2024 18:35,40.85903070285865,-73.88208862,293,26.473016354656117,52.667837096229576,Red,Clear,0,-0.905039977,82,37,300.10907128965994,26.00877505437294,High
13-03-2024 18:40,40.668286872344815,-73.8917917,112,41.44651926098976,94.74646786489753,Green,Snow,0,0.17283957835807162,2,11,148.8948775019955,28.965688770916447,High
13-03-2024 18:45,40.63227678424873,-73.81051836,172,33.18365351283756,30.041500434815806,Green,Rain,0,-0.852603759,68,6,257.2848093557211,12.598293547625909,Medium
13-03-2024 18:50,40.80026648676403,-73.81045687,133,44.119360596571745,60.80382792954479,Yellow,Clear,0,0.244112339,2,45,341.7013530077231,22.316277697069612,Medium
13-03-2024 18:55,40.854586990629734,-73.71222394,284,55.348919275553484,21.178218347238037,Green,Rain,0,-0.179959767,38,45,229.68868995338113,23.740035745742013,High
13-03-2024 19:00,40.77852380182504,-73.9891329,248,72.11297145,90.25032639835668,Yellow,Rain,0,-0.623192739,29,42,129.31306575050047,11.53506082916746,High
13-03-2024 19:05,40.66690733438633,-73.71442467,157,30.07003878652053,10.603821414824852,Green,Fog,0,-0.685890806,31,26,188.4289256921496,12.234631518685166,Medium
13-03-2024 19:10,40.761393962997126,-73.94529818,253,75.58458667005922,93.51027627726607,Yellow,Snow,0,-0.478865786,69,46,339.32229028475854,28.208271377728824,High
13-03-2024 19:15,40.69179951972243,-73.72091154,17,9.999368793226473,70.51392141094263,Red,Clear,0,-0.099284131,36,32,364.51590983490235,23.279384255772463,High
13-03-2024 19:20,40.68158494414547,-73.93723852,280,25.706893265708608,28.13953349718094,Yellow,Fog,1,0.6363225705019324,74,43,95.43612692587325,12.32869814239254,High
13-03-2024 19:25,40.60678177740294,-73.73239166,82,20.294062474627545,59.05603508741148,Yellow,Rain,0,0.016258085,70,6,199.7855888070191,23.800534093181216,Medium
13-03-2024 19:30,40.85384936075309,-73.80923519,192,38.66555671503964,33.723251248902024,Red,Clear,0,0.865463872,3,46,216.24827894091356,24.756125325387135,Medium
13-03-2024 19:35,40.83722679008887,-73.79945337,165,34.951730329616666,30.00447006266078,Green,Clear,0,-0.468998688,41,24,273.30981409528147,16.925045741476396,Medium
13-03-2024 19:40,40.86698116921919,-73.7355737,57,19.10160842385361,38.54258710855864,Red,Snow,0,-0.318226303,84,35,258.92009313669973,26.19454579332105,High
13-03-2024 19:45,40.68539178672232,-73.72575051,265,42.06343923442022,15.497341798822816,Yellow,Rain,0,-0.411394063,25,44,363.7422243090931,17.920108156529587,High
13-03-2024 19:50,40.61609334657932,-73.89256163,213,59.85131693309948,57.24049000585195,Yellow,Rain,0,-0.532114719,64,19,213.3215772047602,19.785865908863617,High
13-03-2024 19:55,40.65438282742638,-73.76387884,100,74.36665987439412,62.42561780987489,Yellow,Fog,0,0.20803766171481364,97,16,164.37427732803081,28.019996536394444,Medium
13-03-2024 20:00,40.87384206203145,-73.79758945,281,77.07091847015003,63.51411445294998,Green,Fog,0,-0.54161604,13,20,244.99472673460076,21.185420463876493,High
13-03-2024 20:05,40.66040167093863,-73.98692167,227,48.849259002642775,39.50164744392246,Green,Fog,0,-0.788897125,5,30,474.13105565066684,7.969346050278371,High
13-03-2024 20:10,40.62451357169061,-73.88742918,154,51.375993089093164,31.014319058687896,Yellow,Rain,1,-0.480797333,53,49,387.7555422796012,17.853948132704318,High
13-03-2024 20:15,40.62223941659926,-73.93438242,193,10.822701390193597,50.22124805266483,Red,Fog,1,-0.88830212,14,31,433.82788158586493,9.626926791867447,High
13-03-2024 20:20,40.66026132773288,-73.98559044,201,36.855949996559126,41.236349975737426,Red,Rain,0,-0.242218728,42,6,380.92536277048384,12.149685518430694,High
13-03-2024 20:25,40.82953495,-73.75513964,45,7.443148357,29.830229344712944,Green,Clear,0,0.907160535,98,12,171.8080351586528,17.427761725752692,High
13-03-2024 20:30,40.89146008152131,-73.93148229,136,15.48043998,40.80900580546344,Red,Fog,0,-0.707438051,95,26,197.05377983329763,14.874827788241372,High
13-03-2024 20:35,40.64505502368514,-73.82147744,122,71.62093977192328,82.03758888225188,Yellow,Fog,0,-0.650951082,62,44,214.6089453,29.175454740799193,High
13-03-2024 20:40,40.87752910456244,-73.91023913,11,20.728857494259742,40.60632625,Red,Rain,0,-0.879774634,98,21,194.20518395833474,23.413771999507766,Medium
13-03-2024 20:45,40.762087036008666,-73.98111145,131,38.60874048736174,73.89697023323231,Red,Fog,0,-0.481780679,36,2,245.2916944454688,23.024760500716596,Medium
13-03-2024 20:50,40.691216225698234,-73.81713111,124,57.95523822596098,28.552129458238504,Green,Rain,0,-0.953163496,29,46,428.2753920330348,22.40305703,Medium
13-03-2024 20:55,40.828535242775935,-73.90426773,186,55.12216949123221,19.755955798088372,Green,Clear,0,0.5277769341558796,16,9,81.17953317163337,20.094436544504944,Medium
13-03-2024 21:00,40.78762884942672,-73.95437783,154,52.53105583501233,37.56548501664858,Red,Rain,0,0.709547296,45,36,149.99424658403674,19.94455799663809,Medium
13-03-2024 21:05,40.756398092528144,-73.75102017,181,23.434373451196777,76.14578049597277,Green,Fog,0,-0.851121664,37,49,385.5183037159516,10.038118469600985,Medium
13-03-2024 21:10,40.623846288827984,-73.819262,71,26.413444949308932,39.98112130686022,Green,Clear,0,0.9471835536023436,83,37,244.89848782345348,7.618442714865002,Medium
13-03-2024 21:15,40.764375447607094,-73.99778065,217,72.76733189,23.248109532457054,Red,Clear,0,0.22722969433954576,17,12,196.76677889112386,15.595646961912369,High
13-03-2024 21:20,40.85973476253856,-73.70291375,28,63.09286763947815,73.3228095,Red,Snow,1,-0.340988682,61,48,371.99123780576707,5.137463025878043,High
13-03-2024 21:25,40.76396863904441,-73.803142,84,7.807079861097655,90.6052628,Yellow,Snow,0,0.13491357050628983,16,49,79.16369460294972,19.813988140708723,High
13-03-2024 21:30,40.64673887918842,-73.84885927,31,16.53917004722185,37.99073300175553,Yellow,Snow,1,0.15524899261635805,93,21,318.56763294608896,11.422760923653856,High
13-03-2024 21:35,40.83441632512502,-73.85202999,70,47.075029446824715,40.20663309986941,Green,Rain,1,0.10908294617763747,19,10,391.32156847218386,25.514613866305695,High
13-03-2024 21:40,40.88398691635763,-73.98542734,129,31.01835914,63.44755887957708,Green,Fog,0,-0.629341906,22,36,346.88662186497345,13.353041531032362,Medium
13-03-2024 21:45,40.68905450677887,-73.94130825,157,22.241861498394986,68.26431956869675,Yellow,Snow,0,-0.990369206,78,38,448.5503079085619,10.212543081111502,Medium
13-03-2024 21:50,40.76804685610318,-73.89832752,226,72.87852919922568,59.253457078271865,Yellow,Fog,0,0.21870789950673064,99,36,181.30407173150812,23.95396362264291,High
13-03-2024 21:55,40.830401014867526,-73.95629263,111,48.22085236554167,32.51139478185465,Red,Snow,0,0.16197737313769855,26,7,204.0267613147627,5.606326979149633,Medium
13-03-2024 22:00,40.69307339438766,-73.80973007,79,62.759175204778415,92.27164209536672,Green,Snow,1,-0.451086717,12,22,302.6081998372099,22.738338852249242,High
13-03-2024 22:05,40.80750688390035,-73.9736864,43,68.66270088371573,46.18666535720658,Red,Snow,0,-0.951113765,89,23,76.81927589800948,11.055171339872647,Low
13-03-2024 22:10,40.80604466211826,-73.80366829,62,43.56184849473478,12.809010438712601,Red,Snow,0,-0.835625715,88,1,234.30210898033172,23.308790741697944,Low
13-03-2024 22:15,40.84516812520013,-73.71400114,158,49.435044186098416,78.29911877921572,Yellow,Snow,0,-0.026876442,33,28,417.5907304,5.642044622636795,Medium
13-03-2024 22:20,40.81701119887585,-73.88296833,95,76.33261554991279,32.113946905859116,Green,Snow,0,-0.366619293,16,8,403.90569079714504,20.34114661588492,Low
13-03-2024 22:25,40.671992701044005,-73.98343169,66,70.18009846874745,86.27928760694587,Green,Clear,0,0.43945327493032194,18,19,212.02263740979453,14.884065656905703,High
13-03-2024 22:30,40.695359532076495,-73.86951685,233,16.018455401225708,54.797119658155125,Red,Snow,0,0.7452691778935892,55,34,136.96853999013717,28.09593564236433,High
13-03-2024 22:35,40.757015048280316,-73.7179865,160,62.884655631512004,87.32089555702342,Green,Rain,0,-0.354849913,41,39,415.74667568057066,20.545845596278127,High
13-03-2024 22:40,40.83943643632522,-73.72255205,49,30.9065004,28.272876991705946,Red,Rain,0,0.34572835,98,0,389.7054215985547,18.57043689330714,Medium
13-03-2024 22:45,40.76980182710258,-73.73311546,19,15.856199054643245,46.80781242443734,Yellow,Clear,0,-0.827782559,3,2,452.7582907114653,17.052731164284793,High
13-03-2024 22:50,40.74020890731595,-73.87085915,48,23.609591068781945,80.12603702377416,Green,Clear,0,0.7047848683983602,19,46,466.4488571290674,21.812983290716993,High
13-03-2024 22:55,40.88004867,-73.76584188,159,31.45744194107674,67.38086779018928,Red,Clear,0,-0.38906698,52,0,428.66782301412167,23.835491206874842,Medium
13-03-2024 23:00,40.87852626350124,-73.84487638,15,17.54117165287146,95.90006808461169,Green,Snow,0,0.8506162798124242,83,47,400.45866303061183,14.552041706270215,High
13-03-2024 23:05,40.61539422344877,-73.91728617,126,25.366396892329362,20.122737967871537,Yellow,Fog,0,-0.478740966,10,20,125.43436817260154,18.71136111289912,Medium
13-03-2024 23:10,40.805456893909174,-73.80851973,253,25.511500100310183,25.85919559,Green,Clear,0,-0.133561676,7,35,213.99801150034966,6.558806500248577,High
13-03-2024 23:15,40.66379878378622,-73.85855176,251,22.322004751550647,61.706817314224644,Red,Fog,0,-0.985834461,7,22,442.54589686581147,24.185055682619797,High
13-03-2024 23:20,40.65888363014473,-73.95288413,215,33.422250193826905,87.50846682475921,Green,Snow,0,-0.078619608,62,39,283.3202828238536,13.694145980961482,High
13-03-2024 23:25,40.67789480715057,-73.73654812,66,36.40384558,80.74245726236744,Yellow,Clear,0,0.8657674775030184,15,43,159.5163404,28.201660901065612,High
13-03-2024 23:30,40.73932890208849,-73.8264089,57,29.17846512557209,65.70637864,Green,Fog,0,0.7538612705773644,43,14,354.45746364648943,23.666455721278076,Medium
13-03-2024 23:35,40.775047734135825,-73.80828577,29,56.305431110772474,19.740214375035702,Yellow,Clear,0,-0.943468634,20,31,83.84943863478767,11.285673987413045,Low
13-03-2024 23:40,40.84502051514361,-73.97155522,41,63.33029077274702,44.58987383098234,Red,Clear,0,-0.354949561,33,9,477.68843067148117,18.898823766119747,Low
13-03-2024 23:45,40.84865863455197,-73.98072144,31,71.32282506887762,52.36726387337922,Yellow,Rain,0,0.5750816277978517,23,49,146.26466791772373,5.556791320990346,Medium
13-03-2024 23:50,40.86720321360747,-73.82071233,65,7.033169946921149,86.04901731446898,Yellow,Fog,0,0.5811537187408937,12,36,363.1553605165853,13.836633233203026,High
13-03-2024 23:55,40.744255272324246,-73.90434115,286,26.200969505688928,20.14654370670732,Green,Rain,0,0.6171701183804521,74,2,139.49148978315657,14.942700864192192,High
14-03-2024 00:00,40.777830377400406,-73.93712398,176,17.607577902428204,88.47833285266498,Green,Snow,0,0.2547816430887486,68,17,462.75598404796006,29.74025372156592,High
14-03-2024 00:05,40.677926414678716,-73.74172538,108,54.67678265313606,16.018886728307688,Yellow,Rain,0,0.9331562513685245,45,23,359.0106244751002,10.771214760513471,Medium
14-03-2024 00:10,40.805610954090454,-73.71881867,260,79.11745814,96.40797879345946,Red,Clear,0,-0.726355194,21,26,275.2511731400927,26.257071842822338,High
14-03-2024 00:15,40.81014024159006,-73.92382419,263,34.24072739018154,97.95019118946861,Red,Fog,0,0.18291265529387601,23,23,215.6447107239636,13.455671697337644,High
14-03-2024 00:20,40.629128666820776,-73.93703319,127,31.69170581620632,87.86212932820594,Green,Clear,0,0.005369729,46,1,276.2298393347246,28.38905759044796,High
14-03-2024 00:25,40.74884426358183,-73.73354605,153,32.74653889136795,95.93299025457061,Yellow,Snow,0,-0.145202876,22,15,348.47194291144086,7.547039004270177,High
14-03-2024 00:30,40.65898391129767,-73.92820962,283,5.841624241820499,26.676599770865817,Red,Clear,0,0.8153980451046166,35,24,404.6772190756651,6.155134007844749,High
14-03-2024 00:35,40.758427654668445,-73.74274624,113,67.25572653647495,79.18564071,Red,Clear,0,0.5666674790541641,74,7,210.71211983700272,23.964148866976885,Medium
14-03-2024 00:40,40.73168939286208,-73.77903875,254,75.16936225423883,91.11976324872879,Yellow,Clear,0,0.47449459785540293,32,29,217.44760200815247,8.820246619084397,High
14-03-2024 00:45,40.61133977809724,-73.80565335,65,68.61524344756629,91.51087610878395,Green,Fog,0,0.923981834,83,23,493.28697192700776,20.332803238343622,High
14-03-2024 00:50,40.66228856487966,-73.71693064,258,44.342549204652606,74.21740268031131,Green,Snow,0,0.2000017903267961,39,35,410.7230315141188,16.514837350686072,High
14-03-2024 00:55,40.76000905904857,-73.78246047,192,79.89218138,17.211374764096455,Green,Fog,1,-0.199151365,4,43,204.51799815588677,29.417901921502903,High
14-03-2024 01:00,40.63785904399186,-73.88759705,22,62.114179026314865,32.12787009622055,Red,Fog,0,-0.114598598,35,37,269.8098437491236,19.34858416804144,Low
14-03-2024 01:05,40.70213627174275,-73.95114006,165,31.048432903326443,52.34586614401876,Yellow,Rain,0,-0.404356153,27,16,347.5684737335222,13.85721787085115,Medium
14-03-2024 01:10,40.72157924335444,-73.85880256,30,50.50304859089648,35.77908877585854,Red,Snow,1,-0.1344574,59,19,288.6783874,27.03837376989235,High
14-03-2024 01:15,40.87554525285555,-73.84335296,226,6.614776032817847,33.44343163845779,Red,Clear,0,0.8129604935863795,80,44,292.51940574512184,26.345831876829177,High
14-03-2024 01:20,40.76039860891277,-73.8619417,238,65.36548776,58.56716716440786,Green,Fog,0,-0.906008481,29,48,197.71655413926138,24.151000442280303,High
14-03-2024 01:25,40.896424717907124,-73.94856206,235,44.760537731340015,75.67919343994548,Green,Fog,0,-0.90463519,61,22,399.2334719285805,25.54127027646098,High
14-03-2024 01:30,40.73721745691634,-73.81536201,91,20.639401509805133,42.83959546231954,Yellow,Snow,0,-0.866548412,97,9,145.90238172366395,19.64393150748097,Medium
14-03-2024 01:35,40.86424480321635,-73.71040625,247,15.817210945546094,56.28122204625782,Green,Fog,0,0.44261692948209896,20,46,419.5163798776455,12.379600641683565,High
14-03-2024 01:40,40.80416944220777,-73.89010241,34,12.827027105222717,53.063375998862384,Green,Snow,0,0.7409140203780367,8,6,331.16841164016284,12.922410652551346,High
14-03-2024 01:45,40.62225968031135,-73.7111386,220,74.72408362431662,34.65336508343052,Green,Rain,0,-0.45415907,72,31,102.5281855790059,14.256890223880573,High
14-03-2024 01:50,40.693128607105436,-73.89107423,81,59.043644319220505,83.38881254488068,Red,Fog,0,0.3431782347439536,11,21,346.50027552964093,8.140522549,High
14-03-2024 01:55,40.78662725347034,-73.81104506,152,19.461208752722428,82.85982277748361,Yellow,Snow,0,-0.410260752,68,28,391.4916790290124,29.74488311,High
14-03-2024 02:00,40.78945714204718,-73.86198293,286,8.555466419,35.193623032300025,Red,Clear,0,0.3605876849824108,81,29,321.8511482214658,27.500458689981773,High
14-03-2024 02:05,40.70237057031727,-73.79200158,197,25.775403345178482,57.57095829097108,Red,Fog,0,0.8050393170686523,91,26,283.6432445085364,9.329561362401034,Medium
14-03-2024 02:10,40.623590566451455,-73.84338797,156,45.33397146375603,50.32891112337873,Red,Rain,0,-0.779840563,88,24,267.8957149216766,23.343242387448726,Medium
14-03-2024 02:15,40.886323456479786,-73.71187148,150,53.626971314587074,74.77065704460287,Yellow,Rain,0,-0.384264229,83,6,353.0350923493982,9.472577079792167,Medium
14-03-2024 02:20,40.80426459855996,-73.99510081,140,44.55536371247904,34.32234558881028,Green,Fog,0,0.5426154715403033,55,48,288.41531680944945,12.067873468789418,Medium
14-03-2024 02:25,40.818526829796774,-73.86166022,27,17.249632230598742,52.40252613927909,Yellow,Rain,0,-0.422647406,85,26,75.43540435152693,11.008796904670122,High
14-03-2024 02:30,40.69195739866263,-73.82484232,111,26.899603485643237,64.83510455608162,Yellow,Fog,0,-0.418430138,10,40,413.1299236845742,12.68379101905444,Medium
14-03-2024 02:35,40.767544107643545,-73.70988203,82,48.06726327843901,44.14599114826088,Yellow,Snow,0,-0.511745617,41,38,370.56335888586847,29.110470380934483,Low
14-03-2024 02:40,40.722903397601094,-73.91157717,233,29.270245363298404,65.65621773880794,Green,Rain,0,-0.33826938,39,22,208.0619898807981,17.08093406,High
14-03-2024 02:45,40.714416195331545,-73.80223592,47,7.985295027108748,94.40838956892465,Yellow,Rain,0,-0.376839516,50,12,409.1763953,16.41835250361079,High
14-03-2024 02:50,40.89043188371455,-73.70273203,248,47.79938365,52.7122963,Red,Rain,0,-0.695043181,9,41,414.6238177664133,25.65518807,High
14-03-2024 02:55,40.800574863381094,-73.83095579,284,10.060633974187965,90.07069695551758,Red,Fog,0,0.7674449777455383,46,46,158.24935441799573,10.826903887587783,High
14-03-2024 03:00,40.612228311147355,-73.95200038,137,6.1964231334699456,34.12986558501518,Green,Rain,0,-0.287764345,92,37,138.6077137006152,22.556762399419256,High
14-03-2024 03:05,40.82384834601381,-73.7358167,217,68.83628131881329,44.84925414447666,Yellow,Rain,0,0.054272451,41,35,55.08761758388968,5.614036119064554,High
14-03-2024 03:10,40.682559219031155,-73.99027596,298,59.73485395898257,65.90778500105222,Red,Clear,0,0.2193967024010528,58,36,136.14942281714423,10.665839555566784,High
14-03-2024 03:15,40.62303828967942,-73.72957915,197,68.28637959,85.95254978784061,Yellow,Snow,0,0.5554379133027025,14,24,190.90469966050887,11.82757220446693,High
14-03-2024 03:20,40.678866259386595,-73.73532306,187,56.26318864268505,56.49592861098809,Red,Rain,0,-0.958765658,16,43,77.93434617421784,27.12665029481798,Medium
14-03-2024 03:25,40.720843542323195,-73.90051617,149,9.377117435821598,50.31214527726371,Red,Clear,1,0.060553717,53,38,337.1452420658679,11.098806444213782,High
14-03-2024 03:30,40.70470175650099,-73.97421286,237,49.848024900615094,97.55840834064712,Red,Rain,0,0.7460963487884811,39,0,428.36117646549104,14.928775666209432,High
14-03-2024 03:35,40.854468882197324,-73.91581225,14,45.24102130886398,50.257227152144004,Yellow,Clear,0,-0.420903946,61,24,249.55552556075943,18.082099890982953,Medium
14-03-2024 03:40,40.87528523086618,-73.92247884,172,25.759983508153688,52.574225710598206,Yellow,Clear,0,0.2545322383983901,66,12,172.2950008333081,21.288026628466294,Medium
14-03-2024 03:45,40.77942019922945,-73.88451105,233,72.30853032470053,85.15446577161032,Green,Fog,0,-0.457458005,39,36,210.91962663129232,27.606345085480775,High
14-03-2024 03:50,40.80308244220413,-73.83244252,177,18.90421361624477,24.82044428064718,Green,Fog,1,0.9586920230166582,53,13,351.0087915098978,19.11593419616704,High
14-03-2024 03:55,40.63466978899139,-73.87769991,127,27.545923886498112,52.34576284490667,Green,Clear,0,-0.531689153,36,18,98.61680668,23.073641483211905,Medium
14-03-2024 04:00,40.61794223,-73.71041357,294,46.617719049918776,50.27960654307626,Green,Fog,0,0.6677230914761341,22,5,287.58309893244405,27.07174123664712,High
14-03-2024 04:05,40.73968341908686,-73.7638111,27,47.66232723035091,12.86770612449832,Green,Snow,0,-0.748342005,40,26,259.83274567758735,24.066395108559604,Low
14-03-2024 04:10,40.87463603943151,-73.79180542,43,68.26551598047234,97.72947554512194,Red,Snow,0,0.8719333357845152,8,1,250.70172899893245,9.915220162823989,High
14-03-2024 04:15,40.62229077738811,-73.97409255,179,38.26778695006824,41.36342587661318,Green,Fog,0,-0.625887301,68,9,198.02506351747135,26.629825603543846,Medium
14-03-2024 04:20,40.81309681689181,-73.80062044,95,47.09385433975785,33.30901036,Red,Fog,1,-0.310044137,73,15,365.0786186277196,16.033530713240044,High
14-03-2024 04:25,40.707268388049364,-73.77693766,74,59.292521873618114,66.14977919718203,Yellow,Fog,0,-0.141609797,94,22,362.12380290743164,27.74240939769919,Medium
14-03-2024 04:30,40.60148364440857,-73.99922361,287,22.67563774268454,98.97756079133283,Red,Snow,0,-0.1045698,67,4,336.980295,21.83417827246458,High
14-03-2024 04:35,40.602180452894395,-73.94476237,179,32.63534560926226,66.01430296224602,Yellow,Clear,0,-0.429645953,36,37,182.48830544421477,26.568522652235878,Medium
14-03-2024 04:40,40.70522077702135,-73.86082035,106,7.668932919070804,99.43843890242611,Green,Rain,0,-0.274016007,79,49,493.02878807881825,17.314069881755135,High
14-03-2024 04:45,40.63838423264252,-73.78347604,201,43.523516472234746,87.45379418960682,Green,Fog,0,-0.81616464,57,47,99.22034901095725,9.179630588,High
14-03-2024 04:50,40.706200113702764,-73.81608274,20,76.01186303630044,51.04373949958512,Yellow,Clear,0,0.7763189638470702,71,48,410.1994210406214,26.206627837523556,Medium
14-03-2024 04:55,40.64125798689257,-73.80819131,259,29.195666998577202,27.35215518787153,Red,Clear,0,0.542565199,66,12,51.03666581901087,14.781269973754236,High
14-03-2024 05:00,40.63157431179265,-73.96669745,29,28.175017881918166,52.41264942796254,Yellow,Fog,1,0.6284292066262898,24,30,352.92365972728516,19.955892628572848,High
14-03-2024 05:05,40.78635823247013,-73.77549489,220,21.696242532997985,97.47581214123237,Yellow,Clear,0,-0.23261052,96,10,102.28927438078402,14.767303041336383,High
14-03-2024 05:10,40.787238001870215,-73.85222187,170,9.677042667,43.28675929055987,Green,Snow,0,0.23188618809921557,89,18,390.1851626195203,24.275482094353865,High
14-03-2024 05:15,40.66943716684978,-73.98954868,243,6.5134833873290345,65.27993419773898,Yellow,Clear,0,0.7966674481151326,38,43,289.7915516719703,9.404150248319475,High
14-03-2024 05:20,40.655003454593405,-73.73873326,148,14.591066060188302,98.80978542280134,Green,Snow,0,0.8315505503403984,36,18,145.6757836202534,28.26971701039966,High
14-03-2024 05:25,40.69338163681009,-73.95020619,212,70.02090976683617,78.54758054039326,Green,Clear,0,-0.778584746,97,46,367.9361380572461,15.52711319884244,High
14-03-2024 05:30,40.808077397833706,-73.83950909,149,29.423383601841795,10.274069105100018,Red,Snow,0,0.259040115,23,18,407.5173152481161,12.000084881560841,Medium
14-03-2024 05:35,40.87433082667001,-73.82751917,286,10.66925007738904,65.54663015049726,Red,Snow,0,0.21177246780952497,91,24,311.2980165702832,8.919362441294203,High
14-03-2024 05:40,40.667565644154955,-73.95360283,161,68.19347481262392,33.11846105,Red,Fog,0,-0.580012081,77,1,191.94239784279594,22.45885445759101,Medium
14-03-2024 05:45,40.737715693260064,-73.72504658,123,5.4290680601266885,45.28272102960122,Yellow,Clear,0,0.5932323526837486,47,29,213.62121547742254,12.715740433033623,High
14-03-2024 05:50,40.835298326257366,-73.76461243,72,12.095619144985815,91.53392445694648,Green,Rain,0,-0.506903382,67,5,497.68983039080194,20.804284569676664,High
14-03-2024 05:55,40.60289568,-73.77973484,157,78.0245993,79.82298687,Red,Clear,0,-0.808640057,56,48,65.81085352326338,23.42605110836727,Medium
14-03-2024 06:00,40.80671721588734,-73.83577145,169,6.395927224149407,16.939747641560256,Yellow,Rain,0,-0.298200841,21,1,283.4726721619899,19.484584857730987,High
14-03-2024 06:05,40.603950494745284,-73.97356423,101,60.260879262762366,27.34834785391961,Yellow,Clear,0,0.6326319003630037,25,36,498.20170780384575,12.088698620621852,Medium
14-03-2024 06:10,40.85079165780367,-73.88712367,260,37.186347852000274,93.64436761621334,Red,Clear,0,-0.886380001,99,31,192.32285343322798,10.849620070380013,High
14-03-2024 06:15,40.88802674901165,-73.94046372,35,45.99369518371869,59.49985140097908,Green,Snow,0,0.4746239299814994,80,19,153.30688337134433,20.490007454726992,Medium
14-03-2024 06:20,40.60237551006857,-73.82995773,227,72.89673815342324,14.650435725207782,Yellow,Snow,0,0.072445548,66,36,352.60914866280996,13.216055433330647,High
14-03-2024 06:25,40.706690705532296,-73.90113097,78,73.88259235935203,15.961461252038527,Red,Snow,0,-0.904404124,29,24,205.25367240009146,26.264798706643052,Low
14-03-2024 06:30,40.683089517251744,-73.82694695,261,71.92249557138032,76.73376704957953,Red,Clear,0,0.000193051,27,16,296.5265414806678,7.576287249282247,High
14-03-2024 06:35,40.82819690337448,-73.77846221,110,76.5781406,89.15272119201671,Red,Snow,0,0.6105767778423099,1,39,330.52377485258984,6.424016151518348,High
14-03-2024 06:40,40.68078775,-73.78249689,197,42.95625386863874,49.95320140315352,Yellow,Snow,0,0.8964156266597927,80,13,407.1544476874224,6.468376239637534,Medium
14-03-2024 06:45,40.731571882499324,-73.79346083,144,12.881550862739145,92.58102994,Red,Fog,1,-0.272962381,92,8,389.54585544766803,20.532343539419465,High
14-03-2024 06:50,40.60468923,-73.72372246,80,29.37333458,50.79063617219362,Yellow,Clear,0,0.9569288949602495,98,19,202.90299287369587,28.18699474998511,Medium
14-03-2024 06:55,40.89622808900493,-73.82613033,37,28.24952941124042,11.888530478991463,Red,Snow,0,-0.119034176,52,28,64.98075253957921,16.476240017991422,Medium
14-03-2024 07:00,40.72387821610108,-73.83636857,38,26.610571880488667,53.41809151140333,Red,Fog,0,0.062799133,53,33,284.47976998234617,15.575183108286229,Medium
14-03-2024 07:05,40.78814071260464,-73.74219691,205,67.44499845384274,41.80318203147878,Green,Fog,0,0.28174779128092164,29,17,67.65434490934963,13.901738772302972,High
14-03-2024 07:10,40.637297173563084,-73.86891914,52,69.77243418827139,22.749707362347614,Red,Snow,0,0.5428965956724825,29,0,250.27652758356308,23.286047978539592,Low
14-03-2024 07:15,40.746113080268714,-73.96068519,233,30.97224305970961,73.65092787,Red,Snow,0,-0.819018983,84,47,66.90744324,11.995546134350816,High
14-03-2024 07:20,40.82212912394122,-73.95429043,53,39.787103454858666,78.74414734677109,Green,Fog,0,-0.278594915,7,31,312.6211615534856,14.513632775776015,Medium
14-03-2024 07:25,40.74141775770247,-73.72662623,151,51.61713750918566,60.72805544025966,Red,Clear,0,0.16012151876108582,92,30,84.64062817138438,7.898592315481241,Medium
14-03-2024 07:30,40.85390730199257,-73.96282061,101,48.139967739014295,23.532539471486803,Green,Snow,0,-0.058832453,59,42,54.78813880888193,18.001482374505258,Medium
14-03-2024 07:35,40.811566285525686,-73.94254176,187,46.94559723659604,64.32295302729597,Yellow,Fog,1,-0.36357461,28,35,213.01833708463113,18.27651606471106,High
14-03-2024 07:40,40.622344088033955,-73.76306757,195,34.181569343654644,97.92450146858864,Green,Snow,0,0.22293537738276137,89,48,425.3760515116235,13.867524638055887,High
14-03-2024 07:45,40.66805502128375,-73.8516413,125,27.999223713417408,47.16313175904646,Red,Fog,1,-0.925801275,13,36,486.5586924,22.58764805524767,High
14-03-2024 07:50,40.88936495098853,-73.82615775,229,48.37791541621024,62.021455250181276,Yellow,Clear,1,0.011534217864182406,17,32,165.51509695021832,26.467884238704976,High
14-03-2024 07:55,40.85420464482326,-73.97366675,268,56.56675672652882,39.20162694665858,Yellow,Rain,0,-0.678392187,59,47,406.6602006805201,5.547209961197748,High
14-03-2024 08:00,40.62642808345284,-73.89148808,57,41.69473011956697,18.11261939035833,Green,Clear,0,0.32803791442330166,22,0,82.29419596339474,8.694923146,Low
14-03-2024 08:05,40.73114896343011,-73.95213752,265,68.85063668254564,32.58159561144421,Green,Clear,0,-0.335125237,76,26,482.3270139767385,10.154196151631623,High
14-03-2024 08:10,40.89169943,-73.93668423,236,13.089691542244386,16.574538943618744,Yellow,Rain,0,0.7406834761229442,20,14,474.9549494190328,18.497913595479435,High
14-03-2024 08:15,40.60598591544941,-73.79602064,77,43.802678542688156,31.89595162058162,Red,Rain,0,-0.888553359,7,12,353.41675045795995,14.079976022158743,Low
14-03-2024 08:20,40.71279136754304,-73.86778129,219,68.28479686370684,68.61053414532455,Yellow,Snow,0,0.7311655591258124,89,14,121.90148447246766,20.03754494730117,High
14-03-2024 08:25,40.732847760765935,-73.73225712,166,49.110805514802216,26.533212005924035,Green,Clear,0,0.21314718111978181,16,29,127.86473990927522,23.78553014693011,Medium
14-03-2024 08:30,40.86385805352804,-73.87220605,16,51.00561877292543,23.549467508915704,Green,Clear,0,0.4295571494532173,30,24,279.19884433639646,28.474289991378228,Low
14-03-2024 08:35,40.71803320360284,-73.97339171,216,32.05916487609164,75.44180311807314,Green,Fog,0,-0.281454247,34,24,437.71548503137177,24.399801590010778,High
14-03-2024 08:40,40.81827373401359,-73.92027478,154,56.65110282482638,74.15556753854037,Red,Rain,0,-0.251267502,20,3,263.63010840176094,25.250527695162194,Medium
14-03-2024 08:45,40.823582784509284,-73.79187207,283,66.42139482674426,99.72396129685741,Red,Snow,0,-0.271401781,99,26,131.88410432896958,27.742319800890908,High
14-03-2024 08:50,40.77818789788462,-73.71628384,96,53.410111619696444,88.45776053111135,Green,Clear,0,-0.985061222,78,42,440.3852049482007,14.385659520646502,High
14-03-2024 08:55,40.809706236305104,-73.82431245,246,10.634910198933863,98.34914377,Yellow,Snow,0,-0.33236947,51,5,290.99930399654045,18.565397898079382,High
14-03-2024 09:00,40.76520324727479,-73.9304374,180,8.267713626281996,93.97447921,Red,Rain,0,0.219325267,74,37,316.08980058192515,6.4395179158665785,High
14-03-2024 09:05,40.87807841537673,-73.86064945,230,37.352557815761756,25.066245820070897,Green,Snow,0,0.5865860767905489,23,40,114.04106647409542,21.591445824138727,High
14-03-2024 09:10,40.72811039675629,-73.88028124,15,40.92172389,53.496958116311646,Green,Snow,0,-0.73549181,9,49,65.69311856802109,29.466212105066337,Medium
14-03-2024 09:15,40.84295258437852,-73.79307043,204,26.10607751363471,36.40714506157021,Red,Fog,0,0.930960819,10,11,102.29351950000452,9.302596805812536,High
14-03-2024 09:20,40.801111383720574,-73.97955992,65,59.65088549947791,24.65468418542835,Yellow,Clear,1,-0.39076396,37,25,362.5511188556215,9.862251476088094,High
14-03-2024 09:25,40.82354599837892,-73.8447829,122,58.91822404666247,90.14536935923411,Yellow,Rain,0,0.5351886185657917,43,14,249.26538218757366,19.563182994238886,High
14-03-2024 09:30,40.85864516758484,-73.8702007,46,42.37549271,59.39665462262193,Green,Clear,1,-0.269822004,43,24,131.4518477726003,11.098624903595145,High
14-03-2024 09:35,40.77898935,-73.88361383,49,21.644047495290508,98.71477523277767,Yellow,Snow,0,0.5282886745618565,40,39,336.02191239173936,10.782703496969834,High
14-03-2024 09:40,40.69161953,-73.78722591,286,38.61985447632385,69.80256494368169,Red,Rain,0,0.7993579072461088,83,39,461.2197924255928,6.637035425587211,High
14-03-2024 09:45,40.827641590368636,-73.98913676,103,45.47750921330035,80.2963081,Red,Clear,0,-0.822587547,60,45,187.99989590364734,17.618456974665264,High
14-03-2024 09:50,40.74580728201822,-73.95860325,89,44.28250616393839,71.08032055077717,Green,Rain,0,0.4074946382596385,60,48,446.29816384074235,13.815411276758892,Medium
14-03-2024 09:55,40.67082196537393,-73.87176731,271,9.449662330171037,68.04976511,Yellow,Fog,0,0.5403206708587174,5,6,241.17220209576362,21.054610691107705,High
14-03-2024 10:00,40.73682101987628,-73.79959683,81,34.44137270021377,70.69149546,Red,Rain,1,-0.659773652,47,10,325.9942206228354,12.761171573636075,High
14-03-2024 10:05,40.66998072773893,-73.74579874,20,9.529451103573315,44.39963815,Yellow,Rain,0,-0.724039275,33,6,233.02006519453812,20.08553098614576,High
14-03-2024 10:10,40.85007148,-73.75452497,185,42.80278307948908,75.05729766,Red,Clear,0,-0.778575841,21,39,67.98736213801216,11.785586483903423,Medium
14-03-2024 10:15,40.73675558304409,-73.78882035,240,66.53805154798826,11.697866462622297,Green,Snow,0,0.4752661487532297,83,38,198.50157617943375,10.850305649436038,High
14-03-2024 10:20,40.80702362362568,-73.93586183,293,24.79323805145553,69.55906862497415,Yellow,Fog,0,-0.500449593,5,42,422.5174570516806,7.061590167453814,High
14-03-2024 10:25,40.638709801923774,-73.99998704,150,69.69637491306761,98.92713916758926,Green,Fog,0,0.4769945868833052,25,43,352.8997292354867,21.73553305387279,High
14-03-2024 10:30,40.628191379297206,-73.73510267,298,45.15304357727039,85.40665314,Yellow,Snow,0,-0.457246228,11,6,467.56580403971117,21.78155969826349,High
14-03-2024 10:35,40.88841198954635,-73.75255826,255,28.21898409193347,97.14156019261192,Green,Clear,0,0.35350088697607207,39,35,417.0946552898232,9.955188997628484,High
14-03-2024 10:40,40.67632331968717,-73.93619159,103,58.37851847665638,58.18698955689866,Yellow,Snow,0,0.7437234245789814,43,37,310.06243521977257,7.622748796804469,Medium
14-03-2024 10:45,40.66436819386251,-73.80637041,151,5.5129042750710795,69.88370860334513,Red,Snow,0,0.24341391457352501,59,20,468.71456812274585,19.71902173512133,High
14-03-2024 10:50,40.85342865855558,-73.98295858,65,28.840685254410495,83.97733776,Yellow,Fog,0,-0.452016712,35,36,257.0129515498269,11.34858602174494,High
14-03-2024 10:55,40.80870098985786,-73.88850662,130,6.216445275190859,28.868491897442794,Red,Snow,0,-0.207884111,90,22,273.3959726894596,15.755065472219735,High
14-03-2024 11:00,40.76203088096766,-73.90543855,267,65.81073308541502,70.92734395811999,Green,Fog,0,0.093522484,67,32,61.750445497163945,16.250568898560864,High
14-03-2024 11:05,40.75068159263763,-73.8011687,291,39.63730376104084,83.54887453,Yellow,Fog,0,-0.515442973,95,36,384.2301951338176,24.64892118992469,High
14-03-2024 11:10,40.86086466501837,-73.87951798,120,73.49602219438178,68.44037581,Red,Rain,0,0.22794477518731715,18,6,188.50426599936958,12.588096074422648,Medium
14-03-2024 11:15,40.69617096759368,-73.88712236,140,9.556023624026956,17.528100199508977,Yellow,Snow,1,-0.146083307,98,2,115.80361020732255,21.78384338304691,High
14-03-2024 11:20,40.642653011597474,-73.83511078,277,28.531377110095857,96.60495206707189,Yellow,Fog,0,0.09399085,46,35,89.12235429703661,7.6021086541888945,High
14-03-2024 11:25,40.775456581093714,-73.82170742,245,46.51334459004382,99.3499956,Red,Rain,1,-0.803197476,69,45,236.75585514291782,17.86865119102802,High
14-03-2024 11:30,40.791026438473764,-73.78909705,189,37.42958865400415,17.07739018462538,Green,Fog,0,-0.047119584,33,7,257.4013334779412,21.712826858608132,Medium
14-03-2024 11:35,40.74057815501527,-73.71424825,214,46.34803827835468,79.39036692456523,Green,Fog,1,-0.798616293,20,39,378.5878041433475,9.297050838,High
14-03-2024 11:40,40.74163474495766,-73.98409867,20,7.605588140586895,63.557726145879556,Yellow,Fog,0,0.324673314,3,16,177.89169331861223,26.15193345134606,High
14-03-2024 11:45,40.845812041170284,-73.74734388,174,31.37096109286004,91.05380892,Yellow,Fog,1,-0.778296699,59,12,356.54574740172137,29.224255959098546,High
14-03-2024 11:50,40.82431396663046,-73.96064353,59,18.806901774142244,62.24302435648026,Red,Fog,0,-0.277716381,97,39,343.926423,7.491294393019314,High
14-03-2024 11:55,40.66663382033374,-73.78156954,77,19.740248796361023,61.48251674841103,Yellow,Fog,0,-0.783518511,26,30,411.87307034700694,16.414964171244158,High
14-03-2024 12:00,40.694142248149156,-73.79775594,113,25.638261547187746,15.079749560167276,Yellow,Rain,0,0.3916252676798133,63,12,429.58471291657474,8.145855376727475,Medium
14-03-2024 12:05,40.76621224986843,-73.72495464,216,68.22803305386122,49.389234560364066,Green,Rain,0,0.882587132,60,0,178.13610268361907,7.141535321924431,High
14-03-2024 12:10,40.767009130998524,-73.98997435,19,35.65048959679982,99.51077760977655,Red,Fog,0,-0.931532061,93,20,174.10829827965097,10.692822912027717,High
14-03-2024 12:15,40.801822973910305,-73.93842669,59,60.35441687704269,73.73945683556002,Yellow,Snow,1,-0.170489439,37,35,290.5861306911533,26.234067788293277,High
14-03-2024 12:20,40.71719963815377,-73.76234631,120,17.222923522283573,32.449979891141695,Red,Clear,0,0.4428199373421622,87,8,489.1662244871724,9.133349166343862,High
14-03-2024 12:25,40.736121140710864,-73.92614956,154,28.382123027956332,91.94249474773106,Red,Fog,0,-0.966912826,59,28,236.94657640974393,5.146317445982672,High
14-03-2024 12:30,40.71198327482402,-73.90630276,159,10.066847276268344,50.30265372210196,Green,Rain,0,0.11288465128265734,71,37,243.05793237143752,16.797480140575082,High
14-03-2024 12:35,40.896088051220225,-73.79437938,135,31.95460163930077,44.29740934132655,Red,Fog,1,0.33714979931211864,28,14,66.92374692,15.754883153078376,High
14-03-2024 12:40,40.84777936184048,-73.96226661,111,56.02187971297575,16.515060210544405,Red,Rain,0,0.6044555509969887,16,7,268.36745761412146,8.040897420425843,Medium
14-03-2024 12:45,40.70527290469555,-73.93037825,256,74.84418355,13.619097549921518,Yellow,Fog,0,-0.306603236,44,35,172.32108054373552,24.241003433066258,High
14-03-2024 12:50,40.82745074284362,-73.80608484,92,18.512764667740743,90.28380416436967,Green,Clear,0,0.9401609224068954,65,30,118.01110260056934,13.199031933847865,High
14-03-2024 12:55,40.787852133082175,-73.8243523,275,63.68933282488641,94.18204393425096,Yellow,Rain,1,0.7799008665712099,56,44,492.9936303294652,25.106873799634293,High
14-03-2024 13:00,40.80144758255038,-73.99358678,79,62.68029716430008,55.43614358771728,Yellow,Clear,0,-0.956381898,28,41,273.3696112386763,12.619740425991456,Medium
14-03-2024 13:05,40.85754189919692,-73.91393449,170,34.93226299690099,12.945850250058848,Yellow,Rain,0,0.3758357673800736,40,44,78.39053298616383,26.11996225351878,Medium
14-03-2024 13:10,40.71934282842455,-73.82653142,132,14.224748482182676,59.05079298242555,Yellow,Rain,1,0.1468341284740895,70,5,168.48336201642388,7.009096874698319,High
14-03-2024 13:15,40.78734002677414,-73.95703635,228,29.381016702331536,71.18527703,Yellow,Fog,0,-0.127337749,20,41,231.1527617160377,18.04515014142529,High
14-03-2024 13:20,40.82731385137585,-73.91657787,129,41.34686913093856,84.45771644875467,Green,Clear,0,0.647048404,93,10,149.20211630069124,23.345171011517973,High
14-03-2024 13:25,40.787467472305245,-73.98123815,173,34.555606911219044,87.83313900779264,Red,Fog,0,-0.609915455,63,4,114.58907446948925,22.12523191053685,High
14-03-2024 13:30,40.83377437766398,-73.98623872,29,68.32611162263294,82.35390566865033,Yellow,Fog,0,-0.933608056,48,19,336.96366131725455,16.96237837015302,High
14-03-2024 13:35,40.67842013057403,-73.71743643,56,57.86974083731368,81.84597116089482,Yellow,Rain,0,-0.371380035,8,28,248.15974310870095,11.405968127126748,High
14-03-2024 13:40,40.67275566,-73.96892258,217,18.11722666751589,74.92807040996604,Red,Snow,0,-0.025447973,14,44,420.7273083663014,14.874343793490889,High
14-03-2024 13:45,40.63292722450869,-73.93318051,70,71.35115639673485,55.77092807130966,Yellow,Fog,0,-0.984950244,53,6,200.81065416445668,10.652523646025292,Medium
14-03-2024 13:50,40.64623929234052,-73.88716139,144,53.60367610023426,25.529239991786547,Red,Clear,0,0.22540534093038245,55,10,55.16176856929545,6.127428606908751,Medium
14-03-2024 13:55,40.77386930835579,-73.73696008,117,76.37550388905784,20.354853958531333,Green,Fog,0,-0.13115517,28,4,180.31797806751004,11.450361486242123,Medium
14-03-2024 14:00,40.66852675518239,-73.80877896,141,30.274895504692964,88.31755159344054,Yellow,Clear,0,0.9451555705768553,95,1,280.6097059809695,29.821497836966838,High
14-03-2024 14:05,40.84018936248613,-73.88304507,74,74.30137103333699,52.80380109673905,Yellow,Fog,0,-0.345813734,8,41,340.7380085,19.06187647,Medium
14-03-2024 14:10,40.67604696872303,-73.78441639,200,48.03897669013747,88.79190006143861,Red,Snow,0,0.013464499278743602,88,28,96.6949574,15.85552540017874,High
14-03-2024 14:15,40.84600973123654,-73.72847546,70,57.96542694369586,90.41467233694675,Green,Rain,0,0.7668189965713914,13,44,488.6045561230492,23.036966476991545,High
14-03-2024 14:20,40.84201411747445,-73.86787799,225,78.95430930583625,18.973579400746225,Green,Fog,1,0.1298660633371851,45,27,231.87176382957907,20.92581598117283,High
14-03-2024 14:25,40.750801420877686,-73.86254967,31,41.71429083980069,28.540658987115762,Red,Clear,0,0.26375351537062564,65,40,239.77548497548267,5.560087422982633,Low
14-03-2024 14:30,40.74617425422571,-73.87115117,74,21.463105219492483,46.25566447491637,Yellow,Clear,0,-0.372938811,10,45,410.8461689778724,22.705421846341224,Medium
14-03-2024 14:35,40.677152748127035,-73.87366051,43,18.74008177572526,27.18115289021975,Green,Clear,0,0.6800705911360636,95,39,440.4003936315411,27.302795061361643,High
14-03-2024 14:40,40.863313635530154,-73.89964273,89,10.532568743363651,45.02143555,Red,Clear,0,0.15095192591042172,95,7,302.97517409605496,8.398674505490485,High
14-03-2024 14:45,40.69311767992897,-73.89613087,78,49.55042146767435,93.07244054080903,Red,Fog,0,-0.261996667,73,40,418.17296171867326,22.84128380975981,High
14-03-2024 14:50,40.89130995151803,-73.75398236,234,78.23703735791838,48.876538532026444,Yellow,Rain,0,-0.021700279,92,17,103.05052638850471,26.743578648016083,High
14-03-2024 14:55,40.72942712235324,-73.80455555,109,47.54912622279177,83.60310499233773,Yellow,Clear,0,-0.192367418,62,32,430.86026268201215,29.71793941,High
14-03-2024 15:00,40.717177142659644,-73.8455327,163,31.238591276681127,35.47261111425129,Red,Fog,0,0.3458964454266491,30,24,243.4403842159916,5.1374275519691714,Medium
14-03-2024 15:05,40.674448290037155,-73.75408626,232,45.046464964811015,18.634926979103547,Yellow,Fog,0,0.2256198295728793,30,40,387.8538599409574,15.225156500633013,High
14-03-2024 15:10,40.678846558276376,-73.96006987,126,6.350382536072087,43.531728488156155,Green,Rain,0,-0.519337546,40,32,97.05939557216925,15.147027974949275,High
14-03-2024 15:15,40.63986742969959,-73.79245323,77,61.25173315084708,64.24935339,Yellow,Clear,0,0.3778345498648257,44,10,417.6818094995615,17.758759494813262,Medium
14-03-2024 15:20,40.707027593807304,-73.99783484,208,26.40887462321238,20.754258030730348,Yellow,Fog,0,-0.01949992,75,15,101.75791621274982,19.54816005735804,High
14-03-2024 15:25,40.8518099,-73.76607724,143,69.40414733935756,51.731174017491526,Red,Rain,0,-0.701962297,72,5,479.5376582592592,11.68532009825124,Medium
14-03-2024 15:30,40.84657013300107,-73.76193147,153,28.76523923,18.034400086332326,Yellow,Snow,0,-0.36307411,57,40,244.8562014704989,27.69935779547742,Medium
14-03-2024 15:35,40.83519923549999,-73.83186714,231,42.07773042,10.943212429344607,Red,Clear,0,0.14980056156717692,62,44,358.4258734239855,12.539740979708561,High
14-03-2024 15:40,40.88642596052269,-73.94628989,250,12.149770624484688,39.18333155075692,Red,Rain,0,0.084870474,30,3,346.9062788882343,9.350867999,High
14-03-2024 15:45,40.733959673672295,-73.7907107,228,51.087777101023725,69.50693239634307,Yellow,Fog,0,-0.293786469,36,1,196.95920312627032,5.318003718,High
14-03-2024 15:50,40.61823312362338,-73.70929338,200,25.886053767755786,10.660632968348633,Yellow,Fog,0,-0.745635106,90,22,149.95381543980807,17.451267527904566,Medium
14-03-2024 15:55,40.68565652380702,-73.96663386,157,78.37360069,17.852140500428224,Yellow,Snow,0,-0.371418131,26,47,210.46720048819984,28.148544053766816,Medium
14-03-2024 16:00,40.72598522458157,-73.9350512,278,59.68424977706108,56.03313991289965,Red,Rain,0,0.8551001780942018,27,21,160.56846305585384,20.899967393574705,High
14-03-2024 16:05,40.68252826103835,-73.74580938,91,71.16755184129016,72.75334092706176,Green,Rain,0,0.7657333892021188,29,15,492.8914517,21.254118534259778,Medium
14-03-2024 16:10,40.73876316493649,-73.91442558,78,63.29935011277557,93.85460602209058,Green,Snow,0,-0.343389855,83,2,447.07881549842654,24.333932894534893,High
14-03-2024 16:15,40.705388439200995,-73.83006193,270,57.591849634569385,55.770445882323344,Green,Rain,0,-0.4012702,68,1,159.0882491631097,26.737662593133855,High
14-03-2024 16:20,40.635766493218355,-73.8390985,62,12.268892891413708,38.284112589120994,Yellow,Snow,0,-0.907566053,54,6,242.0294305137622,9.463926388,High
14-03-2024 16:25,40.61952829,-73.81179289,212,73.79113773135305,80.56998542507458,Red,Fog,0,0.7500906038197288,55,19,284.7613148346817,15.992102055938288,High
14-03-2024 16:30,40.782666329991535,-73.77487313,237,5.877359380799437,46.8890859,Yellow,Fog,1,0.5368830594085365,37,1,108.12476440716236,24.771264079630058,High
14-03-2024 16:35,40.88092559075655,-73.84261176,119,60.47405841661468,22.32600326652876,Yellow,Rain,0,-0.941428751,5,34,50.31445916,16.114012638849676,Medium
14-03-2024 16:40,40.695158999953385,-73.81018155,111,34.44259902049832,26.435849347177534,Red,Fog,0,0.5580809317538364,29,49,187.90749658431704,23.641303167474128,Medium
14-03-2024 16:45,40.604520213416485,-73.71699397,207,51.63515560906604,32.921297768730135,Red,Clear,0,-0.31134135,89,17,52.705141315205125,9.286671372030751,High
14-03-2024 16:50,40.86115238,-73.76019645,85,8.465468352350587,74.66398837485129,Yellow,Snow,0,-0.967892305,47,22,441.7157964284218,6.625657798,High
14-03-2024 16:55,40.61795847213886,-73.71204263,36,73.84067009202472,23.422484050133818,Green,Fog,0,0.5171658147408833,28,48,216.6517065160003,20.558960260199864,Low
14-03-2024 17:00,40.78548034313692,-73.81850493,98,20.413127862480025,89.74963610340042,Red,Clear,0,0.3753461542732126,40,39,228.47419903664556,29.780599947010348,High
14-03-2024 17:05,40.82803964736019,-73.74013159,234,36.35387914261496,23.781764925922698,Red,Rain,0,-0.634522292,33,14,122.2699802,17.53018984870284,High
14-03-2024 17:10,40.77774662341988,-73.90704923,122,52.41596018455946,78.99600938606653,Yellow,Fog,0,-0.418461042,51,23,484.79625197212016,22.48479457,Medium
14-03-2024 17:15,40.85885240491193,-73.80569068,139,19.91049874,28.441266895478535,Yellow,Fog,1,0.6657385084181155,1,27,469.1537150657723,24.287953565414718,High
14-03-2024 17:20,40.815393532761036,-73.97101407,222,44.59627332,17.16837192606965,Red,Rain,0,0.3493111790795671,97,32,413.81201171990404,22.335254998012815,High
14-03-2024 17:25,40.82349503999804,-73.92720403,50,20.48210782202409,48.71941650220978,Red,Rain,0,0.7392960972416196,41,31,353.0938387997623,24.044878755411023,Medium
14-03-2024 17:30,40.69638314061934,-73.74086769,234,56.15964808566493,74.95243128735824,Red,Fog,0,0.42500947408629774,7,31,185.0671292739097,13.036511961381688,High
14-03-2024 17:35,40.74361834960981,-73.71491531,271,41.01141800883774,49.04633840719097,Green,Fog,0,0.026461596,73,39,469.96264497574214,27.395623252694392,High
14-03-2024 17:40,40.80146871077335,-73.74141933,53,14.621113238277177,39.16605381,Green,Clear,0,-0.648602847,30,10,285.1341647902102,10.136174017601522,High
14-03-2024 17:45,40.81035212450609,-73.92824577,48,13.126737904017592,40.024867024796436,Yellow,Fog,0,-0.787437985,42,23,121.15240310256458,12.563977023948285,High
14-03-2024 17:50,40.801132611877065,-73.97941511,226,52.363751782865506,92.31790581747482,Green,Fog,0,0.087088296,8,40,176.0810705282754,29.64202969954982,High
14-03-2024 17:55,40.81930638097937,-73.89052318,126,38.922333088003334,77.42823702453515,Red,Clear,0,0.024418935895996752,46,0,394.76025687066954,23.054482600664308,Medium
14-03-2024 18:00,40.645268491247535,-73.95353224,72,6.514536398298313,11.48606561650649,Green,Fog,1,-0.605720942,90,6,482.9919728266684,28.358083448245072,High
14-03-2024 18:05,40.852122002795404,-73.9662335,257,60.12086347464429,33.75781129,Yellow,Snow,0,0.6770509677447181,15,1,179.97458755405887,22.821345306159536,High
14-03-2024 18:10,40.686947575695804,-73.76889586,141,40.34066390633076,83.75387010638732,Yellow,Clear,0,0.006539831,98,32,412.52911481093616,13.338573184421968,High
14-03-2024 18:15,40.693438816301686,-73.70942042,23,73.80009332442576,55.39731420997242,Yellow,Snow,1,-0.64632219,59,33,464.1165868037365,9.387735698,High
14-03-2024 18:20,40.62296419386443,-73.73537702,274,21.442724037803565,11.59635340588338,Red,Snow,0,0.8804515429364976,73,31,481.36573749017293,7.667230014485902,High
14-03-2024 18:25,40.81633517050696,-73.80505231,268,62.7995853,35.880543376239366,Yellow,Rain,0,0.19338917006585166,30,15,401.5249617872649,8.891453963602162,High
14-03-2024 18:30,40.69508284081793,-73.87094646,77,79.34437178367557,33.685200341123576,Red,Clear,0,0.6391701562615573,10,32,103.02028654300224,10.389056441194978,Low
14-03-2024 18:35,40.899697835704096,-73.83152016,79,27.150173135451517,97.14465012874773,Green,Snow,0,-0.280741164,98,45,123.96614616472523,18.267659167532514,High
14-03-2024 18:40,40.703950598778455,-73.97659504,38,41.20070748387568,28.293871096671154,Yellow,Clear,0,-0.351725292,92,39,286.55653915776634,17.887571342588522,Low
14-03-2024 18:45,40.76804147466388,-73.71815447,205,23.114182040649958,95.88756456235457,Red,Clear,0,0.8034208436777364,22,49,229.08628206018543,10.413809334193198,High
14-03-2024 18:50,40.66633189271404,-73.95719052,18,69.62531901801341,42.76547730005596,Red,Snow,0,0.7836741184514624,98,39,461.9647529,23.664770621554446,Low
14-03-2024 18:55,40.729232668133214,-73.71837559,113,22.88088464383037,71.64147226,Yellow,Clear,0,-0.755876763,37,7,289.32282008079153,18.221641204976134,Medium
14-03-2024 19:00,40.825275068781586,-73.72628374,294,12.185865430421408,79.65734385989803,Red,Clear,0,0.3190469636860991,98,9,93.77564379352626,19.07031790238487,High
14-03-2024 19:05,40.88859324158759,-73.76849782,210,53.50517926911226,77.26277008080676,Red,Snow,0,0.10007814276892213,11,45,71.73519923365568,6.018073034,High
14-03-2024 19:10,40.89331381573003,-73.75231359,267,48.60886691910446,96.52290747084315,Yellow,Snow,0,0.3861947442539564,91,34,159.40926600957346,21.874167991574627,High
14-03-2024 19:15,40.75238382104056,-73.93142606,145,20.397489689412545,16.53296846452391,Yellow,Rain,0,0.2918556106374788,34,41,480.1871802238478,19.379800333654387,Medium
14-03-2024 19:20,40.877935871904704,-73.91378956,181,56.640214663942594,63.333447570353584,Red,Clear,0,-0.702015932,56,23,181.26652903998072,24.89943762030646,Medium
14-03-2024 19:25,40.84755554491461,-73.88499812,135,67.43890749900041,84.34199974,Yellow,Clear,0,0.021232606,22,2,111.7392572636856,14.809655935240654,High
14-03-2024 19:30,40.84633567848288,-73.93816614,33,35.09948591978885,24.140536996426114,Yellow,Clear,0,-0.995546767,25,34,364.04249557130765,22.860932710368647,Medium
14-03-2024 19:35,40.68438665685954,-73.83235899,291,51.93496445427624,13.185477154011584,Red,Clear,0,0.4731974133258874,57,13,273.67603796707687,18.578048577305765,High
14-03-2024 19:40,40.632748024348125,-73.95141382,291,56.10632417964413,35.93438912017146,Red,Clear,0,-0.405850492,65,25,436.5834031010494,26.130766724638324,High
14-03-2024 19:45,40.650190520119686,-73.96265627,33,25.467726919804523,70.78012643,Yellow,Clear,0,-0.745747578,66,0,183.45680011120564,14.755643139518922,Medium
14-03-2024 19:50,40.779574427126335,-73.93308282,184,36.24625909210355,53.981721643179306,Yellow,Clear,0,0.6892520804751483,27,11,476.49397319644083,25.481509740922014,Medium
14-03-2024 19:55,40.685888994598116,-73.76214583,10,75.57236985004963,68.38498182770532,Red,Clear,0,0.4255865714880267,17,24,125.60648692201751,15.044167860853904,Medium
14-03-2024 20:00,40.656940595052276,-73.97182103,99,23.87136458587366,69.05736688747287,Red,Fog,0,-0.823122013,38,46,323.68857922328476,26.365157561552593,Medium
14-03-2024 20:05,40.684790497311866,-73.96904606,205,44.00646189,55.477838695463035,Yellow,Fog,0,-0.355522832,36,26,83.01057018302107,7.035411870117876,High
14-03-2024 20:10,40.84119555,-73.83373879,225,58.68358084844064,60.32120373068075,Green,Fog,0,-0.351367532,67,3,237.96742137708796,9.873968932,High
14-03-2024 20:15,40.722556847926455,-73.71023433,123,34.66108721,67.01013792423944,Green,Clear,0,-0.218173119,10,39,253.03005438154432,6.016971676126863,Medium
14-03-2024 20:20,40.814548066224944,-73.84023448,287,15.747581084576344,26.701710271087453,Green,Rain,0,0.9093430477279065,73,31,159.1087554843728,27.86613149566837,High
14-03-2024 20:25,40.65844232,-73.72457121,46,5.021706762471335,61.81362301197765,Yellow,Fog,1,-0.018367516,87,43,349.2681093671331,5.715223231756715,High
14-03-2024 20:30,40.691359349513995,-73.79397802,91,5.6455692329283895,11.647405034530474,Yellow,Clear,0,-0.981294716,42,20,388.1296930823619,12.232916230426248,High
14-03-2024 20:35,40.7699203,-73.97540364,255,78.22782508573606,41.701426026512834,Green,Rain,0,0.18143466069597403,37,41,106.26268279021514,21.432490725822145,High
14-03-2024 20:40,40.6542816,-73.87274154,164,63.66155471756071,25.662049359533647,Red,Rain,0,0.20783677933680145,97,10,268.94415416290843,22.41657604498423,Medium
14-03-2024 20:45,40.77689657919192,-73.91676002,49,68.42801228081932,43.07615046663297,Red,Snow,0,0.1079104859436606,88,44,382.7522909583493,26.570127277576578,Low
14-03-2024 20:50,40.828793330696804,-73.86659418,158,24.838677039767116,90.35094236222665,Red,Fog,0,-0.248500016,85,32,380.60375083722965,18.04818541,High
14-03-2024 20:55,40.851719195900756,-73.76159572,281,57.55017681761314,41.21842619205677,Yellow,Snow,0,0.4984784962538691,48,15,331.33855209349736,22.51205022207903,High
14-03-2024 21:00,40.65635552483568,-73.78547691,89,10.391023094648107,53.92827540323385,Red,Fog,0,-0.921770839,80,37,357.9742205875403,23.314553203439907,High
14-03-2024 21:05,40.705951870397826,-73.72850397,101,7.808393324110608,68.53494562379862,Red,Rain,0,-0.545029049,71,18,83.29365980168777,12.92098313163504,High
14-03-2024 21:10,40.84109147839399,-73.90614819,214,63.075025639165666,50.40253645253787,Yellow,Clear,0,-0.505051902,75,49,425.5602150728523,9.080337704848507,High
14-03-2024 21:15,40.638485006778645,-73.92069847,201,67.54487224106414,97.38460380922949,Green,Rain,0,-0.603296203,42,20,225.56081010086578,6.903308495710215,High
14-03-2024 21:20,40.74692082244686,-73.7269279,275,28.94662951937647,11.667833982396202,Green,Rain,0,-0.270363214,20,48,121.69786681967422,26.538057292168926,High
14-03-2024 21:25,40.66229905659353,-73.97847717,173,11.249334423115304,91.66986881939239,Green,Snow,0,0.6185369968897703,36,15,349.0165908540872,27.686395416665817,High
14-03-2024 21:30,40.806752327881156,-73.93179203,225,11.16261076180131,80.69532355882693,Yellow,Clear,1,-0.462200458,27,42,469.1395314091814,28.78917778323353,High
14-03-2024 21:35,40.79174598499393,-73.94026902,10,37.12756429522688,18.426019894313413,Green,Snow,0,-0.495002308,40,34,187.22658467173218,20.157003795119913,Medium
14-03-2024 21:40,40.650009473642804,-73.81649689,14,7.447684528458052,22.718278049294405,Red,Clear,1,0.5762729169909591,8,38,91.40679992404802,23.298634459602013,High
14-03-2024 21:45,40.75533711061601,-73.84501486,136,41.95610889097026,29.95082086096888,Green,Rain,0,-0.393888009,16,34,98.28706942929635,7.158177598829919,Medium
14-03-2024 21:50,40.66655157248429,-73.8056407,157,6.793069241562997,10.714509700489296,Yellow,Fog,0,0.7898978332192399,63,7,487.74012423194097,17.219001749788013,High
14-03-2024 21:55,40.821337921080605,-73.8994811,34,22.52052632124384,51.118623515347814,Green,Fog,0,0.7734634991242517,68,38,309.71903410428325,22.950800472661044,Medium
14-03-2024 22:00,40.70495242904192,-73.89611254,244,79.26202912629562,42.38931112798945,Green,Snow,1,-0.77614608,71,7,367.13603592694403,18.027899369877076,High
14-03-2024 22:05,40.61938856381477,-73.89567988,28,42.51374794527127,91.43640074754268,Yellow,Clear,0,0.8458388943914088,12,16,376.4172454412608,16.794885658687008,High
14-03-2024 22:10,40.77818699378944,-73.88360213,106,36.11762900953299,60.04707597036326,Yellow,Snow,1,-0.170049406,55,1,468.315449,10.797767307242433,High
14-03-2024 22:15,40.69644626368457,-73.95361822,172,56.58509559590046,57.22179514604128,Green,Rain,0,0.26647657944828285,70,11,376.33421234174756,9.112408723,Medium
14-03-2024 22:20,40.75670128925749,-73.70278712,48,37.381428181824084,24.41365274224938,Yellow,Clear,0,-0.537091361,26,48,140.49921646974303,16.558845151477094,Medium
14-03-2024 22:25,40.73169831755638,-73.70563476,265,35.19919801018965,92.80648680429897,Yellow,Clear,0,-0.70027152,85,1,400.81422372664554,22.854583990913753,High
14-03-2024 22:30,40.75715730714603,-73.74444826,99,32.88222011951925,89.39012201,Red,Fog,0,0.3151399810940483,9,46,172.52059125977905,21.51889878546112,High
14-03-2024 22:35,40.76946558577853,-73.9512613,124,43.057167212375326,41.99318402744004,Green,Snow,0,0.9254757339630035,35,31,65.80905478837064,25.269078531557668,Medium
14-03-2024 22:40,40.858794910031556,-73.80054692,154,53.31802464109956,69.05500171188798,Yellow,Clear,0,0.27788866883272245,73,0,474.31389170626704,13.540450917421738,Medium
14-03-2024 22:45,40.75558555296169,-73.99599863,142,41.754089932853056,75.74071814,Green,Clear,0,0.5124543752321555,8,32,205.2940718116569,6.818934459058316,Medium
14-03-2024 22:50,40.89589879314646,-73.75245063,212,49.41573831843008,47.295200146178864,Red,Clear,0,0.8664642602609607,31,5,283.8195806268578,18.111661669610545,High
14-03-2024 22:55,40.674008845701835,-73.88928132,69,71.31510772,54.33830043613239,Green,Rain,0,-0.552822229,17,19,128.3500480022471,23.12120791956082,Medium
14-03-2024 23:00,40.70514525,-73.75859086,98,22.23669267635319,82.95492414289626,Green,Rain,0,-0.17297657,24,18,398.6252664917868,17.71946770984994,High
14-03-2024 23:05,40.80816578523293,-73.8959397,189,34.65992650598534,58.731343722002386,Green,Rain,0,0.7154092582412082,37,45,200.1034288385157,5.423466746726492,Medium
14-03-2024 23:10,40.77927162,-73.84456211,242,25.541508533820412,11.757128227552375,Yellow,Rain,0,-0.688251691,31,33,283.99387955713854,17.70110730307731,High
14-03-2024 23:15,40.70335470966133,-73.97793923,259,63.29760316359912,97.83507704294837,Yellow,Fog,0,0.9456844602554502,56,27,201.37040982324945,6.0602895114179365,High
14-03-2024 23:20,40.64640436466049,-73.86958823,271,24.978589730151388,84.99045189191699,Red,Fog,0,-0.782645929,61,4,236.2076577891575,21.55758512011128,High
14-03-2024 23:25,40.83189865024842,-73.72202484,57,70.23992783325481,65.46725888131672,Green,Clear,0,-0.792212346,71,18,349.8832291833269,10.236028527763644,Medium
14-03-2024 23:30,40.650445823686645,-73.76098349,247,9.333938366,65.75205974346923,Red,Rain,0,0.24068349974457548,47,5,476.0336941116486,29.96688056683784,High
14-03-2024 23:35,40.66787034871432,-73.7695923,290,49.05745471939681,87.48171484473276,Red,Snow,0,-0.52033596,89,21,348.11346436374834,25.180718811245825,High
14-03-2024 23:40,40.75436916693542,-73.93552511,181,37.964991685767195,87.79868369296169,Red,Snow,0,-0.301678528,2,32,157.5916443595588,15.505894946469827,High
14-03-2024 23:45,40.79792030972076,-73.98881774,186,69.49065345659426,14.331003700446335,Yellow,Clear,1,0.6934718597915126,50,43,219.79754927857184,25.130554373049435,High
14-03-2024 23:50,40.71272257241001,-73.74670127,180,16.760468323911944,14.43118716702426,Yellow,Snow,0,0.47651155438805937,37,10,264.01441925622635,29.275758638301408,High
14-03-2024 23:55,40.61853373142847,-73.82602757,200,61.184333413135015,94.66620599442012,Red,Clear,0,-0.279885463,13,20,322.7488886165114,18.627040133943943,High
15-03-2024 00:00,40.83245983,-73.97068605,129,58.06929428320671,57.44699112,Green,Rain,0,0.5577649960408471,61,43,117.6629174576254,15.662080522616534,Medium
15-03-2024 00:05,40.62933102075074,-73.88699275,39,19.644259947784654,90.66764885692399,Yellow,Fog,0,-0.218364357,4,37,257.92055174029537,11.290812052266492,High
15-03-2024 00:10,40.848095531425955,-73.71573675,24,27.42703720134632,10.285020955066171,Red,Fog,0,-0.353114233,35,13,413.04227028081726,9.622778407954819,Medium
15-03-2024 00:15,40.759166838665784,-73.80610348,220,72.03848246742791,24.354705041612576,Red,Snow,0,0.6865603649522154,70,10,481.6922246063908,17.746008710434733,High
15-03-2024 00:20,40.75693941612475,-73.92195764,284,31.523283806375495,42.01939580974575,Yellow,Clear,0,-0.954542861,33,21,276.78277736065104,18.256909002530392,High
15-03-2024 00:25,40.637410123939304,-73.7810937,139,20.39798681289117,55.944344118949324,Red,Clear,0,0.5683510101385929,92,25,453.4233880611026,23.789160415720314,Medium
15-03-2024 00:30,40.86451699812341,-73.8355463,201,74.48119365781449,22.480525700170837,Green,Snow,1,0.31463317848503314,50,25,131.10041711913254,21.30427471711951,High
15-03-2024 00:35,40.64549778809043,-73.89285119,141,73.20229517576216,91.29439547155117,Yellow,Rain,0,-0.206025679,87,17,282.37292361697666,12.968751218820422,High
15-03-2024 00:40,40.751708771246776,-73.74584701,234,68.50739362465868,99.65648574386407,Yellow,Snow,0,-0.591395435,3,13,108.43335320241357,13.963984311774679,High
15-03-2024 00:45,40.886727038002284,-73.96560098,70,22.447825854394086,97.33618426,Yellow,Fog,0,0.02842888,88,5,184.7942503289341,26.552425548462733,High
15-03-2024 00:50,40.74890578364277,-73.75248859,172,36.65143224240304,78.59978043406124,Red,Clear,0,-0.869868114,80,4,224.18745818600314,10.667810794551517,Medium
15-03-2024 00:55,40.64644922355143,-73.72147436,74,15.994939347683328,79.17247532,Green,Fog,0,0.042760937,50,43,83.67358052666191,9.223584350010135,High
15-03-2024 01:00,40.81165289919246,-73.90530492,67,71.22641896882122,72.91918726612374,Yellow,Snow,0,0.6033638442489382,43,27,240.19340941764307,17.72906058207891,Medium
15-03-2024 01:05,40.64849709774935,-73.84592876,169,56.59626488600701,67.60498865407777,Red,Clear,0,-0.824501807,63,7,448.66963822726143,5.3136356880453715,Medium
15-03-2024 01:10,40.79271983891284,-73.90005743,176,35.98549198097838,67.38493597153013,Red,Clear,1,-0.283204948,10,31,316.8164627817076,14.056753498048955,High
15-03-2024 01:15,40.70782711918019,-73.95182724,177,58.22672462542222,30.860239988355577,Red,Clear,1,0.26047539600170433,13,44,86.36726837040334,19.36053705145369,High
15-03-2024 01:20,40.87676856773397,-73.90880931,165,28.44639235628441,41.95716703679669,Green,Clear,0,-0.30364232,63,22,465.2174080797866,23.457085443812716,Medium
15-03-2024 01:25,40.84330060932825,-73.71232676,121,6.562995260055344,26.15298580249843,Yellow,Clear,0,-0.183490055,49,33,239.28180046731583,14.776801499970663,High
15-03-2024 01:30,40.73890830418856,-73.87991561,245,27.437790406633194,90.58312485954903,Red,Fog,0,-0.356024026,85,11,296.4245120132906,18.28059492747093,High
15-03-2024 01:35,40.87014698145164,-73.70236884,165,12.676632602172031,19.368620910010016,Yellow,Fog,0,0.056521893,92,30,160.0836854048927,15.330646046442487,High
15-03-2024 01:40,40.75098967230001,-73.85108588,175,26.990844710321543,44.61680434127724,Yellow,Rain,0,-0.110077261,26,2,322.9893472471917,15.610510833414963,Medium
15-03-2024 01:45,40.75102078500244,-73.8087582,31,73.09462226816878,80.29891571484411,Red,Rain,0,0.6777203975469375,41,16,122.15247464426889,12.664913071020212,High
15-03-2024 01:50,40.85637753382247,-73.9901737,208,71.79950396751225,25.878426113871612,Green,Rain,0,-0.534999844,50,0,339.53988665096125,11.163635942913992,High
15-03-2024 01:55,40.64021383137361,-73.71103229,21,64.01887840761782,44.81350741630237,Red,Clear,0,0.154700358,98,5,270.4096491815586,26.835299745787495,Low
15-03-2024 02:00,40.860571787896895,-73.97687209,190,19.787850136595594,19.469123157417606,Yellow,Clear,0,0.5901046420885179,8,34,174.82804849965174,22.629996967759247,High
15-03-2024 02:05,40.65210533558498,-73.73558372,56,39.21801754655288,91.55963445923665,Green,Clear,0,0.5583980568325935,55,13,180.01121461812824,12.27409241662695,High
15-03-2024 02:10,40.73297988130226,-73.75091113,242,43.71795494137524,44.24257531,Green,Rain,0,0.9808469703419394,23,41,440.67117768616436,7.075702150868308,High
15-03-2024 02:15,40.74570695782218,-73.90799927,66,67.20942728,45.36040796942659,Red,Snow,0,-0.639568515,82,28,296.4172633568339,17.246836450137998,Low
15-03-2024 02:20,40.753149593707285,-73.79739189,252,76.46286252,89.69691312162138,Red,Snow,0,-0.113803157,42,14,130.1435730224493,8.233371394882703,High
15-03-2024 02:25,40.890579065820326,-73.92299378,128,53.702747519229426,73.78947887561935,Yellow,Rain,0,0.9693778505877704,39,25,468.80312957735663,16.746580042038516,Medium
15-03-2024 02:30,40.78153165445337,-73.80875977,213,8.055029406846337,18.32187106387004,Green,Clear,0,0.6663679655741521,84,21,466.14437379177974,23.652586355186806,High
15-03-2024 02:35,40.77546015556891,-73.8249057,70,29.868930790208303,93.15330171319303,Yellow,Clear,0,-0.015471598,24,10,215.54821027179997,29.979853797980326,High
15-03-2024 02:40,40.80357228241672,-73.93749205,144,22.87017360493533,59.79655670944684,Green,Clear,0,0.8864353509364689,36,7,418.9918459428973,17.262883303467746,Medium
15-03-2024 02:45,40.752057704888074,-73.98860412,128,22.864911381404237,73.86812774716964,Yellow,Fog,0,0.9560400064590748,25,10,182.0230128035187,10.420771426218128,Medium
15-03-2024 02:50,40.81801318,-73.73727109,27,12.728699769807626,58.990107458682964,Green,Clear,0,0.40806044254428886,76,47,313.2858643213996,19.286403691487962,High
15-03-2024 02:55,40.68280312530634,-73.78065525,66,19.643146021895284,53.03253916499139,Green,Clear,0,0.9057529558628017,21,7,327.7831821036843,29.690714423276646,High
15-03-2024 03:00,40.77757744459636,-73.75105709,145,79.79058325912662,64.63930826451084,Red,Clear,0,0.5709705898190256,9,13,132.25703292969837,21.484885783109775,Medium
15-03-2024 03:05,40.60917954187668,-73.88018866,270,38.08320022637833,48.64832606976656,Green,Clear,0,-0.246852138,79,14,496.36168319973336,27.376706803706224,High
15-03-2024 03:10,40.665919304970124,-73.97110362,58,36.49290465,50.31718998099732,Yellow,Clear,0,-0.511066124,89,0,315.9308616809741,16.175801978364312,Medium
15-03-2024 03:15,40.62893144641617,-73.89958944,254,41.864767313461485,29.61061686134275,Green,Snow,0,0.8924366614255246,10,9,354.5708153,6.8143476232164755,High
15-03-2024 03:20,40.84907870314424,-73.84887008,28,62.126704110384885,11.679251451909243,Yellow,Fog,1,-0.583342012,21,27,296.39757637902284,22.04434998106931,High
15-03-2024 03:25,40.63583606095668,-73.70516475,53,49.72614525,68.58205812,Green,Snow,1,0.9320574705935993,78,47,346.30409492517856,5.8482370302269615,High
15-03-2024 03:30,40.70312554026395,-73.79060634,44,28.157970397443293,45.02035951940849,Red,Fog,0,-0.071840313,2,49,355.2412437446694,10.699565955733899,Medium
15-03-2024 03:35,40.86045273829336,-73.96415226,144,18.15050659773612,56.940347814855386,Red,Snow,0,0.47343835974526227,27,6,386.6999686823513,20.87378703210223,High
15-03-2024 03:40,40.777330328576255,-73.87353652,248,44.269940871869366,65.23845791183648,Yellow,Rain,0,-0.167447214,7,17,445.25958137297823,23.217278881656398,High
15-03-2024 03:45,40.69235830191936,-73.86404214,132,78.98614311,23.169577669363015,Green,Rain,0,-0.469662913,26,21,54.360428144618446,16.539049283890687,Medium
15-03-2024 03:50,40.867494044504355,-73.93609095,285,34.84337624002628,63.41869994731826,Yellow,Fog,0,0.6600221305079956,69,8,375.55035037277173,12.248315287934233,High
15-03-2024 03:55,40.85393869040813,-73.82466902,173,10.087900285964947,25.373829009904817,Green,Clear,0,-0.969377844,41,2,343.82782796727975,23.731621685244242,High
15-03-2024 04:00,40.83761052658061,-73.83464992,273,27.478617399439674,69.21666752,Yellow,Fog,0,0.6298035799876571,39,45,263.3116395326422,29.50997400467649,High
15-03-2024 04:05,40.86944057472395,-73.75166689,211,46.430750208044614,90.05651702133912,Yellow,Snow,0,-0.503674096,66,42,72.48778463216283,7.4137837117291365,High
15-03-2024 04:10,40.76309058497715,-73.97704145,138,46.26280597850663,75.12379001242951,Green,Snow,1,-0.212729867,91,21,427.18760691585277,13.17666865,High
15-03-2024 04:15,40.87057119523288,-73.74809403,214,46.73966793875076,54.933029457845734,Green,Clear,0,-0.429140451,84,15,186.79986407511257,16.358139570386957,High
15-03-2024 04:20,40.877943434536114,-73.73605937,21,24.92523745901405,73.85955477768647,Yellow,Fog,0,0.069045473,52,35,53.327052872008736,29.404440087765337,Medium
15-03-2024 04:25,40.668931617570074,-73.99007939,156,59.58283275371722,59.59291333416707,Red,Snow,0,-0.759803997,56,27,286.26038392857566,14.424066849509607,Medium
15-03-2024 04:30,40.70604444744476,-73.84004471,60,32.84839076239688,78.85437564,Yellow,Fog,0,0.9613375418510803,9,4,311.23918793217285,7.361440992583228,Medium
15-03-2024 04:35,40.73172066,-73.9919598,97,76.22499143663121,83.55568696153492,Green,Fog,0,-0.286602518,74,49,345.4307756605171,25.278941862902535,High
15-03-2024 04:40,40.87527812460391,-73.78429574,172,8.145146681337739,49.12972052689289,Yellow,Rain,0,-0.838128846,35,21,147.09381834921038,14.981208423054225,High
15-03-2024 04:45,40.74969180385365,-73.9357104,130,21.584876924786727,17.938115194085125,Green,Snow,0,-0.170935839,74,41,148.80779955412723,26.20914568094733,Medium
15-03-2024 04:50,40.77644797,-73.79233613,184,20.802628830737685,43.388298969872885,Yellow,Fog,0,-0.194236711,98,29,492.1779845826411,17.15125613192744,Medium
15-03-2024 04:55,40.88372867644438,-73.79875604,35,6.152122229198282,14.651598113809495,Red,Clear,0,-0.241608493,39,13,365.15471558355415,25.735783165881212,High
15-03-2024 05:00,40.75299532261985,-73.78245939,160,65.42192553636644,30.053540543977114,Yellow,Fog,0,0.9625507328169516,27,16,377.24138321502204,7.111850081392532,Medium
15-03-2024 05:05,40.67978928916783,-73.70645826,205,65.72112868831313,39.11445079053523,Green,Snow,0,0.9756913297972174,96,10,401.1220712277621,18.556707658626745,High
15-03-2024 05:10,40.68659569979944,-73.75120704,274,60.461697285389015,37.12402707349527,Green,Clear,0,0.9448710334942079,43,26,308.84934142977863,8.157248579,High
15-03-2024 05:15,40.70946018700263,-73.9082053,206,50.109925597907704,40.36031877761618,Yellow,Fog,0,-0.685681269,92,5,411.23938932559435,17.763765355965543,High
15-03-2024 05:20,40.73442854,-73.81723724,60,62.896139322824276,17.79101036413392,Green,Fog,0,0.005932049,74,18,357.42103308976715,21.33258371678575,Low
15-03-2024 05:25,40.84720868681142,-73.85290164,81,56.692844011476566,30.012970259891997,Yellow,Rain,0,0.076282215,76,29,251.14348098460607,29.039964545247507,Low
15-03-2024 05:30,40.67443973914989,-73.98540325,76,11.362439704601375,57.42416737991635,Green,Clear,0,-0.583821091,72,28,72.98628937157781,14.914440133562625,High
15-03-2024 05:35,40.75054803081251,-73.81669461,251,67.60108631950126,52.68178059079614,Red,Snow,0,0.5774965722365517,71,45,361.95733481499053,18.800035515683568,High
15-03-2024 05:40,40.70004795,-73.81496919,90,79.18605287465569,65.83890458367385,Green,Snow,0,0.029374134141168184,50,11,378.31775810147525,7.967664138977338,Medium
15-03-2024 05:45,40.73803311608869,-73.99319427,79,11.616842242683148,23.623647404426457,Yellow,Fog,0,0.6109951662023865,40,21,356.33868034285086,10.53479436,High
15-03-2024 05:50,40.72500364708246,-73.97050488,278,69.30536506084196,79.22409379,Green,Clear,0,-0.827855279,11,42,413.1453894,21.27912459239772,High
15-03-2024 05:55,40.76874997510494,-73.7837018,157,65.78718229856565,97.93770229672332,Green,Clear,0,0.2949927909489509,89,38,296.88396964344895,16.118957874872684,High
15-03-2024 06:00,40.89448695603151,-73.98808492,267,70.04516980155937,89.38013232893468,Red,Clear,0,0.7781547142164336,24,23,491.99207873679387,6.585711743606369,High
15-03-2024 06:05,40.643101330408946,-73.95492193,20,55.19429057524087,36.02725528437183,Green,Fog,0,0.31950959946810387,52,6,313.02419575857766,14.784773463534012,Low
15-03-2024 06:10,40.64154992263973,-73.8423287,265,11.913108049465624,17.385181386418903,Green,Clear,0,0.7253791123960571,1,17,64.10607818528793,16.61928701806942,High
15-03-2024 06:15,40.79280798906766,-73.7056203,250,36.70874334041953,68.33888709,Green,Snow,0,0.44615573939827224,43,22,113.18767127448612,14.750235783638011,High
15-03-2024 06:20,40.69600999124756,-73.75000941,194,54.58891325903281,88.65630822442098,Red,Fog,0,0.084019119,56,42,218.5810159230945,24.47239551492664,High
15-03-2024 06:25,40.64105080390608,-73.76896595,246,64.93914572700947,62.87441450135922,Green,Snow,0,-0.419450795,81,4,463.7138187278647,27.083882431779845,High
15-03-2024 06:30,40.61232387,-73.96491932,35,60.63852943200734,35.139182506456265,Red,Snow,0,0.9402639093211365,40,43,410.87007798406046,11.576802011049748,Low
15-03-2024 06:35,40.826997941498846,-73.96377759,252,13.14408245701582,86.71894117927535,Green,Clear,0,-0.81632315,95,14,176.56714274347974,13.491134071509384,High
15-03-2024 06:40,40.66535450297538,-73.84492678,211,25.034908381093665,98.38850758513676,Green,Rain,0,-0.007978961,40,33,116.76906650918133,10.487358914581382,High
15-03-2024 06:45,40.81006031583282,-73.87069502,212,78.39158725,80.98927136021884,Red,Clear,0,0.9277084748834707,34,2,60.09352835890275,20.32783192446687,High
15-03-2024 06:50,40.83084387987183,-73.84650647,18,38.64761802974672,66.31928870578807,Red,Fog,0,-0.950177743,9,43,70.59479962288708,24.46955185961558,Medium
15-03-2024 06:55,40.65893475527824,-73.93450065,268,11.980251875001228,42.13383224117201,Red,Rain,0,0.8072676408024344,51,6,390.3325231988802,16.45202777009481,High
15-03-2024 07:00,40.672009322235894,-73.96625972,111,66.35649778881952,83.65510693770669,Green,Clear,1,-0.315121099,21,31,404.6458025184422,25.489659800659147,High
15-03-2024 07:05,40.641516707644406,-73.94055678,61,72.61266237505245,97.60743402341993,Yellow,Clear,0,-0.419970948,45,41,131.10619588891842,13.698234141353971,High
15-03-2024 07:10,40.61437621947949,-73.93575671,159,61.284535800031286,69.39962669193753,Red,Snow,0,-0.310313961,22,42,256.79389584049443,22.77699864398401,Medium
15-03-2024 07:15,40.859847993765186,-73.80408963,281,8.913135862,99.26571477983423,Red,Rain,0,0.8454160705425577,26,2,185.51052000708984,27.189560112153707,High
15-03-2024 07:20,40.88063499108562,-73.71318719,36,43.60332415912134,11.95503040983337,Green,Snow,0,-0.747153279,54,12,182.2124632157678,12.922880029470816,Low
15-03-2024 07:25,40.899892700684546,-73.81364296,167,30.266223645612857,55.330971380419406,Red,Snow,0,0.20528291138595556,85,7,91.23014278857394,25.99745722431415,Medium
15-03-2024 07:30,40.739934100181856,-73.99157788,150,35.38928322477795,69.35185604839576,Red,Rain,0,0.8165781930083442,33,43,147.81956358725932,9.474452894211495,Medium
15-03-2024 07:35,40.77938909,-73.95056306,165,26.544972576635736,66.45644780845977,Green,Snow,0,0.11243566125984361,97,20,457.56899537667056,5.457501942696931,Medium
15-03-2024 07:40,40.67505043188698,-73.81538687,156,74.72168697447064,63.65241870438655,Red,Rain,1,0.2853138289752324,6,7,180.27805303789185,12.281201264847642,High
15-03-2024 07:45,40.67520865114914,-73.77578934,178,62.72983168875746,55.44704371663455,Green,Rain,1,0.946693362,7,14,211.1000150156004,15.092272016446161,High
15-03-2024 07:50,40.70665460274724,-73.73011652,225,41.568295347094626,61.46735715980617,Yellow,Rain,0,0.5356860968818395,74,42,222.77182499792903,7.439751449029401,High
15-03-2024 07:55,40.80757344646583,-73.80306734,24,61.36965966508082,59.387202410002644,Green,Fog,0,-0.853248498,64,46,122.80521147047358,24.501591791137024,Medium
15-03-2024 08:00,40.71436671868164,-73.71894359,25,38.614509598811644,82.32609656825963,Green,Fog,0,-0.877333695,7,5,51.983123068019175,5.513339357681089,High
15-03-2024 08:05,40.625788306773536,-73.9661361,267,75.11757339988829,97.84033941394466,Yellow,Rain,1,0.8115272836761638,85,3,184.4053925213959,19.214328753595908,High
15-03-2024 08:10,40.81520581536849,-73.78315009,26,51.03681630325445,10.421789217267479,Red,Snow,0,-0.134857643,95,40,467.561786,27.491425119410717,Low
15-03-2024 08:15,40.80182448352892,-73.75819318,163,25.152981611468533,42.358446767559954,Yellow,Rain,0,-0.955607299,95,16,438.2727215468511,19.174665786727893,Medium
15-03-2024 08:20,40.683584201501056,-73.95667549,199,64.58329702,38.378307152942185,Green,Fog,0,-0.985987318,8,37,357.4482385,28.372305280849023,Medium
15-03-2024 08:25,40.770682766810324,-73.83435224,48,16.846483917268905,64.24238239109096,Green,Fog,0,0.8998294415661685,91,47,436.7766868923283,29.472601308537275,High
15-03-2024 08:30,40.64412362769138,-73.73672684,234,45.21085633859533,63.21744050078213,Red,Snow,0,0.5032200629211345,11,32,342.2254897430291,12.74054926921983,High
15-03-2024 08:35,40.88090802682582,-73.86031289,66,38.23760079746179,77.36321749,Red,Fog,0,-0.16268318,61,38,252.15181604989365,10.258042318640737,Medium
15-03-2024 08:40,40.82603132501592,-73.82354746,252,60.88245372269992,75.08215184,Green,Rain,0,0.4666717135733003,21,49,346.0629333258546,22.55227243786458,High
15-03-2024 08:45,40.85657414689621,-73.76878246,32,31.83732080716303,28.380954975236367,Green,Snow,1,0.10073853,70,18,57.67947617172425,13.220904806542945,High
15-03-2024 08:50,40.617763637557346,-73.72691781,70,46.766821309196864,97.10427869236214,Green,Clear,0,0.8158535928568085,36,32,350.29341839188527,7.8502061547396895,High
15-03-2024 08:55,40.83566486742529,-73.74411763,151,66.64996228528435,77.47879202352348,Green,Rain,0,0.8260149311193434,41,41,168.16412943535119,15.863118648211302,Medium
15-03-2024 09:00,40.60754886636765,-73.75687578,81,6.796122686952131,17.11917447,Red,Rain,0,-0.866044732,18,43,75.00068091815193,26.966782336123888,High
15-03-2024 09:05,40.80040011565883,-73.86679313,241,64.11820361227252,15.501657751063552,Yellow,Snow,0,-0.265799953,83,1,64.70194873105041,7.8337911062520895,High
15-03-2024 09:10,40.634293695388976,-73.71206058,93,23.592543070408922,10.33874831562575,Red,Rain,1,0.670141457,47,43,216.25883264885184,24.097869005695987,High
15-03-2024 09:15,40.664992177871724,-73.74846127,180,12.542076882155492,71.63024045519101,Red,Fog,0,0.5552079998907471,36,16,311.5232656108357,6.665273183,High
15-03-2024 09:20,40.780344241333985,-73.79118202,251,71.50597193265544,58.03713735677426,Red,Fog,0,-0.324015648,61,49,228.43176647198564,15.582329981545852,High
15-03-2024 09:25,40.721775346074956,-73.95278762,25,78.69385251635833,10.583656192566446,Green,Clear,0,0.6931535554982169,37,3,52.261014280653036,22.65541367497124,Low
15-03-2024 09:30,40.760403364566685,-73.94147751,12,29.821633243571043,92.90950056,Green,Clear,0,0.46150651063064063,36,20,224.37672660574844,13.308631884788284,High
15-03-2024 09:35,40.77156601781925,-73.92884748,55,28.79739965975553,16.391672426548674,Green,Snow,0,-0.550469185,45,8,168.90514880851094,8.208583885112024,Medium
15-03-2024 09:40,40.70679993640989,-73.96321241,94,50.378841126265264,39.55851616597587,Green,Snow,0,-0.435543573,67,35,147.83477659919984,10.116742330232608,Low
15-03-2024 09:45,40.8770553,-73.92566631,204,14.112773772415192,59.760254492760325,Red,Clear,1,-0.348352917,77,4,379.02753276334596,7.158282488135832,High
15-03-2024 09:50,40.76188165623139,-73.7830755,270,72.36825318366006,76.8099193,Yellow,Clear,0,0.8553968077772258,61,32,174.61735929245722,7.466649053,High
15-03-2024 09:55,40.638439385548914,-73.76517269,291,10.310052731449563,92.91326193663345,Green,Fog,0,-0.058455978,65,13,311.7819174,17.000978398618315,High
15-03-2024 10:00,40.799184216701356,-73.71576893,212,42.88680647465995,28.71872351725518,Green,Clear,0,0.5084577520884637,6,13,246.59189425399165,18.172915655338613,High
15-03-2024 10:05,40.63939509630037,-73.85365963,172,64.99628881783967,90.36719909981713,Red,Snow,0,0.12966943418467491,66,1,209.93955722325188,23.845695194512942,High
15-03-2024 10:10,40.64502714736215,-73.89947105,244,69.78767642495276,64.28154234031106,Red,Fog,0,-0.551355955,33,49,487.6003855431933,17.454257789464826,High
15-03-2024 10:15,40.77753692912175,-73.85440963,32,68.44725364705651,95.59761331795535,Green,Clear,0,0.6501828006481356,95,10,389.4995333833687,5.540998048567443,High
15-03-2024 10:20,40.68033170476988,-73.75364577,140,52.39611246458863,63.78597003261813,Red,Snow,0,0.8071198039790108,83,33,338.2334676487313,8.916922327,Medium
15-03-2024 10:25,40.81968667929855,-73.84275424,189,19.188658292498534,33.454014008175776,Yellow,Fog,0,0.031526250558570945,48,3,396.3543426754938,22.547665224430514,High
15-03-2024 10:30,40.65816332,-73.85122525,262,40.59251463,59.04969353502622,Yellow,Rain,0,-0.058838169,98,19,321.5751386143007,21.90665768367092,High
15-03-2024 10:35,40.655328610275774,-73.77858131,147,41.58656784,22.763753083259413,Red,Rain,0,0.4226277594114429,37,3,213.58023123666476,23.85765563264286,Medium
15-03-2024 10:40,40.899700782304905,-73.99901384,155,13.700828371832861,10.070379830528639,Yellow,Rain,0,0.8482871930258666,21,48,118.32150569391294,29.630102929287283,High
15-03-2024 10:45,40.85120666978001,-73.78443518,67,66.68767772,34.403891707934946,Red,Clear,0,-0.479204393,17,15,193.4492662292613,16.882738955076597,Low
15-03-2024 10:50,40.654756800921206,-73.75752374,165,16.283542043322353,25.52674224618583,Yellow,Fog,0,-0.094461932,33,22,134.72794938149087,19.531171228100284,High
15-03-2024 10:55,40.82166738525476,-73.73725402,207,67.25568064161342,67.68852812912499,Green,Fog,1,-0.554803589,62,47,109.37770233713584,19.70311157515816,High
15-03-2024 11:00,40.818776123605964,-73.74609615,128,43.391482247644745,93.56365217372264,Yellow,Clear,0,-0.943968116,62,42,387.4232114161326,12.35274512759485,High
15-03-2024 11:05,40.60097230955231,-73.84854527,298,21.28212647641432,23.25708482554207,Red,Snow,0,0.4073152071201196,15,8,70.23326488839757,11.161628223335336,High
15-03-2024 11:10,40.71618829612285,-73.93167376,97,46.758673642212756,94.55917595293096,Green,Snow,0,-0.808273379,24,2,357.702717,29.90304734103731,High
15-03-2024 11:15,40.84293955280011,-73.72138791,186,49.84009719658855,16.818720228420556,Yellow,Snow,0,-0.202237621,41,30,455.17842952423433,9.101706196348715,Medium
15-03-2024 11:20,40.80396443559682,-73.85007141,169,53.54993227769672,83.63611109045206,Yellow,Snow,0,0.35072625912662647,18,27,376.2218906413707,25.24731717848396,High
15-03-2024 11:25,40.870560924892466,-73.7090728,29,54.369948503154475,58.45903287871587,Yellow,Snow,0,0.5056624470776521,30,34,186.03411087957292,11.895576369522397,Medium
15-03-2024 11:30,40.80072688001741,-73.93413126,215,34.12718832477718,29.222683752631074,Red,Fog,0,0.991204586,93,45,383.85285673191777,20.394025549528955,High
15-03-2024 11:35,40.705539740360244,-73.97050891,179,5.7575116448673205,60.38577430816617,Green,Snow,0,0.5605710005200872,39,36,186.4363564934477,27.999445644584455,High
15-03-2024 11:40,40.802788850350865,-73.91720238,222,62.743694452624005,47.79084873090995,Green,Snow,0,0.7660948371140333,82,35,373.5881628390739,25.12025110460177,High
15-03-2024 11:45,40.78298907,-73.76655404,77,38.814417127610746,26.09658981615461,Green,Snow,0,-0.380296768,60,31,62.436297530472444,15.076909789325619,Medium
15-03-2024 11:50,40.77533061676765,-73.70272462,197,68.68677011,37.39091682884182,Yellow,Rain,0,0.3456565704610861,26,30,399.9730329355078,20.59018632513468,Medium
15-03-2024 11:55,40.74271792137516,-73.81675894,202,73.33024021181518,20.284116757136196,Green,Fog,0,-0.775114447,24,42,316.98354327886426,9.408004398,High
15-03-2024 12:00,40.744114928460654,-73.8008429,121,59.34830418310954,59.43530707600897,Green,Snow,0,-0.718095167,28,5,349.06062487593846,19.597025122202353,Medium
15-03-2024 12:05,40.62577369181755,-73.78391842,169,42.82475045388229,57.214636405237066,Green,Clear,0,-0.632134373,94,44,106.03567244286228,24.865986916158896,Medium
15-03-2024 12:10,40.86302631365065,-73.88404663,37,63.80879387999036,23.128257455498304,Green,Snow,1,0.8075974876035785,80,17,51.775065526994815,16.93027135661146,High
15-03-2024 12:15,40.86548872946053,-73.98906775,171,52.10127691940725,44.739331410881775,Yellow,Fog,0,0.404031318,3,41,156.63313973209716,12.41878485510529,Medium
15-03-2024 12:20,40.711672571288744,-73.71236644,197,56.730280079864244,47.694315708084545,Green,Fog,0,-0.575202974,32,0,281.25697135453566,25.28690806937297,Medium
15-03-2024 12:25,40.612419824962096,-73.71881261,256,24.95949622989432,32.585566917381385,Green,Clear,0,0.045790775,57,26,246.43768564833005,24.482053895367322,High
15-03-2024 12:30,40.76942027377011,-73.87230637,144,15.091062022462951,48.46736190502213,Yellow,Snow,0,-0.856096992,97,27,73.96008641238019,12.050794590561445,High
15-03-2024 12:35,40.705379810165304,-73.76933471,131,46.083151192176004,66.28930811930854,Red,Rain,1,-0.632414363,63,34,341.1190641139404,16.159761153681444,High
15-03-2024 12:40,40.726889352388326,-73.92505039,233,68.61220721940701,46.910489983977314,Green,Fog,0,0.12323633923197086,86,11,418.1533097612437,16.022998148086856,High
15-03-2024 12:45,40.829138449666836,-73.95219877,207,45.18106308445757,25.032285040894234,Yellow,Snow,1,0.8669359000674375,36,3,165.30423803747175,5.567455841633516,High
15-03-2024 12:50,40.79941338540859,-73.7728716,244,70.53403043,10.926668963346218,Yellow,Fog,0,-0.111956719,76,48,213.78616737981326,16.898129399893342,High
15-03-2024 12:55,40.727302124310654,-73.98344756,179,26.706358161057526,49.82241198314014,Red,Fog,0,0.6822631977102263,2,19,298.3531112793004,29.177089853720695,Medium
15-03-2024 13:00,40.69950658295164,-73.76036097,118,23.632679802993508,69.57221952585628,Green,Clear,0,-0.396400584,40,9,355.79278856401316,29.656690638333206,Medium
15-03-2024 13:05,40.850606892455545,-73.96780705,201,42.373538060447245,28.46326258914238,Green,Snow,0,0.93757981,28,42,405.26214053358575,14.65953420466029,High
15-03-2024 13:10,40.72327565250111,-73.71136004,30,49.26460634936355,46.32907291117067,Yellow,Clear,0,-0.10990581,46,11,148.25960819771308,17.890227865094452,Low
15-03-2024 13:15,40.80100157657755,-73.85444131,198,50.580057231457054,19.518214781640108,Yellow,Clear,1,0.9666610706662957,9,44,153.12943279276803,14.298717610875084,High
15-03-2024 13:20,40.64453855,-73.99548654,162,55.33781141775058,77.58351482,Green,Fog,0,-0.115860046,43,5,158.64738915713926,29.07390141279588,Medium
15-03-2024 13:25,40.67078034329089,-73.99556783,93,23.337511635637775,34.63964447148583,Red,Rain,0,0.7876775246576733,39,36,328.2769306048887,7.919118208346139,Medium
15-03-2024 13:30,40.602345416619535,-73.85885523,241,24.39186715093196,21.329187505862095,Green,Rain,0,-0.471950534,42,4,408.30399502457186,29.833637652017014,High
15-03-2024 13:35,40.88224998732379,-73.83705425,189,25.973482576355384,47.669866035518424,Red,Fog,0,-0.488040446,58,6,286.7209562295232,14.75870443404266,Medium
15-03-2024 13:40,40.613805455040506,-73.89195424,298,72.79574100807713,92.42814134,Red,Fog,0,0.6731253176271568,94,18,305.3306221675392,16.06998785888236,High
15-03-2024 13:45,40.77292041180139,-73.78183856,195,20.27014355737569,22.672895505028404,Yellow,Rain,0,0.8249443024176775,78,18,401.4100391,20.416895551118316,Medium
15-03-2024 13:50,40.68543956874181,-73.73159415,109,34.165316377637396,40.78497284526118,Yellow,Rain,0,0.8377203191597706,98,25,217.0126596747546,23.425497549648895,Medium
15-03-2024 13:55,40.83959097022582,-73.72984116,175,37.396724406946355,60.44010609288234,Green,Rain,0,0.9342404707836753,81,2,72.47403945599328,17.22971551830031,Medium
15-03-2024 14:00,40.861524572601105,-73.84140328,266,43.10883779622171,50.95681109999939,Red,Fog,0,-0.677292136,17,37,255.14113928428395,9.376827628154068,High
15-03-2024 14:05,40.78003896752881,-73.89970256,167,55.980949660281496,98.84763060932468,Green,Fog,0,0.8351447236255256,99,43,270.9826542724693,19.149768650714904,High
15-03-2024 14:10,40.6598904,-73.71035368,68,59.58115171476534,49.35955195271365,Yellow,Fog,0,0.23595822547320022,1,49,297.79285349242366,9.677314679142167,Low
15-03-2024 14:15,40.83821775913861,-73.7702354,195,9.326954042992128,19.11810560920654,Red,Fog,1,0.8171090182630432,35,18,150.56199538934732,8.575798953798062,High
15-03-2024 14:20,40.788150823070836,-73.98367377,87,49.31231523115519,40.61719073767607,Yellow,Rain,0,-0.682173917,52,19,357.60155421511877,12.272794226742121,Low
15-03-2024 14:25,40.66336232,-73.83769752,61,74.71756615940632,36.190030494647374,Red,Fog,0,-0.258767474,28,18,416.58027419304386,8.593605989002562,Low
15-03-2024 14:30,40.680035950151755,-73.84711559,33,75.33629040820237,91.59784590600134,Yellow,Snow,0,-0.386440359,61,8,372.1045288,14.878852618230788,High
15-03-2024 14:35,40.78576774372367,-73.99650894,272,29.81873972574859,56.06409353445391,Green,Clear,0,0.009035011,31,39,272.87389282553755,17.020054199759155,High
15-03-2024 14:40,40.79468382948717,-73.88776558,292,27.839056554475412,79.97613584753967,Green,Clear,0,-0.828856156,31,15,299.86177044327223,12.055594522624004,High
15-03-2024 14:45,40.638332545468444,-73.90333114,175,39.966391166508004,76.86251418820207,Yellow,Snow,0,-0.321604035,88,8,347.5901885986501,23.98116521728022,Medium
15-03-2024 14:50,40.70473504269092,-73.70575616,120,55.16011609642548,52.98910966422773,Green,Rain,0,0.4065298436649536,81,45,446.39644482408494,8.636860414,Medium
15-03-2024 14:55,40.84433684804213,-73.88435059,209,75.45248469,22.884658965040757,Green,Snow,0,-0.653002479,68,30,264.9386537802749,6.103344492396746,High
15-03-2024 15:00,40.83914600852784,-73.90177637,242,19.720872430900968,27.620462417554123,Red,Snow,1,0.3964345362490287,92,42,328.5631945456594,21.05310195971443,High
15-03-2024 15:05,40.86940676,-73.89350712,40,47.443926851282875,90.44664852925739,Red,Fog,0,0.7340530102609009,68,42,167.51709358117836,23.258647625834445,High
15-03-2024 15:10,40.779014448079536,-73.76443809,85,12.299064021632002,46.123334492232964,Yellow,Rain,0,0.7943324247706984,77,28,207.8149279491075,8.831924753,High
15-03-2024 15:15,40.75963528,-73.71880506,182,39.063476959828066,27.154477778819878,Red,Clear,1,0.6493151668301775,44,5,270.9230656330417,8.159098949179617,High
15-03-2024 15:20,40.62040222,-73.82671318,48,74.78060140639775,30.526369174480653,Green,Fog,0,-0.836791101,30,40,440.21070788333276,8.228075799,Low
15-03-2024 15:25,40.76266410843058,-73.70567499,111,57.52019857331041,73.16541932683134,Yellow,Fog,1,0.8683283002604041,55,11,141.69288089774952,25.322331806029148,High
15-03-2024 15:30,40.73308038695434,-73.8827291,85,71.04341328207207,43.85298218786149,Green,Snow,0,0.068634367,30,29,205.6484642354764,10.378164847294087,Low
15-03-2024 15:35,40.87607296,-73.96791986,21,65.06628682028557,90.91384364,Yellow,Snow,0,0.5561036225946534,34,10,414.54080447448615,15.218426502527251,High
15-03-2024 15:40,40.648636020987624,-73.89562379,201,13.288857561915453,99.51315896240293,Green,Snow,0,-0.903803717,36,8,336.9680572751562,17.34947410363347,High
15-03-2024 15:45,40.79508061569872,-73.89426968,282,24.569666435108367,45.99161590043937,Green,Fog,0,0.4338417927049274,8,27,381.0862741884615,18.62359809,High
15-03-2024 15:50,40.621049993758135,-73.76304667,236,22.60937988462959,13.553772201013956,Yellow,Rain,0,-0.593818143,70,12,464.55484863535503,15.39565393228387,High
15-03-2024 15:55,40.63030281,-73.90810026,90,11.03523096564098,93.64606462425316,Green,Rain,0,0.22680114235396776,61,16,344.65986372656187,18.516811868045625,High
15-03-2024 16:00,40.842594419949364,-73.71430813,285,67.27737926260312,67.55457418277012,Red,Rain,0,-0.11136641,68,36,390.7586598940489,23.95215919,High
15-03-2024 16:05,40.85284649978497,-73.97842963,10,51.10726530007306,92.62930292482285,Green,Clear,0,-0.610702567,68,0,266.4849490039547,6.4229459143695244,High
15-03-2024 16:10,40.74769655000528,-73.81044897,180,74.38953045736659,29.323904304799473,Red,Fog,0,-0.335141597,73,34,104.77020022486303,23.13475704603047,Medium
15-03-2024 16:15,40.78166464471837,-73.76251927,134,67.59431782971748,50.85580368626839,Yellow,Rain,0,0.2930136143806259,89,31,208.73623553587305,17.744384631008213,Medium
15-03-2024 16:20,40.866202032521485,-73.71134467,210,13.464321621751141,39.763044765966484,Yellow,Clear,0,-0.945186184,48,6,434.76805434202817,7.703846083236877,High
15-03-2024 16:25,40.654683203663126,-73.84390426,96,12.970457229432295,69.96351994661396,Green,Clear,1,-0.070682414,50,28,391.47427044589546,27.859267305709846,High
15-03-2024 16:30,40.758017361328726,-73.95856608,91,13.87082617119298,88.27766783,Green,Snow,0,0.2114728444316769,78,36,474.73740573898954,9.781554405590319,High
15-03-2024 16:35,40.874459888451206,-73.98497393,88,8.577901133713477,34.51760554410835,Green,Snow,0,0.5817483045638205,29,33,55.95835840462814,27.80802796916112,High
15-03-2024 16:40,40.61934016416959,-73.8931111,69,69.61086113,99.44694903531453,Green,Snow,0,-0.774966403,10,11,101.58983480287232,28.379794283642408,High
15-03-2024 16:45,40.63766695076289,-73.80857554,96,24.52443879783062,54.86416171073726,Yellow,Rain,1,0.8387178001063926,49,45,379.16432491653427,19.857019007815875,High
15-03-2024 16:50,40.83107086643089,-73.95887153,236,12.20877958,76.96734753502024,Yellow,Fog,0,-0.745902101,67,38,194.0044756,9.804425642863963,High
15-03-2024 16:55,40.827644834991894,-73.93669409,55,74.44708079201885,49.26559351276723,Yellow,Clear,0,-0.855927771,87,21,458.00519957715727,7.232046955493717,Low
15-03-2024 17:00,40.886802405454404,-73.86042455,18,33.08671923581672,81.51938768356418,Green,Snow,0,0.4349571237898331,48,3,112.20246077183586,28.800280588156905,High
15-03-2024 17:05,40.72558603261749,-73.79228651,183,32.15570846,29.781342609272574,Red,Fog,0,0.6438610460016834,36,17,88.05536781285852,22.328836320953787,Medium
15-03-2024 17:10,40.65265078624617,-73.89306993,238,47.71846136665247,48.84352865332212,Red,Snow,1,-0.949530119,25,17,466.7226268558756,17.71513439392711,High
15-03-2024 17:15,40.85538041950537,-73.97758232,220,43.20819273060708,72.21317898718948,Green,Rain,0,0.9193698620325801,43,25,402.52665487284935,7.636980732124675,High
15-03-2024 17:20,40.86445887,-73.75135022,80,6.857271827683121,94.31131420165154,Red,Clear,0,0.13440491418983536,4,35,155.7491586813436,14.499218699465192,High
15-03-2024 17:25,40.891190064726146,-73.88630061,265,32.68393556353673,36.93031968333544,Yellow,Snow,0,0.5447671458092644,95,4,416.7170889972586,16.438961478024567,High
15-03-2024 17:30,40.724798912560196,-73.72422582,146,49.050816984338034,23.765457061949867,Red,Clear,1,0.9735497205216788,52,17,445.81627713462933,24.921908282290623,High
15-03-2024 17:35,40.77568853741615,-73.7656503,280,57.85675173,33.00660630721731,Yellow,Fog,0,-0.162347295,35,31,189.9186173751229,17.11792033856996,High
15-03-2024 17:40,40.87426329265136,-73.83694013,212,68.77658701189745,41.968596515667144,Yellow,Fog,0,-0.703833679,84,29,472.59033322013863,9.021270758826876,High
15-03-2024 17:45,40.890504029557526,-73.81610057,209,41.84688803,25.665285954494323,Yellow,Snow,0,-0.766565032,73,47,376.25554855992357,7.452513668681563,High
15-03-2024 17:50,40.89517401554101,-73.74163144,298,54.615237,94.49519798957144,Yellow,Rain,0,0.11158445495859604,13,44,448.7196239245834,26.273757854410018,High
15-03-2024 17:55,40.807419469137585,-73.75989276,124,59.130108373591334,62.088883187191215,Yellow,Rain,0,-0.291205195,35,26,261.05323243722796,25.46618655833591,Medium
15-03-2024 18:00,40.65249772545537,-73.86583588,167,57.80437662420301,98.93766906216821,Yellow,Fog,0,0.604340726,17,8,62.37030856116807,24.666926666676897,High
15-03-2024 18:05,40.78497375340044,-73.85207934,278,12.899640733141633,18.348688030505194,Green,Fog,0,-0.585753653,50,24,241.81524572963806,27.066467629545453,High
15-03-2024 18:10,40.718270451685235,-73.99416149,49,24.291084258863407,14.202581748409635,Red,Clear,0,-0.394900192,26,6,147.88473627482023,13.744064704756745,Medium
15-03-2024 18:15,40.860026125334386,-73.90006259,294,12.401554856935272,48.50472523721307,Yellow,Rain,0,-0.643822975,29,48,300.0278527826976,18.833950374859107,High
15-03-2024 18:20,40.685879744073816,-73.73380639,284,34.55001926227615,98.72810105658067,Yellow,Rain,0,-0.079480409,2,14,150.9969345683433,20.508904445605886,High
15-03-2024 18:25,40.79523825010924,-73.99351158,32,65.88455679495677,42.98387000004363,Green,Fog,0,-0.533037314,51,35,50.32330376959784,29.457470641433996,Low
15-03-2024 18:30,40.77681171744595,-73.72779229,225,70.37382012,74.07871503353797,Green,Rain,0,0.9495933097600426,93,23,487.0606662801427,5.967185240501725,High
15-03-2024 18:35,40.74668588196229,-73.89525707,276,8.319307885899203,80.34792681873813,Red,Rain,1,-0.575282225,93,35,474.80101817379943,24.33249150056087,High
15-03-2024 18:40,40.604210038950164,-73.87994478,44,21.120237423394286,28.987165743550133,Red,Snow,0,-0.184161405,38,38,384.5150429531262,19.732242452766272,Medium
15-03-2024 18:45,40.77550315952919,-73.73281561,158,32.96170634310741,17.33908749735201,Red,Rain,0,0.06841099,68,39,325.4893710401477,26.79222757488918,Medium
15-03-2024 18:50,40.65686728112109,-73.88977427,63,6.3852628784873176,65.14101640263593,Green,Snow,0,0.8672233734107047,76,21,291.0425416756051,25.720575363255815,High
15-03-2024 18:55,40.84435571473343,-73.88402239,37,68.02408095737329,33.218119712275296,Red,Fog,0,-0.884374045,50,26,246.8739731857674,12.841464518683178,Low
15-03-2024 19:00,40.612703879602876,-73.98838557,197,24.62197071268059,17.750554151383792,Yellow,Fog,0,0.6258198833770496,87,6,256.94841940403717,28.647716465286106,Medium
15-03-2024 19:05,40.86136108,-73.77053717,193,59.42117671162653,49.848144749031945,Red,Clear,0,0.43297178623602606,38,20,231.29452093858515,28.647513462879115,Medium
15-03-2024 19:10,40.63607821569708,-73.77681348,105,58.57263019697216,45.75592719422333,Yellow,Snow,0,0.9939071251789153,44,27,335.64274159913697,28.58559890835563,Medium
15-03-2024 19:15,40.74032130971008,-73.73462202,134,8.087881366,60.65923586925817,Red,Snow,0,-0.795235977,8,18,376.45931618239507,6.0121450338394675,High
15-03-2024 19:20,40.63852584516286,-73.92688303,36,6.822011730128647,60.33732459787095,Green,Clear,0,0.8853696827536617,57,45,349.2669196843246,15.668388328773565,High
15-03-2024 19:25,40.81624986832241,-73.80883419,180,46.4130088,47.347142492306645,Yellow,Clear,0,-0.048984374,53,44,56.03334070583225,20.113432819654257,Medium
15-03-2024 19:30,40.88324917124898,-73.87613839,289,43.15862683476545,85.66630887377653,Green,Clear,0,0.054073918,8,12,422.98974871385536,12.029019225014999,High
15-03-2024 19:35,40.88951079996514,-73.97779404,187,79.41206073171786,71.40080339434996,Red,Snow,0,-0.538330809,24,19,84.04577010031369,7.343341840638508,Medium
15-03-2024 19:40,40.80839645889873,-73.87411529,100,25.439759178222637,68.58499345936005,Yellow,Clear,0,0.13501425301842396,69,27,232.7809247444949,12.643104441750655,Medium
15-03-2024 19:45,40.789541521174755,-73.85822894,179,27.24084742177057,88.24483495763778,Yellow,Fog,0,0.5413904867439707,77,48,252.87957329478016,27.401145040207044,High
15-03-2024 19:50,40.88212876138475,-73.9666514,238,73.10976226326235,18.091857481139932,Red,Rain,0,-0.163988486,20,38,323.96888338991687,5.957019119594879,High
15-03-2024 19:55,40.67515128248184,-73.82229314,273,43.24159588797161,30.050275811837647,Red,Fog,0,0.20501383998299527,26,26,375.5123819947706,5.4410944513799695,High
15-03-2024 20:00,40.639028368857886,-73.9219174,44,42.75196521724715,24.038797586782287,Yellow,Clear,0,-0.498066511,31,24,226.30756474049187,20.196402189486836,Low
15-03-2024 20:05,40.64252562272201,-73.91376047,94,74.73929475960908,81.20337384177405,Green,Snow,0,-0.414231641,32,29,224.5002332,24.413355294443413,High
15-03-2024 20:10,40.72708560430811,-73.77816458,109,19.362540709796917,30.14712519799863,Green,Fog,0,-0.026377381,51,7,58.014561602003695,23.13929689100159,High
15-03-2024 20:15,40.84071605806998,-73.99983801,183,14.833930550086547,28.497783347607065,Red,Clear,1,-0.914240121,37,21,429.1828835467141,19.676332322827086,High
15-03-2024 20:20,40.84412630539745,-73.93107592,227,15.141939277676043,75.37843094268018,Green,Fog,0,-0.849212465,28,16,170.2386857574719,7.928192272279895,High
15-03-2024 20:25,40.76329572389795,-73.90386967,167,65.67369831450353,37.04869434,Yellow,Fog,0,-0.626408788,68,44,302.11354484816957,11.575182361669329,Medium
15-03-2024 20:30,40.753173848128256,-73.87401787,245,74.20179433136593,46.426512214604394,Yellow,Fog,0,-0.742282011,16,30,456.17664604116806,10.196703765629243,High
15-03-2024 20:35,40.77035173593891,-73.86368389,289,7.615782977,34.29443006119002,Red,Snow,0,-0.250417572,92,0,225.32116157808665,6.075979359313989,High
15-03-2024 20:40,40.62383627112024,-73.89629073,264,25.150708027212506,19.137722668468573,Yellow,Fog,0,-0.006118827,74,17,421.07438424316126,6.2922471798978545,High
15-03-2024 20:45,40.86404838137989,-73.8811437,119,45.51752420037346,53.822434058918766,Yellow,Snow,0,-0.892756762,15,44,197.10241099681406,7.254087510279168,Medium
15-03-2024 20:50,40.684814862847745,-73.78996199,181,52.91650475838121,35.02766754462994,Red,Fog,0,-0.08662196,66,9,439.15124179487356,20.256502348104632,Medium
15-03-2024 20:55,40.82946610914043,-73.8666525,77,56.919950054689075,50.332434918983026,Green,Rain,0,0.20963151304481142,97,29,116.97489481361487,17.886276110486037,Medium
15-03-2024 21:00,40.84549397180972,-73.74674483,196,20.088543696168628,61.989990073264465,Yellow,Fog,0,-0.49152509,70,29,303.1985127387288,5.3560666693190075,Medium
15-03-2024 21:05,40.81919118928773,-73.97429188,31,31.929595036950854,51.23540126157739,Red,Fog,1,-0.212030635,51,4,55.88873511,25.49795844257006,High
15-03-2024 21:10,40.73958742199912,-73.8025037,278,59.20237233139407,58.66162052,Red,Rain,0,0.26398616513069206,62,48,53.66857965538604,29.493079959606415,High
15-03-2024 21:15,40.63830523899732,-73.9322908,270,28.256533294241542,39.127118966771604,Red,Snow,0,0.5140991348995156,14,33,238.95922337037229,14.044546422622965,High
15-03-2024 21:20,40.65935151,-73.71592506,160,67.30407717889445,91.85501038464432,Red,Clear,0,0.39149521,2,23,176.33040439216288,29.581581895278333,High
15-03-2024 21:25,40.74826868174425,-73.79522712,26,75.76988226,83.16602227,Yellow,Snow,0,-0.084109183,65,17,72.71881785535314,14.439334166124208,High
15-03-2024 21:30,40.87777301432451,-73.81126719,121,24.196017835189966,61.68808747475983,Red,Clear,1,0.6292532478734902,79,30,247.01942870577292,6.890544845319553,High
15-03-2024 21:35,40.85721035349356,-73.93172479,164,21.81970760663102,78.68146773848207,Yellow,Rain,0,0.8818125682651443,33,40,156.8369087648549,5.642089642299276,Medium
15-03-2024 21:40,40.87577996113272,-73.81403901,31,10.565856815932758,63.170152413541736,Red,Rain,0,-0.73378438,95,39,169.22436650906337,22.37090539232222,High
15-03-2024 21:45,40.881006404864415,-73.96751487,100,61.39545482139841,26.93777635,Red,Rain,0,0.4130736028411015,31,35,257.2673398418788,10.765557560389956,Low
15-03-2024 21:50,40.68792947050019,-73.92574092,165,58.19205574988501,71.42355133270391,Green,Snow,1,-0.602833445,15,9,312.1467281784027,29.18141402251194,High
15-03-2024 21:55,40.70815817471183,-73.76753336,175,13.965757229209906,13.562308797186155,Yellow,Fog,0,0.7333078676981357,15,39,310.46553302440896,19.616115280510932,High
15-03-2024 22:00,40.639714441126095,-73.70420207,92,16.95856842,73.18506206016826,Yellow,Rain,1,0.045628793268388756,53,14,217.38012962167255,29.703207517234986,High
15-03-2024 22:05,40.67813102404218,-73.72113874,99,32.985726113926916,92.82825503365449,Green,Fog,0,-0.554292041,21,35,453.6807733523235,19.540220280952028,High
15-03-2024 22:10,40.880907289991995,-73.79777703,147,31.188823593313906,51.30103387155544,Green,Rain,0,0.7343010453529097,33,25,55.36611331824782,22.699228664905014,Medium
15-03-2024 22:15,40.740368405100966,-73.86657778,195,78.03743572677894,63.63541448093659,Green,Snow,0,0.22895642268682415,82,37,137.87116359614168,15.068373337482292,Medium
15-03-2024 22:20,40.88235784101571,-73.85678931,105,72.64019735028104,12.973185156597287,Green,Snow,0,0.2789942665877183,50,0,185.39641041190458,10.136905146281364,Medium
15-03-2024 22:25,40.82472321554564,-73.73940819,79,53.87369681685016,97.52382160283479,Green,Clear,0,0.7739357388005648,99,14,142.96043770526117,18.176013855715382,High
15-03-2024 22:30,40.77395645721182,-73.73079192,281,16.76884329113264,92.67698441601924,Green,Fog,0,0.2844163341740804,19,19,167.70777055757688,15.964128745616192,High
15-03-2024 22:35,40.81125065546992,-73.91235173,103,32.772390658269096,38.85885186021507,Red,Rain,0,0.8368478616093666,5,0,196.79845810486967,26.988276643132625,Medium
15-03-2024 22:40,40.83586958148563,-73.97964985,17,54.83250784380938,56.89083195,Green,Rain,0,0.41732894752383753,25,8,366.49525650997373,19.785805633950595,Medium
15-03-2024 22:45,40.83936166728997,-73.74868504,12,10.37165294210738,79.37293033172584,Red,Snow,1,0.9640971707856407,76,0,72.43342996278466,28.810494888195937,High
15-03-2024 22:50,40.70227988862672,-73.74676738,172,45.572315677116535,60.311810990213274,Red,Rain,1,0.774928078,52,16,231.63762976635542,22.65447089830282,High
15-03-2024 22:55,40.81206377869548,-73.75324724,219,25.204306757607064,58.361796846168374,Red,Rain,1,-0.284513074,38,0,492.09682395502347,22.652414341851742,High
15-03-2024 23:00,40.85343954296043,-73.99137348,290,44.68708227510558,86.82746621769626,Yellow,Snow,1,-0.866052587,17,48,490.63366931266074,6.591587784655237,High
15-03-2024 23:05,40.70279231870463,-73.82000249,176,10.997833344051092,98.51133021928351,Yellow,Snow,0,-0.153787763,43,28,328.76686265315055,29.70112668959918,High
15-03-2024 23:10,40.83222123162042,-73.8088259,219,42.84169752,22.043525208246503,Yellow,Fog,0,-0.002815022,30,36,479.94582377968953,8.38048086,High
15-03-2024 23:15,40.665975044695195,-73.70046861,288,76.59910155021922,59.397891026330534,Yellow,Fog,0,0.21275147558493157,50,0,397.8488074598803,24.60638566156438,High
15-03-2024 23:20,40.81708874823625,-73.72002189,26,50.76942014028787,10.28385094,Green,Snow,0,-0.85223961,84,31,225.59430150895219,15.739307587084197,Low
15-03-2024 23:25,40.69888193288922,-73.87749566,147,26.825960180838425,29.466716861434243,Red,Clear,0,-0.485175944,97,28,66.28889643633451,21.16098201,Medium
15-03-2024 23:30,40.64948964,-73.76850741,271,62.09947621476946,36.71193723946216,Yellow,Fog,0,-0.878167971,7,45,67.85889052944587,15.048240123467314,High
15-03-2024 23:35,40.60605679,-73.80607227,33,40.24478637913736,79.43333522399888,Red,Clear,0,-0.365336023,88,20,246.90300813734623,10.997545100713161,Medium
15-03-2024 23:40,40.85761119887998,-73.81987191,258,26.865580377618148,26.904933031396673,Red,Fog,0,0.003370428,16,41,349.80153175238286,17.768269736449007,High
15-03-2024 23:45,40.877658221559365,-73.9494529,233,16.137958055161757,58.86334449359584,Green,Snow,0,0.35298477129236594,23,12,174.74746083075195,18.06817297186352,High
15-03-2024 23:50,40.738730037443894,-73.72174883,215,48.944118719450096,25.283534186730222,Red,Snow,0,-0.913060461,69,13,182.89448682061288,8.152484545863093,High
15-03-2024 23:55,40.68416819601408,-73.90690772,116,24.470929924549676,50.82365173557251,Yellow,Snow,0,0.8090897841400524,29,38,97.15068282,17.792682288928653,Medium
16-03-2024 00:00,40.89997245351517,-73.8867536,192,59.49636743992073,85.01198862,Green,Rain,0,-0.309415568,43,19,278.3588579126292,7.3118246177215696,High
16-03-2024 00:05,40.82641398178068,-73.75279198,60,53.115919927292296,66.91554221485755,Red,Rain,0,0.15141612477445698,70,19,120.8640602212462,17.19966067,Medium
16-03-2024 00:10,40.69587957661026,-73.82999602,108,34.783758509892934,13.642883301097655,Yellow,Clear,0,0.06156027,36,8,113.66661984921858,8.386309651454525,Medium
16-03-2024 00:15,40.77853532477717,-73.72825489,139,57.37755297535414,35.649323241459406,Green,Snow,0,-0.562577389,27,42,273.80872628019347,8.220008945150004,Medium
16-03-2024 00:20,40.88982834632814,-73.88271696,84,69.54414205673315,98.70616814,Red,Fog,0,0.6041375467250469,46,47,281.0251461677741,27.868127844917893,High
16-03-2024 00:25,40.66745768136081,-73.83441332,173,56.14226709986001,37.40128082207609,Green,Clear,0,-0.626748487,10,28,164.3144781146001,5.376905512089487,Medium
16-03-2024 00:30,40.70427514468439,-73.76355196,208,65.79404167898272,76.88868843991712,Red,Rain,0,0.9667231359943713,76,25,121.51992974501354,8.859420181130329,High
16-03-2024 00:35,40.75545881887843,-73.80669596,120,56.744188529278205,50.01170533415704,Yellow,Snow,0,-0.089819067,80,44,236.35592172181543,12.259517021920992,Medium
16-03-2024 00:40,40.61273653177557,-73.85752619,55,63.46350057716968,48.808833784434356,Red,Fog,0,-0.61985919,87,16,305.19917235977266,12.786770904551904,Low
16-03-2024 00:45,40.66730480266057,-73.72146008,111,47.05600798227284,18.543346155697797,Green,Clear,0,-0.699097257,75,18,468.13219482082593,27.645556886252837,Medium
16-03-2024 00:50,40.89662699789801,-73.86607903,268,47.83167036,37.74457306027121,Green,Snow,0,-0.622742919,46,40,338.79895422102754,24.237462412709625,High
16-03-2024 00:55,40.834814387011704,-73.98140482,197,63.95804012328686,66.07269998259251,Green,Clear,0,-0.553401823,2,30,453.7710534799232,16.781917194798016,Medium
16-03-2024 01:00,40.75587837,-73.99655315,202,31.230827486951636,48.890982062258274,Red,Snow,0,0.4903531412297344,76,38,289.29577730848916,15.64412461725221,High
16-03-2024 01:05,40.77132970878842,-73.76635173,129,37.23952014927696,91.81174626493778,Green,Clear,0,-0.695370878,89,37,178.51651301100824,16.327465846258367,High
16-03-2024 01:10,40.62070670765995,-73.96544965,161,26.424940029423876,14.073932214619242,Green,Rain,0,-0.16253991,62,8,367.85487091415666,18.34950820153157,Medium
16-03-2024 01:15,40.681638997681674,-73.96781922,279,42.971483387328405,37.645963935730464,Red,Snow,0,0.700400101,92,17,162.2503477100111,13.132273262201132,High
16-03-2024 01:20,40.63467316564784,-73.76886371,283,16.47225687393165,80.11650050955912,Red,Fog,0,-0.061293573,53,10,365.1907483724319,13.423242726582792,High
16-03-2024 01:25,40.66854174327269,-73.76598406,31,27.65251129864557,24.449150027090376,Yellow,Rain,0,0.5255157041904044,91,25,365.9475531116393,23.54438530649136,Medium
16-03-2024 01:30,40.746537483756256,-73.76056235,241,64.59707825,11.602725030993227,Yellow,Rain,0,0.21650153649665027,30,18,276.9085493620838,11.969579580684524,High
16-03-2024 01:35,40.647771566931056,-73.99830652,206,55.05753018531353,63.25535705,Yellow,Snow,0,-0.54853395,81,17,134.40000987301312,13.582362445344769,High
16-03-2024 01:40,40.780736500402696,-73.84347739,256,35.79401205864747,39.32432695986584,Red,Clear,0,-0.902283049,62,45,393.2633799507023,18.796014324832488,High
16-03-2024 01:45,40.70843570725976,-73.74751112,86,72.9009827,18.29959932927393,Green,Rain,1,0.37834507050897725,12,9,97.86214324774777,15.913282297613152,High
16-03-2024 01:50,40.67887990922425,-73.87191847,201,30.069277333376544,27.489186877492156,Green,Clear,0,-0.026296812,82,44,485.0579091220259,23.788971263380482,High
16-03-2024 01:55,40.81261664837945,-73.72011934,228,27.844690359849587,11.781058463743113,Red,Clear,0,0.7311057739752427,17,34,407.06856884059124,12.625459560764106,High
16-03-2024 02:00,40.82179063744864,-73.75437943,185,21.19440161890924,73.52510198089213,Green,Rain,0,0.24504586222153812,10,5,174.32282083840647,23.99387074313288,Medium
16-03-2024 02:05,40.802385929653575,-73.84323383,119,25.197275402304975,77.18207194,Red,Fog,0,-0.442634722,63,11,309.89437100018296,22.732265127554193,Medium
16-03-2024 02:10,40.70011008226751,-73.76946666,273,50.32834655300681,26.706574578317635,Green,Snow,1,-0.432268578,36,19,281.90100607543775,23.560550937102207,High
16-03-2024 02:15,40.65881864573862,-73.95688473,284,14.768274442634336,34.07891259164951,Green,Rain,0,0.946741515,34,20,347.8770203976919,11.41391980856405,High
16-03-2024 02:20,40.61904505596534,-73.79056943,299,60.225007155594206,10.557298544507926,Yellow,Rain,1,0.6739922172265116,71,32,186.67364534409054,10.982463173702108,High
16-03-2024 02:25,40.639182930953226,-73.84546847,270,24.08303985599891,79.77449451863662,Red,Snow,0,0.9373349968936351,68,43,57.87220354566504,27.509195506394107,High
16-03-2024 02:30,40.69368602982163,-73.74857027,247,79.42200593537798,68.22067335311763,Yellow,Snow,0,-0.388652455,93,37,320.74935874140635,7.176635594151858,High
16-03-2024 02:35,40.790168949933644,-73.8229997,196,46.52224914077188,34.734577825913405,Red,Snow,0,0.24050465487918116,37,3,355.8092521189324,17.506403662228028,Medium
16-03-2024 02:40,40.73539358975681,-73.85787233,156,47.72454774902772,10.251412738368998,Green,Clear,1,-0.313710586,53,48,301.03909666513425,17.573927923512763,High
16-03-2024 02:45,40.880632633965085,-73.96119297,194,58.046132893112905,97.49061194,Red,Rain,0,-0.989421445,30,40,467.0460794197965,20.91399981100748,High
16-03-2024 02:50,40.807379229197906,-73.9287857,181,14.458903920432924,21.369272992166092,Red,Clear,0,-0.981399386,37,2,85.31664185442061,12.92880440377835,High
16-03-2024 02:55,40.809807209164155,-73.97813478,183,39.47388731025829,47.93409589506629,Green,Clear,0,-0.04250644,2,20,491.3426526256271,7.073336838206541,Medium
16-03-2024 03:00,40.79350710215676,-73.7120181,148,15.476052948045325,98.85076455764839,Yellow,Fog,0,-0.499948378,93,34,353.0696975033504,18.411038411643847,High
16-03-2024 03:05,40.63241756868578,-73.91519196,89,21.44483473933197,52.61313442676432,Red,Clear,0,0.28611926177153335,91,8,494.5582838027206,26.045939601754284,Medium
16-03-2024 03:10,40.82417902616653,-73.73981415,80,54.821590515120356,17.995308702591558,Red,Clear,0,0.3397990533116664,90,23,414.34944877915495,19.310113523745663,Low
16-03-2024 03:15,40.763701262003316,-73.93293528,281,59.967976844596606,67.51056746754148,Green,Clear,0,-0.814619442,91,1,310.79521335500766,6.1309193238433295,High
16-03-2024 03:20,40.62332585022215,-73.98871333,136,77.40733118482989,80.88590980556195,Yellow,Fog,0,-0.149943709,30,48,422.47553273867055,15.106070598006891,High
16-03-2024 03:25,40.78607474996265,-73.87840091,87,66.44021163204613,90.31976306893094,Red,Fog,0,-0.361614293,70,49,488.9868156440749,7.202148883157437,High
16-03-2024 03:30,40.73418126573393,-73.92039631,205,57.58885226526731,14.026781611853876,Yellow,Fog,1,-0.735378105,88,42,478.9077575950843,17.93686998707536,High
16-03-2024 03:35,40.75440352608505,-73.85288887,59,10.214507715954872,96.68594353836161,Red,Rain,0,0.28155210000905306,84,10,330.7279220571969,5.055194559495178,High
16-03-2024 03:40,40.76894992923363,-73.85020461,203,72.16228124177935,72.26438524796464,Yellow,Clear,0,0.1009069443824997,51,12,464.32299387238703,23.38217993041901,High
16-03-2024 03:45,40.736251068188125,-73.98136592,35,16.28243403155993,37.85932162441718,Green,Fog,0,-0.323301393,36,48,152.6686143976179,18.24173133,High
16-03-2024 03:50,40.67522994226013,-73.80968018,273,17.004948445870255,55.002162914506485,Yellow,Snow,0,-0.806054899,93,41,315.70842278608774,8.068009197599286,High
16-03-2024 03:55,40.82994043642384,-73.954462,168,34.545539203029776,32.99514364364768,Green,Clear,0,-0.33930826,24,36,77.48021755388038,7.105208171048348,Medium
16-03-2024 04:00,40.84489827394535,-73.75963779,115,9.960976175318407,30.54285595981203,Yellow,Clear,0,-0.753625542,73,3,392.55350043147337,17.104588095015032,High
16-03-2024 04:05,40.754440021516835,-73.84452102,21,18.40543076639118,23.629514365621255,Red,Fog,0,-0.874132686,33,27,68.41289453182279,6.167416794653153,High
16-03-2024 04:10,40.80224386124018,-73.90807438,77,52.53344346556204,44.20721624652387,Red,Fog,0,-0.161712108,78,3,260.8179551258594,23.914718446619705,Low
16-03-2024 04:15,40.87511753239362,-73.93524461,247,49.24108777700688,35.62107549406059,Yellow,Fog,0,-0.010815541,1,41,474.538436,28.802794405728793,High
16-03-2024 04:20,40.79095255019144,-73.75922099,264,79.89889524308849,77.89432075715702,Green,Clear,0,-0.931469609,41,29,284.44413150051065,11.803617918826195,High
16-03-2024 04:25,40.61547979,-73.91937719,105,41.411836515749194,44.835359441004066,Yellow,Fog,0,-0.92543985,12,17,291.33794645305795,22.058042985683425,Medium
16-03-2024 04:30,40.631632974541866,-73.71019668,113,46.828901523183816,47.39031012371661,Red,Rain,0,0.7956302069764347,40,36,361.41541045863397,13.49469408958687,Medium
16-03-2024 04:35,40.62420991038822,-73.721857,103,38.37031420807976,92.47831299876657,Red,Fog,0,0.5906433234212778,58,20,265.68522223809714,12.14332033602484,High
16-03-2024 04:40,40.892990321628034,-73.92382216,269,57.62995060702999,41.97771765406755,Yellow,Fog,0,-0.128824723,45,49,193.70792894151083,24.16329876672412,High
16-03-2024 04:45,40.859556652711674,-73.98884876,169,71.01649203440024,61.336832664383984,Red,Rain,0,-0.455041193,67,44,365.39863109943786,14.251670246238994,Medium
16-03-2024 04:50,40.80919676391901,-73.87320663,96,15.747528038671076,74.48681992711118,Red,Snow,0,0.028446558,56,9,292.04639708102854,21.14332172617795,High
16-03-2024 04:55,40.81681819159906,-73.82640434,92,53.52266288717166,23.151039774463417,Yellow,Snow,0,-0.067345257,51,22,233.53546372167963,29.424709091154003,Low
16-03-2024 05:00,40.648679169810435,-73.78568964,277,79.97235621612975,82.02088522634043,Green,Snow,0,-0.227685158,14,48,331.04862852874834,21.25561848894775,High
16-03-2024 05:05,40.800001083828086,-73.80000493,79,62.454535971063315,51.74227051961671,Red,Fog,0,-0.506143463,81,4,258.60833160316383,12.11623886988024,Medium
16-03-2024 05:10,40.86781322159985,-73.9362741,48,76.16828515593157,15.325082553794374,Yellow,Fog,1,0.9608306271937446,85,19,475.02983739271923,28.686461111204462,High
16-03-2024 05:15,40.614880159904885,-73.77531855,225,23.34113323,46.08761166191625,Red,Clear,0,-0.500055147,98,36,66.78164695004605,24.482612959243546,High
16-03-2024 05:20,40.754347315409106,-73.82188688,235,43.17470673166903,73.77783134658766,Green,Rain,0,0.041311101,33,39,463.4851234052613,16.976199871362237,High
16-03-2024 05:25,40.69414046550528,-73.84993116,241,18.51525232171231,10.419347490535722,Yellow,Fog,0,0.7411241833902962,87,41,146.45930962667583,16.79111818617192,High
16-03-2024 05:30,40.716451560347494,-73.87090763,158,37.13989633568077,76.64491842154209,Red,Rain,0,-0.263934423,30,32,382.24584516424693,16.615698317755136,Medium
16-03-2024 05:35,40.86586642819618,-73.87661376,172,6.729738666,98.89439534421429,Yellow,Clear,0,0.9310115132132089,93,47,223.57925928399405,28.47843421179583,High
16-03-2024 05:40,40.851940813044614,-73.95269647,130,30.93408517563622,82.18356749611964,Green,Snow,0,-0.242691221,23,17,262.35822170425024,9.398819502000498,High
16-03-2024 05:45,40.75561330826339,-73.88954818,132,37.84739279884929,77.70639688073848,Red,Snow,1,-0.389329759,27,33,407.6645907161935,20.028275207079602,High
16-03-2024 05:50,40.76787887464992,-73.84616623,89,75.57861046563515,35.977980901424544,Green,Snow,0,-0.931998423,78,33,56.38424193896492,16.14211864480125,Low
16-03-2024 05:55,40.75300738767803,-73.7106754,10,23.406293016780175,58.38334758587057,Yellow,Rain,0,0.4019873173615658,13,10,305.6228536097433,16.235955822243806,Medium
16-03-2024 06:00,40.68544350378594,-73.96386941,73,71.52857183713444,12.494067447431162,Yellow,Fog,0,0.36818723879619286,29,4,80.73102172973694,9.664852450586949,Low
16-03-2024 06:05,40.69616557424209,-73.7328503,124,73.60287326571063,42.082247014711726,Red,Snow,0,-0.962214939,38,40,121.15414117746319,19.079645899728646,Medium
16-03-2024 06:10,40.84628137600762,-73.85833395,176,22.089309924617687,51.95444996908149,Green,Rain,0,-0.14516416,64,18,134.74699226259978,20.220605607465135,Medium
16-03-2024 06:15,40.612557930511194,-73.74516385,72,36.91034471509828,65.12372198936416,Yellow,Fog,0,-0.973106692,27,40,470.0845569515338,25.574361609659825,Medium
16-03-2024 06:20,40.83158952847313,-73.96709232,188,47.51840360005374,40.84490483521993,Red,Rain,0,0.8499903542451279,25,33,355.8806563,15.727100075931695,Medium
16-03-2024 06:25,40.767299915166475,-73.75047324,160,23.659507161217633,50.65551341574077,Red,Snow,0,0.44234983512904336,11,27,454.65218270984195,29.931386377740875,Medium
16-03-2024 06:30,40.73474342612778,-73.93234062,230,77.88424014491756,96.95852258053304,Red,Rain,0,-0.351785235,47,11,475.7947345171126,23.26857667,High
16-03-2024 06:35,40.631867920398186,-73.70621842,290,9.226210585120457,21.26897183176462,Green,Rain,0,0.6801611490938144,88,43,401.6989827,13.012252857066684,High
16-03-2024 06:40,40.70025644092956,-73.7286705,90,6.727809246681531,59.85704431694817,Yellow,Clear,0,0.47748499336363603,51,48,71.57010470856198,22.63147868315099,High
16-03-2024 06:45,40.899099012517034,-73.73599394,211,21.919583981173115,81.00705796060025,Yellow,Rain,0,0.9808810338816676,14,18,311.15403344100775,12.535119885702034,High
16-03-2024 06:50,40.801345593010105,-73.96058463,195,45.26663581853425,97.44252419249402,Yellow,Fog,1,-0.092460874,16,0,86.46606758185385,23.28138658586642,High
16-03-2024 06:55,40.724639430917364,-73.92047129,11,40.89918768,76.8354751,Green,Clear,1,0.3488889517714302,44,18,138.8768982512711,5.064927270894255,High
16-03-2024 07:00,40.76738900772389,-73.71665665,295,70.90677628325012,94.67667839270372,Green,Clear,0,-0.398661582,67,10,160.98521174509114,11.60044786269507,High
16-03-2024 07:05,40.746556539824894,-73.75691926,273,7.5741035729401585,78.2840967,Yellow,Snow,1,0.2928085800213749,55,33,268.4691022264239,5.137629732920977,High
16-03-2024 07:10,40.70997413235927,-73.80292992,49,21.46644443591138,16.32026463113708,Red,Clear,0,-0.749152969,14,43,333.63341190962785,16.296050062822395,Medium
16-03-2024 07:15,40.764956254721675,-73.77990155,263,68.14403291696794,87.72488866868214,Red,Clear,0,-0.808588795,10,22,437.9608287501248,21.112155254818365,High
16-03-2024 07:20,40.763094322574894,-73.95051225,191,72.71734170558459,74.51854430749337,Yellow,Rain,0,-0.62881913,71,10,93.62754684318406,24.588549041037016,Medium
16-03-2024 07:25,40.82628006076792,-73.87760286,65,77.74313766021581,70.75460448748456,Yellow,Snow,0,0.13404387210137814,10,35,486.4385553051815,28.08822360499426,Medium
16-03-2024 07:30,40.695188168242545,-73.95119113,256,33.20451849549855,81.35459972330223,Yellow,Fog,0,-0.503463844,82,47,487.3726782983142,21.176945646235286,High
16-03-2024 07:35,40.845568165121435,-73.91672664,225,27.528030512702387,50.727818156254386,Red,Clear,0,0.829080773,81,7,71.11372498494735,26.400083057521297,High
16-03-2024 07:40,40.74438577062732,-73.74473591,295,24.85505429978458,32.42699493631162,Red,Clear,1,0.5443676729699738,96,44,308.3308922895708,23.191716358118637,High
16-03-2024 07:45,40.87285701067828,-73.91164678,88,18.849449885824736,41.87166259770767,Red,Rain,0,0.31275535915009045,73,39,430.2386030333065,29.72870250071383,High
16-03-2024 07:50,40.66342154368065,-73.78404241,36,23.271312369218343,21.28748719869345,Yellow,Clear,0,0.2855387398044511,21,48,136.31578032626177,23.331693457327592,Medium
16-03-2024 07:55,40.69155240109836,-73.88405732,184,6.436212609131957,16.83825150333755,Red,Fog,0,-0.723714939,39,42,376.2696996207988,6.477472804035179,High
16-03-2024 08:00,40.86232786869522,-73.79228003,281,26.51528988305335,91.08829280706179,Yellow,Rain,0,-0.844256111,49,46,493.4827263644556,27.809144612013228,High
16-03-2024 08:05,40.79462441,-73.79634444,39,71.00982186378272,21.14418608414359,Green,Clear,0,0.016521201426636045,61,49,474.00014287317407,5.686895646341096,Low
16-03-2024 08:10,40.84387461984807,-73.98077062,289,41.126014556971306,26.55289218107754,Green,Rain,0,-0.893362554,92,47,410.67674717364395,18.41205021594505,High
16-03-2024 08:15,40.836134044494955,-73.79817969,183,5.776360740865417,83.20403939152017,Red,Rain,0,-0.310654975,80,0,245.53270520549853,9.806261215631604,High
16-03-2024 08:20,40.71628663458013,-73.83709265,205,66.95547009644255,10.694704455295078,Red,Fog,0,-0.424144891,96,36,363.4131962936778,23.05070111342875,High
16-03-2024 08:25,40.60659661270851,-73.97816475,274,60.28111854,25.153826486931113,Red,Snow,0,-0.577092266,59,9,57.881654898797265,26.83402817208731,High
16-03-2024 08:30,40.87249737823954,-73.75875647,250,60.349127581525906,29.327757055820438,Yellow,Rain,0,0.7065985568494384,8,46,485.33664128574395,5.247362742254259,High
16-03-2024 08:35,40.767633589117764,-73.99444863,144,71.40646109059406,38.42464069637357,Green,Clear,0,0.30487616459953193,41,8,302.91952809633574,11.361725659005094,Medium
16-03-2024 08:40,40.819437326598816,-73.75763664,246,70.80037711594427,16.17066407644196,Green,Clear,0,-0.984015133,81,27,410.12239361039946,14.394248323503668,High
16-03-2024 08:45,40.75771112529755,-73.89296522,257,7.727510812201809,70.37820838362788,Yellow,Snow,0,-0.755536081,36,24,84.87832176975272,28.507841046916493,High
16-03-2024 08:50,40.741800135821215,-73.92949412,21,55.30718033717447,46.9609426,Green,Fog,0,-0.965143076,88,32,296.17829267055373,20.697142803462818,Low
16-03-2024 08:55,40.73056906838066,-73.79769844,154,35.23965020795555,65.45315293033525,Green,Fog,0,-0.145454903,52,36,355.7572448842598,21.29833565580521,Medium
16-03-2024 09:00,40.84521237129602,-73.78428561,189,34.84727819268815,12.673827280907844,Green,Rain,0,0.083693803,89,49,404.54457650375184,20.370084722834527,Medium
16-03-2024 09:05,40.78968982217517,-73.81726737,209,63.077402074235295,89.99949450406649,Green,Fog,0,0.7775849991801809,18,19,353.21551278537027,14.666316220665111,High
16-03-2024 09:10,40.62743561405312,-73.70699204,137,61.861090467554945,92.94385220890378,Red,Rain,0,0.146449256,35,36,173.93591350391637,13.572531337926353,High
16-03-2024 09:15,40.81950163788812,-73.89362738,248,65.07614769192008,80.99772461880704,Red,Rain,0,0.17876863699636547,6,49,108.6429373000116,19.683088138706008,High
16-03-2024 09:20,40.60701647817245,-73.7992903,40,32.82090870204622,48.125047422632164,Red,Snow,0,0.2626278613317188,49,1,229.85846034440812,22.303688827235472,Medium
16-03-2024 09:25,40.689949483232034,-73.82247816,202,32.10270703770624,67.66558019,Red,Fog,0,-0.29495631,81,46,99.71091996756864,27.77650713258774,High
16-03-2024 09:30,40.72195377278977,-73.92326999,91,42.254294972507005,88.38325856,Green,Clear,0,-0.643807095,48,46,275.57633937624513,12.607364887491952,High
16-03-2024 09:35,40.82981413998212,-73.97492213,292,24.598930883915703,11.586692207574709,Yellow,Snow,1,-0.111691416,38,8,54.54120475823594,11.598285809277785,High
16-03-2024 09:40,40.89876971,-73.94018564,295,79.6399022,98.28211686851843,Yellow,Rain,0,-0.39928763,96,13,439.2209540813722,15.412709826013334,High
16-03-2024 09:45,40.86956537559616,-73.8965857,94,13.925448141431605,50.66168449983314,Red,Rain,0,-0.380502492,24,40,81.31930586,24.14094292,High
16-03-2024 09:50,40.67177224123182,-73.9652107,125,27.514034865274247,15.263726217957476,Red,Rain,1,-0.799510626,57,37,207.13425944921102,12.138030433138104,High
16-03-2024 09:55,40.79274116097806,-73.74374202,212,35.72765112040496,32.62616833656708,Green,Rain,0,0.6278598452075363,84,21,496.62024585347814,18.001699478708964,High
16-03-2024 10:00,40.68754960544329,-73.87774497,287,50.96687128585057,35.78235145621065,Yellow,Fog,0,-0.484297787,20,17,316.1888338236539,26.764208595935546,High
16-03-2024 10:05,40.658379240706864,-73.9539827,229,49.708699913246654,45.237653836059174,Green,Rain,0,0.067336815,64,5,276.5003946948859,10.733539012906249,High
16-03-2024 10:10,40.61618046179985,-73.99722762,271,54.459475165266674,64.83935145879855,Yellow,Rain,0,0.12468132225423223,72,42,273.65642740092125,27.77882382050326,High
16-03-2024 10:15,40.69658965878872,-73.85556079,151,54.03922794247487,40.13597597063705,Green,Fog,0,-0.544169672,60,33,278.4364021622319,14.560244952635694,Medium
16-03-2024 10:20,40.803174684649264,-73.99259695,224,69.54226247988585,19.42972118,Green,Snow,0,-0.000778122,53,13,241.34171009297793,18.323713758948028,High
16-03-2024 10:25,40.88890481242021,-73.8937474,153,43.508425413689366,88.01027938708957,Green,Snow,1,-0.799714051,91,28,414.17647224444386,12.957906962537091,High
16-03-2024 10:30,40.87086154595053,-73.73928359,193,48.36634694027271,73.14410322444064,Yellow,Clear,0,0.530379937,6,31,212.1956728980145,5.433355089217385,Medium
16-03-2024 10:35,40.74767894712575,-73.70775224,244,60.131776814049914,64.49751522513404,Yellow,Rain,0,-0.669667072,15,17,473.2569351,12.226554186768706,High
16-03-2024 10:40,40.86368130841882,-73.97379653,253,13.822425120314993,90.28541724690344,Green,Rain,0,0.4780426711664987,80,47,177.00010191126404,24.188376073182503,High
16-03-2024 10:45,40.68602817718786,-73.79692565,145,59.66712718989089,38.377927807937255,Red,Fog,0,-0.093394634,91,40,70.81914364,27.373088515341266,Medium
16-03-2024 10:50,40.756713133079494,-73.96511597,286,24.838913550797425,36.250538555664505,Red,Clear,0,0.6210194648092935,95,25,290.05678872587663,12.599892374984401,High
16-03-2024 10:55,40.617844182277196,-73.91010769,296,43.70702568135994,29.659164608877802,Red,Clear,0,-0.566518128,25,47,399.0986125492962,28.987454238240517,High
16-03-2024 11:00,40.692885401222775,-73.84350955,192,53.115750771391184,69.41855650667753,Yellow,Clear,0,0.5777768498199014,53,16,410.2026173340333,27.68012875509351,Medium
16-03-2024 11:05,40.78695226588233,-73.86393362,59,68.02684027636556,54.672766900388865,Red,Fog,0,-0.017183652,50,12,496.83351147165365,13.743559982512897,Medium
16-03-2024 11:10,40.814935443209585,-73.82904852,202,79.02957018330706,34.103447679283754,Green,Clear,0,0.4174012814249952,82,32,160.12223401337133,14.694241784863259,High
16-03-2024 11:15,40.73072201199374,-73.98613378,117,25.398106593893615,40.159850713790675,Red,Clear,0,0.090401454,17,44,389.9087482475053,14.093714004807193,Medium
16-03-2024 11:20,40.86231928613282,-73.75732808,219,69.81213625179002,26.293969900982404,Green,Rain,0,-0.89060691,86,44,187.02744080254152,26.048436010371585,High
16-03-2024 11:25,40.630783138714975,-73.99316396,193,66.14784416203304,19.521969384412394,Red,Snow,0,0.8520305345158106,34,34,430.7264394013179,26.30443681334826,Medium
16-03-2024 11:30,40.68259090134672,-73.76484607,32,29.216343927946276,28.61224915074937,Yellow,Fog,0,-0.237959093,1,20,186.5735311295669,18.91614238792519,Medium
16-03-2024 11:35,40.70515620750009,-73.78532865,190,54.568722848336726,61.15431360210016,Green,Rain,0,0.13525582168405648,2,16,143.26734281456243,15.68560535499321,Medium
16-03-2024 11:40,40.75717731,-73.76124611,21,17.255978804702124,81.55490409847035,Green,Fog,0,-0.483355994,82,19,72.84253661,26.75919554303476,High
16-03-2024 11:45,40.75154997425378,-73.75378213,74,6.216420093748951,45.96717663,Yellow,Rain,0,0.9617193608275989,73,26,498.23190296073466,7.1108381165942625,High
16-03-2024 11:50,40.72033511456635,-73.78519694,251,65.45646946970612,32.54731381344102,Green,Snow,0,0.4685229587579056,49,2,473.69842167267046,10.221419964813883,High
16-03-2024 11:55,40.83139237,-73.89694772,12,21.930814609347312,73.04336652744621,Red,Fog,0,-0.397037834,36,24,404.3525323109746,26.175792256350405,Medium
16-03-2024 12:00,40.87059507603797,-73.7510589,255,52.695260598082506,41.091005403493284,Red,Clear,0,-0.276425997,1,43,421.9473363250132,25.31517106313798,High
16-03-2024 12:05,40.797882835500644,-73.80306129,118,10.280847074533751,87.81454295927723,Red,Clear,0,0.8766798336552111,44,29,481.4437202331699,17.61675178490011,High
16-03-2024 12:10,40.665470454086396,-73.87352769,29,12.355589767304341,34.39223702514816,Red,Fog,0,-0.815279657,2,24,453.4744828528044,5.194080445773598,High
16-03-2024 12:15,40.80691501754706,-73.7293429,174,59.823796079860934,81.82004902034447,Yellow,Snow,0,0.5380252388384938,63,13,82.55054293,23.76777803539663,High
16-03-2024 12:20,40.74443614697767,-73.82980497,170,53.390511281370074,77.88896878860251,Yellow,Rain,0,-0.019260522,23,46,200.16972376852056,18.85306615,Medium
16-03-2024 12:25,40.85738076,-73.97098622,191,73.30085434615962,33.02595253231394,Yellow,Clear,0,0.6335952173538257,48,17,187.5308308,21.815610339866588,Medium
16-03-2024 12:30,40.73153673368574,-73.80714511,165,5.002789464754283,34.61382826943927,Yellow,Rain,0,0.2196065691205833,36,28,315.65678975074474,8.655205842038844,High
16-03-2024 12:35,40.88535783181141,-73.84386983,247,12.341045354870898,52.792280364828414,Red,Rain,0,0.9588055934547481,66,42,285.6938238133599,25.554484963837748,High
16-03-2024 12:40,40.718479081914545,-73.73660551,109,5.9109495907607235,73.64493108375169,Yellow,Clear,0,-0.373336137,3,16,469.6931023229476,22.70783630195145,High
16-03-2024 12:45,40.84188353415635,-73.81003366,146,24.039614637743213,27.952636552671287,Red,Clear,0,-0.001712789,25,29,190.2388299795463,11.868743462846355,Medium
16-03-2024 12:50,40.81619673164758,-73.94795382,52,69.85898494789896,79.37902472173147,Yellow,Fog,0,-0.154537032,42,0,203.6441075924793,13.540511631865892,Medium
16-03-2024 12:55,40.88226732038033,-73.88174361,46,73.67389821865241,87.74976264178434,Green,Snow,0,-0.420033151,37,38,152.53400851017747,6.7194639994955905,High
16-03-2024 13:00,40.705629249769736,-73.7250178,184,15.056027230608716,98.85160148,Red,Fog,0,0.9908342066529481,98,24,67.16584652947955,8.198528589,High
16-03-2024 13:05,40.702533853965335,-73.90551063,77,55.92568816078951,35.37546760878489,Yellow,Rain,0,-0.952251184,53,37,239.8384712370242,20.679361739730325,Low
16-03-2024 13:10,40.865128405035236,-73.8088786,50,5.684334351440269,56.171404458002314,Yellow,Fog,0,-0.856816518,79,6,62.593951243765176,14.402018861466757,High
16-03-2024 13:15,40.64336686313502,-73.79180347,107,52.47894203781016,62.95492637969487,Green,Rain,0,0.6084406945075143,9,1,94.85595431484553,22.86022069924318,Medium
16-03-2024 13:20,40.651672622682625,-73.99853514,228,74.59396502470759,15.954633284128155,Yellow,Rain,0,0.15426070618415655,57,7,137.44493967929066,21.80731874827813,High
16-03-2024 13:25,40.889925462656265,-73.89236216,203,46.95661638530485,23.93161126864547,Green,Snow,1,0.057366959,57,36,421.8553924588202,13.107428743014184,High
16-03-2024 13:30,40.78762395940114,-73.85051105,35,29.156029748040993,32.06600235,Yellow,Rain,0,-0.7576423,15,34,131.1366983,19.751512780530646,Medium
16-03-2024 13:35,40.846473467649474,-73.90703979,13,24.21321907464149,18.572404959251884,Yellow,Snow,0,-0.690926854,83,28,244.18092253144488,25.685440134116206,Medium
16-03-2024 13:40,40.75105311408592,-73.87135142,32,60.61608834501633,23.23393876273426,Red,Fog,0,0.9941616729353355,71,14,102.67991901396792,5.768969945773862,Low
16-03-2024 13:45,40.73941666504301,-73.98021351,32,63.85256136342179,20.862768567791345,Yellow,Fog,0,-0.667404645,56,13,339.8712665171741,8.772203546059488,Low
16-03-2024 13:50,40.72834724007113,-73.93490552,15,16.42377788905219,68.08675389028303,Yellow,Rain,0,0.3603712151675986,14,14,324.6649809077545,29.14239434628538,High
16-03-2024 13:55,40.89508515843135,-73.87418007,91,12.236325405855428,25.42728057849549,Yellow,Clear,0,-0.554182007,45,19,128.24591321723784,13.440547469686985,High
16-03-2024 14:00,40.79108354099886,-73.78252953,122,54.33325757342723,89.47056409348993,Red,Fog,0,-0.607841343,1,15,409.9173089952602,18.086569349199586,High
16-03-2024 14:05,40.616761143702284,-73.90763761,188,58.45746037507665,42.25344601452489,Green,Fog,0,-0.935612537,6,11,126.92237570602693,5.431286870986061,Medium
16-03-2024 14:10,40.76179745400454,-73.91480348,66,26.609133550992933,27.249038630055967,Green,Rain,0,-0.545666992,15,37,290.52738682459665,24.56963940993361,Medium
16-03-2024 14:15,40.89141071433761,-73.81616324,89,5.1744826145746785,95.49269471,Yellow,Rain,0,-0.115008932,66,39,352.0474814,5.759456102,High
16-03-2024 14:20,40.706277805963424,-73.78194473,38,23.70297625785635,72.57163727,Yellow,Fog,0,0.8876291250034534,58,38,101.93655809444122,16.625891529912987,Medium
16-03-2024 14:25,40.67125500260909,-73.72750251,129,60.16146826512327,12.491392312963187,Green,Snow,0,0.11287131586708776,18,20,121.10527111546537,16.09800647079335,Medium
16-03-2024 14:30,40.726341711458126,-73.88561659,208,29.580693236842038,32.48926150627246,Yellow,Rain,0,-0.683272893,59,26,351.92950638768986,14.780605066476678,High
16-03-2024 14:35,40.848518709149985,-73.81249961,260,69.85597723590683,51.15073599830996,Red,Clear,0,0.27373497602309915,45,46,481.6691381024237,9.028474809514515,High
16-03-2024 14:40,40.851515759249565,-73.81122304,34,23.43595047,79.81303571325782,Red,Rain,0,0.4481281021332686,99,11,187.19041696265603,16.087885477194522,Medium
16-03-2024 14:45,40.61087085248806,-73.97767518,123,69.39988561840765,41.091566075494946,Yellow,Rain,0,0.6716696351345726,7,35,300.9484101239118,8.671851146522862,Medium
16-03-2024 14:50,40.815564988112726,-73.89370838,139,77.82294876160852,76.38925549282904,Yellow,Clear,0,-0.307196806,90,38,273.23419918271304,12.134241129749377,Medium
16-03-2024 14:55,40.75030335820418,-73.82608242,242,11.28229109476429,67.74368323913443,Red,Rain,0,-0.171776885,2,20,72.31887948,21.993053245618107,High
16-03-2024 15:00,40.76082397736829,-73.86128843,253,15.854108222291975,70.25467281884933,Green,Fog,0,-0.035985539,82,33,467.50732738751594,10.16731090112265,High
16-03-2024 15:05,40.77101187397088,-73.70735128,186,36.49729738461753,23.55199621139932,Red,Clear,0,0.9918160268679439,69,23,55.338474434972404,6.302731522060071,Medium
16-03-2024 15:10,40.81739246224916,-73.92120425,247,79.97990119456934,76.80229856004385,Red,Rain,0,-0.350594148,71,47,393.00906391064717,10.453316298708922,High
16-03-2024 15:15,40.67503156696994,-73.98555591,33,33.09540855343052,59.57886102901166,Green,Fog,0,0.8710557029815791,50,38,412.2541407147906,11.266541244624015,Medium
16-03-2024 15:20,40.71651013229905,-73.85313449,274,69.99530677384531,55.24768510070044,Yellow,Fog,0,0.087670725,11,7,251.13806264537095,25.194915205443493,High
16-03-2024 15:25,40.662031335755486,-73.87012475,92,59.43694688914611,50.101130581798806,Green,Rain,0,0.9153034640167204,55,27,248.25322869394716,16.86491067436196,Medium
16-03-2024 15:30,40.868847387226985,-73.9566114,124,32.13982002927007,21.850153740025064,Yellow,Clear,0,0.97803079,39,15,90.65091799579285,18.937554984088877,Medium
16-03-2024 15:35,40.73104271177007,-73.88858441,260,37.65750179606457,52.57241474978837,Green,Clear,0,-0.240431322,17,31,136.11919666703693,13.649715834286715,High
16-03-2024 15:40,40.80441071850104,-73.71651245,273,27.059813976846012,37.200063549450796,Green,Snow,0,0.558842375,88,44,266.4900298,17.047457389091264,High
16-03-2024 15:45,40.702136421950925,-73.76041271,57,62.22726237848593,33.63484230239092,Yellow,Snow,0,0.40279690207625496,40,14,152.33409741010132,9.712998394308936,Low
16-03-2024 15:50,40.82907699112524,-73.77880552,155,15.448635390735236,11.301835672531244,Red,Clear,0,0.8238235468396458,98,48,121.87315820187044,7.103239374882501,High
16-03-2024 15:55,40.82485730134363,-73.90119219,146,74.68549706,58.71384925925198,Yellow,Rain,0,-0.438999664,54,49,227.33335968431734,5.497913584237722,Medium
16-03-2024 16:00,40.770636570143694,-73.91631657,10,58.283421848758394,15.19852809084937,Red,Snow,0,0.022900363,37,12,460.96205273868776,10.377099889544892,Low
16-03-2024 16:05,40.80610830343158,-73.93877249,148,51.57135073963026,96.05827404762259,Green,Clear,0,0.9843127720875611,97,22,221.94288083618486,29.666548345294725,High
16-03-2024 16:10,40.788772479832836,-73.94586876,47,72.14242435,48.88584444413348,Red,Rain,0,-0.212098012,53,0,306.72913367948684,9.72691524,Low
16-03-2024 16:15,40.828642005480226,-73.89841589,274,59.86507989708458,95.59115412965177,Red,Snow,0,0.46283065025894454,3,3,440.8083139850882,15.917496383681558,High
16-03-2024 16:20,40.657727701134455,-73.99045291,202,77.51699922,42.89905776661505,Green,Clear,0,0.34867175368711867,6,20,370.37041508864155,14.976587532416637,High
16-03-2024 16:25,40.677300545880506,-73.8176758,167,23.702440513104797,57.40169144849997,Green,Snow,0,0.4122492849433086,45,15,192.8229515812183,14.633885474440918,Medium
16-03-2024 16:30,40.860024109451984,-73.84413498,181,43.01172488049133,88.79934247947158,Green,Rain,1,0.5333946164313854,76,5,470.3369905493276,17.834288356195994,High
16-03-2024 16:35,40.704080013391824,-73.92635575,104,25.399543405602127,89.03602161,Red,Rain,1,-0.423615955,30,14,381.6800069547938,24.05543531159894,High
16-03-2024 16:40,40.63551402007665,-73.8419535,255,67.38370159478737,66.22846131309306,Yellow,Snow,0,0.7807775157441741,76,41,345.1880318,25.059929764653056,High
16-03-2024 16:45,40.74520446331364,-73.91254088,273,75.17520115498195,11.782574078791129,Yellow,Fog,0,0.14880206459306589,41,28,396.21043890761945,14.826198605392703,High
16-03-2024 16:50,40.70750118057454,-73.88472789,229,27.87114791510335,23.934979308351302,Red,Clear,0,0.6152557554512192,42,6,308.3072852494015,15.714861557118983,High
16-03-2024 16:55,40.71033904548353,-73.7456313,180,61.36078944312542,92.75329292607313,Green,Fog,0,0.9283112722648239,89,26,224.67638948379553,19.726855101101343,High
16-03-2024 17:00,40.82929211391125,-73.93796576,241,5.8180035787310995,11.997861057257659,Red,Clear,0,0.49697489952372464,18,22,202.0685760245854,16.660878958726315,High
16-03-2024 17:05,40.635367835939185,-73.99005926,32,68.12616844,70.74256755501156,Yellow,Clear,0,0.13321934360201082,23,17,359.0456494395045,17.233026694559292,Medium
16-03-2024 17:10,40.87479220640572,-73.89191532,197,18.368902952794357,32.745642497990616,Yellow,Clear,0,-0.081631883,90,49,368.6077299761324,7.552373248,High
16-03-2024 17:15,40.79580852,-73.91895336,137,21.963638199507226,17.931453833108883,Red,Snow,0,-0.886271999,63,23,281.67565156158594,23.222181784246477,Medium
16-03-2024 17:20,40.89095452434384,-73.70381648,249,78.23759379453062,31.04747075471502,Red,Rain,1,0.42623299663277514,94,35,199.15683017448393,23.449060567470465,High
16-03-2024 17:25,40.61176460610487,-73.89640637,294,38.164999947380046,11.175934617585568,Green,Clear,0,0.7864744043752001,86,37,173.31047698093056,16.80981470230488,High
16-03-2024 17:30,40.65223362424099,-73.73408959,135,41.205669187346956,14.749835323598987,Red,Rain,1,-0.711902724,46,21,76.82254016,21.989276109804422,High
16-03-2024 17:35,40.644850082909905,-73.76248418,252,47.54485553837723,86.16378018,Yellow,Snow,0,-0.249484522,80,13,459.12851868557664,21.713611604020006,High
16-03-2024 17:40,40.66875243,-73.70604392,39,51.280505477037536,45.548931757274865,Yellow,Clear,0,0.33995966892100604,47,20,392.0574638,12.934979392406058,Low
16-03-2024 17:45,40.83081171338276,-73.85830348,40,5.386697589704074,84.69384743736607,Red,Rain,0,0.2897372956698214,99,36,305.8914128385208,5.710135119460162,High
16-03-2024 17:50,40.84143621609852,-73.74168384,200,35.89473736300659,89.5337691,Red,Rain,0,-0.816701039,53,35,469.2634143251887,27.774554751678817,High
16-03-2024 17:55,40.82129020862622,-73.72363146,88,19.747179987317622,16.150525312915597,Yellow,Snow,0,-0.194340561,94,9,347.0725905945377,5.275441224,High
16-03-2024 18:00,40.70346535853533,-73.97367999,260,45.634587320888215,20.678336655633572,Yellow,Fog,0,-0.949938749,67,43,309.9049352054789,23.257053261360973,High
16-03-2024 18:05,40.70231046,-73.91088681,168,39.32652982780516,20.64732991817056,Green,Clear,0,-0.893208453,20,48,241.6498086779421,5.322532161336392,Medium
16-03-2024 18:10,40.87613649643427,-73.99332898,277,11.44354492637097,22.047572182958447,Yellow,Snow,0,0.32733553995023557,81,26,209.3298407183663,19.225394032926957,High
16-03-2024 18:15,40.652255227982025,-73.96798936,199,8.819191297768556,70.49484604960963,Green,Rain,0,0.4212312918534433,81,34,423.92340294034483,5.1782573020342095,High
16-03-2024 18:20,40.69817123833562,-73.82043408,52,57.72998574203473,31.208216719562714,Yellow,Snow,0,-0.927537534,94,1,253.5022032733669,8.747458786687963,Low
16-03-2024 18:25,40.68084317493043,-73.78303454,163,31.74830239538338,57.319851319252585,Yellow,Rain,0,0.6683938122303692,93,7,377.01897779685356,16.655892721687852,Medium
16-03-2024 18:30,40.88349998013913,-73.83347394,261,64.13587202569823,38.83401045,Red,Fog,0,-0.91012998,75,5,217.17447087872188,5.294932955931179,High
16-03-2024 18:35,40.633839410443066,-73.95526414,111,29.38181971,47.68613507819705,Red,Clear,0,-0.631071827,37,22,476.4721238358302,26.664179437819257,Medium
16-03-2024 18:40,40.83332058928902,-73.75985398,267,61.12541994847021,18.375262387843872,Red,Rain,0,-0.834447525,58,48,67.89731978373433,23.79180461728994,High
16-03-2024 18:45,40.712105131548554,-73.76793951,82,8.806703049814203,22.86800578228147,Yellow,Clear,0,-0.502342391,80,13,437.7287597523526,19.408462207815354,High
16-03-2024 18:50,40.693817207141315,-73.8214047,62,36.289991138049814,88.26668529166339,Yellow,Fog,0,-0.082952952,24,46,78.62400041933414,20.559983837526662,High
16-03-2024 18:55,40.73370473310462,-73.98246916,135,64.19640342893899,94.34849563706707,Green,Fog,0,-0.646636413,17,28,458.0687246214377,23.223832666369212,High
16-03-2024 19:00,40.66752855727186,-73.85038036,95,34.983985614419154,59.6943227,Red,Rain,0,0.5275143632478427,94,38,100.89861594919645,23.731840018190805,Medium
16-03-2024 19:05,40.618173135034645,-73.7178261,281,49.80835962559293,65.44495801513133,Yellow,Clear,0,-0.783849671,50,42,365.93421909182814,14.305271213397281,High
16-03-2024 19:10,40.758739755286804,-73.88846981,162,74.94238309677702,70.2921418,Yellow,Snow,1,-0.02001763,91,15,126.60887390586899,12.302803109610032,High
16-03-2024 19:15,40.86124118136888,-73.95077477,70,67.10686789151109,34.617255893472944,Yellow,Clear,0,-0.785894288,17,43,214.9834241472197,21.519696466091826,Low
16-03-2024 19:20,40.82162215549712,-73.9946483,112,66.96524897580687,78.23133056129883,Red,Rain,0,0.34045633246848817,82,15,497.43441633478994,15.645245581374226,Medium
16-03-2024 19:25,40.70969183374788,-73.71279799,136,23.062336281118025,81.15033394767883,Red,Snow,0,-0.181829384,67,46,430.91569932578795,10.937247516766814,High
16-03-2024 19:30,40.61638239600121,-73.87948991,114,24.241474566163834,66.23232791,Yellow,Fog,0,0.4252340336798395,17,26,278.16202075403373,28.201746337208657,Medium
16-03-2024 19:35,40.64690450643874,-73.85999687,73,45.97337395365285,71.10278442403737,Red,Clear,0,-0.910331777,81,33,168.8680699542553,12.413345050870113,Medium
16-03-2024 19:40,40.77258691243749,-73.7853935,235,44.65530728898444,49.684671079421726,Red,Clear,1,0.8658310204308859,34,17,148.85858321686948,10.806424027423667,High
16-03-2024 19:45,40.77656387792329,-73.85480079,202,49.417231064617454,66.27240135651222,Yellow,Rain,0,-0.450404379,39,18,275.8590282049112,19.396036377857108,High
16-03-2024 19:50,40.73946295088868,-73.85048269,226,30.766780294753886,18.144953366699212,Red,Snow,0,0.38137897159897527,38,10,464.2505426186842,10.240213817557333,High
16-03-2024 19:55,40.62783039874494,-73.9615709,64,79.25711231824802,84.06633118,Yellow,Rain,0,0.587488659,45,0,110.06019764853862,15.291388417055192,High
16-03-2024 20:00,40.766861561823234,-73.9629979,247,53.30713257754484,20.59281670671992,Yellow,Clear,0,0.3485513984684896,61,27,461.34756020260033,24.72138727345138,High
16-03-2024 20:05,40.66219275818242,-73.86736566,76,18.382510157761864,68.25595043033763,Yellow,Snow,0,0.13281947899470503,5,9,351.8290931608302,22.361186972928426,High
16-03-2024 20:10,40.71664559661923,-73.91330948,40,29.58310112755564,65.37664275367223,Yellow,Clear,0,0.8942319948593886,79,10,108.37484034608738,26.396564792492846,Medium
16-03-2024 20:15,40.63508950355978,-73.71686657,144,17.88946111069814,66.85967900685398,Yellow,Fog,0,0.8113404727611939,44,14,442.97864672581915,6.643040713547836,High
16-03-2024 20:20,40.631768794430755,-73.86404898,244,69.60309265787791,31.907491629104808,Green,Fog,0,-0.862326519,13,3,392.69858723099867,27.241276405994366,High
16-03-2024 20:25,40.81018171478993,-73.95658695,66,55.35985851866941,35.66804917255636,Red,Rain,0,0.002189217,2,3,137.7415643136565,24.22406823564885,Low
16-03-2024 20:30,40.718981062631464,-73.93035418,149,33.91544639697885,52.92099281190703,Green,Clear,0,-0.293818002,30,6,373.6552025141095,7.593337981002797,Medium
16-03-2024 20:35,40.84845395270378,-73.96243675,138,26.43819320430348,76.10849867277042,Yellow,Fog,0,-0.566703946,70,19,380.62160889902646,12.85389857000968,Medium
16-03-2024 20:40,40.75319329842174,-73.83205502,261,32.79040597,96.69564439695438,Yellow,Snow,0,0.4703659337477488,63,7,259.2814334071468,22.036793667740216,High
16-03-2024 20:45,40.63868990997261,-73.72892217,166,24.286478459532834,65.48151328366487,Green,Snow,0,0.6982857421425264,65,14,439.4619325,17.637088299420387,Medium
16-03-2024 20:50,40.64724768696701,-73.89689906,15,24.07048071797444,77.49855758015336,Green,Rain,0,-0.814204391,28,7,102.74892816842487,23.68844576843336,Medium
16-03-2024 20:55,40.81441134233825,-73.99125637,135,52.809728454607786,16.607320080973324,Yellow,Rain,0,0.6184228083758418,69,45,107.39559968243452,21.644725699558943,Medium
16-03-2024 21:00,40.75963681469871,-73.72628576,162,68.10960475362671,51.74151022872894,Yellow,Clear,1,-0.60901517,37,40,209.055711,24.419580420885847,High
16-03-2024 21:05,40.74394942750254,-73.85886719,262,36.09426493238711,55.901110654249884,Red,Clear,0,-0.138379219,42,33,347.16121744941324,18.5446861,High
16-03-2024 21:10,40.62474881515631,-73.99683985,172,29.355116834573938,85.77290121044598,Red,Clear,0,-0.034870311,18,1,221.82575850301282,24.06971230991902,High
16-03-2024 21:15,40.615245288882086,-73.86235638,129,57.94147918072259,52.58836073223108,Green,Clear,0,0.5968224835208089,34,16,490.6239400791575,27.763633945594652,Medium
16-03-2024 21:20,40.70148122037899,-73.73795728,239,66.29904790497407,38.182520129138325,Red,Rain,0,-0.308190196,44,36,268.1572821787883,5.704560269693899,High
16-03-2024 21:25,40.622022287526065,-73.89386397,123,48.07655676224593,16.206976801010548,Yellow,Fog,0,0.9598669851001616,1,23,367.86619345876534,8.686705288721335,Medium
16-03-2024 21:30,40.80073800468328,-73.71889573,272,42.71105405531506,98.75875368068891,Yellow,Fog,0,-0.220110549,68,8,308.5645069976719,12.075144773150733,High
16-03-2024 21:35,40.77367851314019,-73.94443572,203,9.46287984,23.96533969875216,Red,Clear,0,0.8668523438223876,27,19,325.28187297344687,22.59663788506394,High
16-03-2024 21:40,40.77018116299482,-73.80908814,241,65.28678138849274,91.30528681,Red,Clear,0,0.2248546196504675,14,35,463.2775014701149,12.401322959708285,High
16-03-2024 21:45,40.725499715645455,-73.8337251,150,44.174505176819295,60.27203918143979,Yellow,Clear,0,0.46262711909869525,10,31,301.6202075650697,17.90731237510081,Medium
16-03-2024 21:50,40.73457301626387,-73.77872364,201,53.92399858185436,37.681972787533915,Red,Clear,0,-0.485412889,5,30,167.56475910335837,9.388529100257196,High
16-03-2024 21:55,40.86005026131278,-73.77602643,10,75.90324516105134,12.24604660874417,Red,Fog,0,-0.506606829,31,46,293.5970959020492,20.223261718677463,Low
16-03-2024 22:00,40.82066240668668,-73.77102447,175,68.55765157174989,91.58720521656221,Yellow,Snow,0,-0.275288464,11,24,392.0096068084377,20.003892028521616,High
16-03-2024 22:05,40.89991553436545,-73.73501784,162,54.71607506026638,81.82391535616078,Green,Rain,0,-0.875260387,63,24,84.19528261501294,27.52264723,High
16-03-2024 22:10,40.87042520882082,-73.7795136,283,55.479426808863586,96.03078860018843,Yellow,Fog,0,-0.600295496,54,20,165.65132576054424,22.006716203435772,High
16-03-2024 22:15,40.725049224091144,-73.99500745,24,33.16149522006391,60.66589324895017,Yellow,Fog,0,-0.009787773,42,29,71.77069815060986,25.702533478632184,Medium
16-03-2024 22:20,40.89981644312128,-73.81404312,171,79.19548861760178,44.84152688153598,Red,Snow,0,-0.052530518,16,34,498.13554851673655,29.006132475627084,Medium
16-03-2024 22:25,40.71281368960937,-73.97792556,218,34.84011267879227,47.075991251459584,Yellow,Clear,0,-0.596695408,93,13,173.10973182672984,24.38548644014541,High
16-03-2024 22:30,40.67285168,-73.82337119,252,6.253543593274434,32.40842890521836,Yellow,Snow,1,0.3358645693691904,57,7,225.29943376530102,29.14019407,High
16-03-2024 22:35,40.82159292672695,-73.92173978,210,52.24171157196595,99.33259308202233,Yellow,Clear,1,-0.704274375,13,22,246.1801460562621,18.44819739618228,High
16-03-2024 22:40,40.70967261072145,-73.83307364,151,42.36200891099071,26.348839803287355,Red,Rain,1,-0.011207111,9,6,173.1394960863478,24.72145811404711,High
16-03-2024 22:45,40.68247270139095,-73.84167738,215,18.180300774320447,87.42240436861434,Yellow,Snow,0,0.3721319238065248,22,41,305.7614597251396,5.176681969087725,High
16-03-2024 22:50,40.82131053151673,-73.7727848,140,67.38097184283905,65.37769338999993,Yellow,Clear,1,-0.648154253,18,7,259.0982079701978,14.561378206740812,High
16-03-2024 22:55,40.61265257,-73.78605506,83,48.72715624813792,74.79200874,Red,Fog,0,-0.692236008,51,11,455.8020878845482,10.237565400945083,Medium
16-03-2024 23:00,40.81442971849917,-73.94948308,158,39.21990099981518,26.179727553394738,Yellow,Snow,0,0.7445867424650787,97,6,387.2304266810885,8.941795560163422,Medium
16-03-2024 23:05,40.89287184154195,-73.93595513,45,10.770878097402605,93.90156012276378,Yellow,Clear,0,-0.71469901,19,45,149.80677118819463,16.69340359809365,High
16-03-2024 23:10,40.867750007811345,-73.7315404,82,19.38513963138695,26.623527535584394,Yellow,Clear,0,-0.688714815,54,16,140.29720979257914,8.14600008,High
16-03-2024 23:15,40.60030035090456,-73.92594108,98,38.30141357,64.63836046840063,Yellow,Fog,0,-0.00122003,77,10,174.95465408203626,13.278863852588286,Medium
16-03-2024 23:20,40.85531419010623,-73.75481917,123,15.911469895533754,55.51110765453324,Red,Fog,0,0.5204818348862965,45,47,358.90944796223255,26.796975456443796,High
16-03-2024 23:25,40.88874291134561,-73.81888504,198,19.844794553565716,33.495198127134984,Red,Snow,1,0.7236956489130191,25,40,325.62990087893854,15.775514602323291,High
16-03-2024 23:30,40.8794761,-73.83186852,136,16.561049099448372,30.77082068068157,Green,Rain,0,0.086098371,65,39,368.1357082676968,7.527718825,High
16-03-2024 23:35,40.74827502595467,-73.87102396,221,70.08462479503866,29.56056144566907,Red,Fog,0,0.9436444030068449,78,8,86.34575487112261,29.66430277269329,High
16-03-2024 23:40,40.70019287867062,-73.82487755,137,79.42144447,84.51089869,Yellow,Snow,0,-0.034104116,29,41,349.2181966,25.11086321326502,High
16-03-2024 23:45,40.74793622,-73.95509346,214,25.42382570832405,19.376250386937507,Green,Snow,0,0.3821161341738326,22,19,221.76996572556376,19.23441410206356,High
16-03-2024 23:50,40.78877976756035,-73.7683815,281,13.26474992879452,58.18370581175113,Red,Snow,1,-0.376721581,35,0,379.0542809968871,19.28010722812556,High
16-03-2024 23:55,40.84933079489905,-73.96735633,222,76.76166015647462,74.06988483,Green,Clear,0,-0.260474304,43,13,356.8395922478626,18.36945346254002,High
17-03-2024 00:00,40.85417260311699,-73.7065247,19,77.24375741,92.27775067294107,Green,Clear,0,-0.432892163,94,2,375.1186187609813,19.579780427157544,High
17-03-2024 00:05,40.669691668281764,-73.9090864,163,62.40797771097624,21.771769476671146,Red,Fog,0,-0.706710556,22,9,218.3480879808099,21.376917389696715,Medium
17-03-2024 00:10,40.88460467009637,-73.77021985,136,34.94910354868612,38.50897944506799,Red,Rain,0,-0.640250426,94,40,494.6611368887836,22.690240690654594,Medium
17-03-2024 00:15,40.882909782683996,-73.83165292,189,70.22677508648658,98.86382519212042,Green,Clear,0,-0.5427382,47,4,368.76485532722165,24.057561010755343,High
17-03-2024 00:20,40.71499997727866,-73.7641151,281,14.16203731874647,68.25997099365259,Green,Snow,0,0.2547448452997738,21,46,274.9806060507146,17.942373647104915,High
17-03-2024 00:25,40.78194711003658,-73.85690355,80,18.42967151997423,34.19133842233467,Yellow,Clear,0,0.7540862170799656,23,41,273.0300831540946,26.18313527383334,High
17-03-2024 00:30,40.879833332150326,-73.77168987,239,36.56786332695689,86.06266894369284,Red,Fog,0,-0.822964692,84,32,485.55202695900937,29.57339576761919,High
17-03-2024 00:35,40.87225813113371,-73.70917605,80,46.90989754386457,59.01563942,Red,Clear,0,0.5679480639588035,90,31,104.03361823088525,13.524146465972994,Medium
17-03-2024 00:40,40.69300921,-73.82055587,97,8.926996956879176,76.23317962131358,Red,Clear,0,-0.637622456,54,28,395.3302183681584,27.652726804445642,High
17-03-2024 00:45,40.66847555003871,-73.95296231,190,67.78000168673339,83.11692285,Red,Rain,1,0.5057972298543116,78,15,153.59559839658948,13.80448003064666,High
17-03-2024 00:50,40.71448728403791,-73.81265355,175,66.69172662042996,91.81519685125932,Yellow,Clear,0,0.1652024213864527,80,3,268.66626724806576,28.406279603495157,High
17-03-2024 00:55,40.65340381086583,-73.80797647,115,21.628096197373555,91.05042630011357,Green,Fog,0,-0.562411364,9,29,215.5926580469309,8.517085165437695,High
17-03-2024 01:00,40.62550826474818,-73.91437411,123,38.543943903517906,11.163743026007626,Red,Rain,0,0.1013186390372065,79,21,185.02991899768855,14.808110784204036,Medium
17-03-2024 01:05,40.72533933758682,-73.81818307,179,56.2979241,37.01197196238897,Red,Clear,0,0.4277390402997223,18,18,179.67311748185264,15.247535865973367,Medium
17-03-2024 01:10,40.67460106169232,-73.93946391,299,43.15571262538438,72.07266755871379,Green,Rain,0,-0.565928629,17,31,59.15558915762351,27.620935174661387,High
17-03-2024 01:15,40.74220383341716,-73.83474361,270,51.060283259935034,68.60162128344925,Green,Rain,0,0.2114052875973249,31,23,73.00438555341921,9.947196523168262,High
17-03-2024 01:20,40.65520775296864,-73.99893691,265,45.67819177246188,95.15882223118153,Red,Rain,0,-0.892896452,28,16,75.39928905835828,7.238369042424654,High
17-03-2024 01:25,40.629254920747265,-73.99841172,92,46.79015861,78.77086409293338,Red,Rain,0,-0.763211618,54,3,312.42149590375783,11.381969859176763,Medium
17-03-2024 01:30,40.88284266099329,-73.74806262,150,56.509352707418344,83.5366975,Green,Clear,0,0.24079813108778625,15,46,118.81599961129577,12.650243043928178,High
17-03-2024 01:35,40.76088700925423,-73.9117278,150,32.719861424456596,30.36000866200956,Red,Fog,0,-0.635230683,64,3,302.94114407756945,22.453538368258506,Medium
17-03-2024 01:40,40.758557951096606,-73.82856819,208,29.366077068113505,95.77603712641655,Yellow,Fog,0,-0.669459959,76,4,247.2845561648236,11.45480932650932,High
17-03-2024 01:45,40.744766116550956,-73.76860138,229,64.52785767651959,71.38263403223439,Red,Clear,0,-0.921547656,35,32,363.8115868185152,16.869416469699395,High
17-03-2024 01:50,40.61237784206165,-73.94927063,103,41.129958270946844,70.03821174007027,Yellow,Fog,0,0.32416144427740523,63,7,258.7466454708399,26.69559237290089,Medium
17-03-2024 01:55,40.64459651050152,-73.77711194,10,73.21097061421601,34.867970946665196,Red,Rain,1,-0.18844733,48,8,135.97109165544896,5.133248043,High
17-03-2024 02:00,40.77946460823595,-73.9932995,49,60.16905242529602,30.25858314087264,Red,Fog,0,-0.832872194,82,46,429.8231615079118,21.75081349678724,Low
17-03-2024 02:05,40.64473041284531,-73.9971491,85,25.064245628840116,27.22392420490084,Green,Fog,0,0.2914210310612495,94,40,278.1372890178494,27.11638851251802,Medium
17-03-2024 02:10,40.71106996907454,-73.79563872,230,12.880797779709109,85.34040763,Green,Fog,0,0.097326608,33,10,486.01144152282706,18.424724630709797,High
17-03-2024 02:15,40.85292166251953,-73.70496358,247,72.74879146090883,70.31292925,Green,Snow,0,0.48601707667026517,30,27,477.78173381931344,6.729484554363389,High
17-03-2024 02:20,40.66676129822441,-73.72807745,129,23.414821839330894,91.07647327243917,Red,Fog,0,0.8263066436696056,61,36,383.5786516310716,13.448011430695876,High
17-03-2024 02:25,40.828331999158756,-73.7821064,182,20.75172029644272,64.02086065198974,Yellow,Clear,0,-0.652365886,38,16,271.25256197073156,17.54363586851984,Medium
17-03-2024 02:30,40.679138469651946,-73.78421384,226,61.57510382640199,10.52271355276316,Green,Rain,0,-0.736569967,45,24,132.62041873278065,10.71879541,High
17-03-2024 02:35,40.77141884760389,-73.71760092,42,12.070081258636515,66.78813024562027,Red,Rain,0,0.8945233752785422,8,34,263.7511954580677,14.956176082154139,High
17-03-2024 02:40,40.888453141954216,-73.92946999,284,15.187837028844468,72.95091326761835,Green,Snow,1,-0.047455837,96,21,121.83297925887011,23.925976527392066,High
17-03-2024 02:45,40.80415971219099,-73.86903203,76,56.17944631183127,15.050224702270182,Green,Clear,0,0.32814184042210615,26,18,280.85910724369444,11.341288893171582,Low
17-03-2024 02:50,40.88136495188283,-73.74941782,100,25.453398417858004,47.12582698206848,Yellow,Fog,0,-0.462615254,34,39,392.4716036805722,21.808619559835304,Medium
17-03-2024 02:55,40.884935690941404,-73.84964003,37,45.28389648593662,79.00203126261833,Green,Rain,0,-0.648206733,4,32,93.78175890139897,13.728004822052505,Medium
17-03-2024 03:00,40.77011145755722,-73.85012816,223,62.72119467482316,71.69245681933614,Red,Clear,0,0.28012798141606665,74,22,404.07860361837817,18.042643478731932,High
17-03-2024 03:05,40.72584865915997,-73.72168918,132,37.16291712139994,83.47685689289693,Green,Fog,1,0.28852616008066856,92,30,475.32193085387223,7.2124635182675245,High
17-03-2024 03:10,40.79152998,-73.74483542,276,12.966182294310585,81.69872238759469,Yellow,Clear,0,-0.547425065,62,23,177.38273175878624,14.258402412020313,High
17-03-2024 03:15,40.79415059077199,-73.92798591,25,74.47986399,57.70605205857023,Red,Snow,0,0.026533218960503868,63,41,380.7022850411122,17.122843700891295,Medium
17-03-2024 03:20,40.85339816915901,-73.9399993,31,22.084811282316544,20.58807065913874,Green,Clear,0,-0.130929766,42,46,243.51704613980016,9.593103661181445,Medium
17-03-2024 03:25,40.71633069583699,-73.80396136,95,51.21814975504049,28.666232122985317,Yellow,Clear,0,0.3851220219886853,54,22,71.35736940440908,9.070241533627712,Low
17-03-2024 03:30,40.72043224268206,-73.93197226,41,61.05484509782592,40.88184623955162,Red,Fog,0,-0.97872245,89,3,104.6296790268182,11.376494039549907,Low
17-03-2024 03:35,40.62993168587106,-73.92413691,168,58.174371079735664,40.968170722790724,Green,Rain,0,0.30411022811447586,13,42,282.6242884461744,27.56064695144807,Medium
17-03-2024 03:40,40.85157432634166,-73.98906864,158,45.22228645359028,23.014393172985763,Green,Fog,0,-0.450221017,71,1,63.19696756484721,13.865683078237968,Medium
17-03-2024 03:45,40.63485004797525,-73.77763611,63,60.67179601295033,26.092040354178664,Yellow,Rain,0,0.4035977577300456,61,27,203.3998871210145,16.465696141146715,Low
17-03-2024 03:50,40.80498611651136,-73.83968523,136,36.372756527333166,74.19691349635373,Yellow,Clear,0,0.1736512853541421,15,34,474.9582980616986,14.793054731789736,Medium
17-03-2024 03:55,40.70329849889525,-73.76941811,279,58.537084676567574,60.41256733269625,Green,Fog,0,-0.058779495,44,34,419.9276556802545,14.730904200593345,High
17-03-2024 04:00,40.71134754151484,-73.87952795,84,78.78275280746136,89.75984205993343,Red,Rain,0,-0.169604015,62,48,303.4841800857844,8.465180810003563,High
17-03-2024 04:05,40.64294364,-73.97579367,56,42.73853358496434,88.05023365254478,Red,Fog,0,0.18870099831167186,10,24,321.54864716097353,16.395994866679153,High
17-03-2024 04:10,40.820224293275615,-73.91737418,259,73.17103817,12.107566800664957,Red,Fog,0,0.034659243933266026,30,28,54.214921964565875,20.93645123766402,High
17-03-2024 04:15,40.784011066378554,-73.77077586,260,9.460907032531441,44.64328103353891,Yellow,Snow,0,-0.037807781,47,15,106.6305579528745,11.834017939249948,High
17-03-2024 04:20,40.85130055412231,-73.81880212,36,74.90069759864915,30.73360928180796,Green,Snow,0,0.6408271596100259,47,7,244.58341652546974,20.747766114082822,Low
17-03-2024 04:25,40.85681318077826,-73.72340968,243,5.786729535854139,99.13678701518405,Red,Snow,0,-0.001792316,43,19,114.48667595335274,12.281735286706372,High
17-03-2024 04:30,40.677988536055025,-73.96070639,155,10.270943204715476,72.34141887899845,Green,Rain,0,0.8140521535871421,13,1,346.9043878241894,28.321098169546964,High
17-03-2024 04:35,40.862322069863886,-73.98145215,202,28.37527236722488,80.59286311308264,Yellow,Rain,0,0.21052790721851977,69,23,140.34836599839429,8.499854777954178,High
17-03-2024 04:40,40.789786401454656,-73.80427288,107,33.48249944633382,25.87751474350258,Green,Fog,0,0.4147093127658408,10,20,469.69414434596524,7.203074790345882,Medium
17-03-2024 04:45,40.82312525416292,-73.8461054,77,71.04838144469919,77.64373885309651,Green,Clear,0,0.7013550364030694,54,40,369.58106104999035,15.490816924022559,Medium
17-03-2024 04:50,40.833382836614824,-73.85314881,247,9.416938646491086,71.57366816933705,Yellow,Fog,0,-0.976917736,55,7,299.57588116972624,20.791631761530525,High
17-03-2024 04:55,40.63962449750663,-73.75950601,31,55.71885295582322,32.97233456978158,Yellow,Clear,1,-0.906501733,93,14,407.97059837482226,23.90869150453718,High
17-03-2024 05:00,40.836523587014085,-73.95715942,180,17.012427464388434,71.42668788753369,Yellow,Clear,0,-0.927894976,44,6,263.7557503145131,21.15451528184261,High
17-03-2024 05:05,40.70171385273018,-73.9504866,287,56.393124506847194,40.477962994828545,Yellow,Fog,0,-0.462660378,17,45,94.28305690667636,22.450131015824468,High
17-03-2024 05:10,40.68975758553722,-73.87358911,193,60.202249951620026,34.40953409922794,Yellow,Fog,0,-0.757617867,12,26,269.08829654940456,5.334853421690151,Medium
17-03-2024 05:15,40.70319969,-73.95627435,244,27.565682048729773,43.345036962108665,Red,Rain,0,-0.330090342,98,49,251.62265826179708,6.277504986987604,High
17-03-2024 05:20,40.71354804914678,-73.84339179,47,37.09751663054861,15.94620091253906,Red,Clear,0,0.080940291,32,22,224.7510795807886,20.559413957023388,Medium
17-03-2024 05:25,40.872930939934314,-73.78284528,92,45.195449131089646,78.29352337495732,Yellow,Fog,0,-0.701723899,96,36,236.42717911972704,5.618654014037823,Medium
17-03-2024 05:30,40.75530181987919,-73.87066699,59,21.824523428283598,12.487135931257006,Green,Rain,0,0.8616077447167476,8,6,487.0640948954607,20.04078194678339,Medium
17-03-2024 05:35,40.82409528598189,-73.82825547,209,78.92337405391704,98.00510072409902,Green,Rain,0,0.017353226,69,36,460.85392324081204,27.033826216075198,High
17-03-2024 05:40,40.789971549078075,-73.95370896,64,10.492355756950857,32.14979116,Yellow,Clear,0,-0.323066675,63,29,283.08265633893075,13.862897694532549,High
17-03-2024 05:45,40.75230999244675,-73.93750062,127,28.661571782300438,68.15219759430673,Yellow,Fog,0,-0.77904637,61,39,468.1911493186613,27.719856587875455,Medium
17-03-2024 05:50,40.61715235293824,-73.94710096,235,14.842272862005128,52.455794404403754,Yellow,Rain,0,-0.920559068,80,49,356.0269085599695,5.049017651800845,High
17-03-2024 05:55,40.68570384743219,-73.98467455,275,34.627208688665306,41.922106714085615,Green,Fog,0,0.045318424,69,5,410.14428652975477,29.306660794668044,High
17-03-2024 06:00,40.83248875036161,-73.75093238,241,39.161868334729036,16.854562029194014,Green,Clear,0,-0.588276596,39,4,205.97112038697864,28.591611337315786,High
17-03-2024 06:05,40.77782284111999,-73.78768279,203,17.842730994555602,40.61841508246405,Red,Snow,0,-0.447752395,54,37,466.3863109826173,13.871943652176343,High
17-03-2024 06:10,40.80210541,-73.73001738,200,61.41107650075556,41.558373697721805,Red,Rain,1,0.577451777,65,33,231.84198462186856,28.81267646492889,High
17-03-2024 06:15,40.63190574306267,-73.93198769,212,76.19048879252944,29.367263682623413,Red,Clear,1,-0.155617169,74,3,112.54435285844772,6.164167290476268,High
17-03-2024 06:20,40.68192169615888,-73.88662637,250,25.56120556687476,86.69387196066037,Red,Snow,1,-0.980078443,32,0,429.9689943738398,10.552898985910861,High
17-03-2024 06:25,40.65379690342972,-73.92185579,183,39.94560011149499,89.78695443525103,Yellow,Rain,0,0.9940434840131152,77,48,439.66354206696394,17.337407135179873,High
17-03-2024 06:30,40.71342478,-73.7854827,235,63.37711828487766,78.66583238317978,Red,Clear,0,0.9570031653661606,75,36,400.47427542568226,27.711221329743513,High
17-03-2024 06:35,40.63585672187212,-73.72993294,79,74.21396951676817,27.08155862795146,Yellow,Clear,0,0.1842724644623508,8,13,190.3685881818521,17.41735221,Low
17-03-2024 06:40,40.63024471081632,-73.96139833,299,43.913533222175865,61.36158681439551,Red,Fog,0,-0.258572186,27,46,137.4696034268234,28.35856489763351,High
17-03-2024 06:45,40.86668989605277,-73.89124286,59,79.55417948124791,25.67041930596701,Yellow,Snow,0,0.088258231,84,22,482.5040865571106,28.9242521,Low
17-03-2024 06:50,40.80958990065597,-73.72970167,209,11.37362296022618,10.010145469593416,Green,Rain,0,-0.871057146,50,42,423.12376498601066,19.620439060279466,High
17-03-2024 06:55,40.617089828214255,-73.90478306,252,47.943191,27.29837872108259,Red,Snow,0,0.5471897212184593,93,9,82.99924429503076,16.91688824440301,High
17-03-2024 07:00,40.68149837089559,-73.70964778,238,30.031784099576416,75.92170734061912,Yellow,Snow,0,0.2626965402375576,9,42,165.3577200575064,16.402965348064207,High
17-03-2024 07:05,40.83414962881835,-73.85583428,159,30.553598312207573,72.99673001895725,Green,Snow,1,0.45926996860982783,1,27,422.6820142973111,9.303722508,High
17-03-2024 07:10,40.83214808570922,-73.77948967,259,39.80128988262033,23.723588434357715,Red,Clear,0,0.4744653748713368,84,24,418.8843126275044,11.729880082953951,High
17-03-2024 07:15,40.85798479,-73.95477464,155,19.69010115223118,29.54843670679481,Green,Clear,0,0.057830219329978894,36,12,202.52676694419293,7.447111053522508,High
17-03-2024 07:20,40.70595611293843,-73.84020421,191,66.29220783769244,15.677804913951281,Green,Snow,0,-0.718346015,2,12,270.8726824905979,12.816901424679868,Medium
17-03-2024 07:25,40.89547425932067,-73.78179214,243,34.490361709343446,21.380997505018836,Green,Rain,1,0.14448175717715195,79,34,290.1884274689149,15.930308922872165,High
17-03-2024 07:30,40.72771042692591,-73.88918559,213,18.461297116316008,69.03869026841994,Red,Snow,1,0.32824904540768896,12,26,458.1895889,29.77774124058793,High
17-03-2024 07:35,40.78112136084268,-73.79591455,116,31.375800146976044,69.54421112846578,Red,Snow,0,-0.94821075,42,29,348.09037173812476,14.44960021645721,Medium
17-03-2024 07:40,40.63063816665738,-73.77217892,92,53.60873636996008,10.627340834781698,Yellow,Clear,0,0.9515559279430892,52,4,389.61581252409434,24.16749167722409,Low
17-03-2024 07:45,40.757175839370184,-73.92912036,234,42.266482198270054,57.82180645771053,Red,Rain,0,0.713683921,72,4,287.7098345216135,25.242718262843365,High
17-03-2024 07:50,40.61571682492914,-73.95965522,212,11.354005309387272,72.58057944238203,Green,Clear,0,-0.409194514,58,13,350.3663579408977,24.06116177063447,High
17-03-2024 07:55,40.81250222240579,-73.87308414,137,17.53963304574686,82.86902356316897,Yellow,Fog,0,-0.098227603,75,20,347.9452238870418,11.905210170275911,High
17-03-2024 08:00,40.70210199625254,-73.97839655,163,15.550715676083982,71.68955704919176,Red,Rain,0,0.7871625105699629,63,42,304.9849234,22.518210336580857,High
17-03-2024 08:05,40.692025149241964,-73.87703786,211,76.87507028441927,21.355732269475705,Yellow,Clear,0,-0.631002657,28,44,398.14757613746224,25.148972826945744,High
17-03-2024 08:10,40.78802239527213,-73.89665087,238,33.64798015422795,38.00786227720616,Yellow,Clear,0,0.4672341347008988,47,43,337.5506215714684,14.764193489642246,High
17-03-2024 08:15,40.89211649340612,-73.79954056,125,79.08746964190108,32.10072412,Red,Rain,0,0.997211196,16,1,274.61322358832774,10.403667282461083,Medium
17-03-2024 08:20,40.89344241191811,-73.77308357,92,54.85486675985559,54.16330123858255,Yellow,Rain,0,-0.953459058,92,33,81.49149749406611,9.567540967873395,Medium
17-03-2024 08:25,40.842923408709304,-73.92082782,203,53.475418353034314,53.42001120101447,Yellow,Snow,0,0.907393812,56,19,124.75214521086234,13.33874401288091,High
17-03-2024 08:30,40.74700847035751,-73.82390493,224,70.71338187045737,90.88847246,Red,Snow,0,0.006939968,53,0,170.1708563128255,7.145523441777147,High
17-03-2024 08:35,40.87167402844631,-73.77303958,287,55.165237536108954,42.47900316993064,Green,Rain,0,0.26428043270842516,88,20,64.38908684077896,26.200341338245554,High
17-03-2024 08:40,40.65213651372065,-73.94389002,84,56.648608320674604,93.46890865,Green,Rain,0,0.16669304186792977,82,12,160.55234142758079,22.399798496416288,High
17-03-2024 08:45,40.73822992139038,-73.97064494,233,65.55635764573023,32.107814587262055,Red,Clear,0,-0.380911356,15,33,416.5337371224378,11.962909415800386,High
17-03-2024 08:50,40.656548539595285,-73.96601533,88,9.060374046808763,91.62346639642386,Red,Fog,0,-0.725815847,7,18,321.55388825296046,21.180402390582348,High
17-03-2024 08:55,40.79803713085608,-73.7616691,147,41.73232176357769,28.890287768593915,Green,Rain,0,-0.535393608,70,22,248.43430268432553,6.471350362130508,Medium
17-03-2024 09:00,40.72759175,-73.83196436,14,29.379446697834894,28.283296304513865,Red,Fog,0,-0.73862312,42,31,429.69362464533987,19.89215927225854,Medium
17-03-2024 09:05,40.84742662440889,-73.81622168,50,43.42515589782028,52.583148278492814,Yellow,Snow,0,-0.228264955,4,48,470.09985315839936,7.501919709557818,Medium
17-03-2024 09:10,40.79767391273512,-73.7628638,174,17.78539284966384,31.119818714403618,Yellow,Rain,0,0.2547809001176349,49,7,359.8993057386412,23.586891836381746,High
17-03-2024 09:15,40.73177869610608,-73.94450758,158,78.92807496383745,96.08762736277784,Green,Snow,0,-0.091113237,49,13,278.32974864013545,17.91085041782568,High
17-03-2024 09:20,40.73414581958542,-73.9189915,22,14.499791022881377,83.57936198,Yellow,Fog,0,0.30773105748691254,39,42,404.26704771239264,11.15667753001578,High
17-03-2024 09:25,40.89890284956131,-73.86265549,256,68.81620203719602,19.97411241775143,Green,Clear,0,-0.206684561,43,4,212.84647878028267,27.140197957335936,High
17-03-2024 09:30,40.874673438082105,-73.9288687,211,60.717488551323996,43.14043356702024,Red,Clear,0,0.40457827120720413,95,44,83.20070184,18.758252088480475,High
17-03-2024 09:35,40.867821882387375,-73.7991122,182,26.150262050285423,59.79134367891611,Red,Clear,0,-0.446075281,43,26,366.66416455279426,19.113974060919542,Medium
17-03-2024 09:40,40.72103726142974,-73.74844427,143,58.83740140940229,96.82607994577741,Red,Fog,1,0.911120954,73,38,158.3221777303869,21.273356529589112,High
17-03-2024 09:45,40.79633799160754,-73.75805599,152,9.948130385163392,65.83660647436719,Green,Fog,0,-0.469768379,41,23,336.97549082786117,15.099055094853728,High
17-03-2024 09:50,40.74177195667178,-73.75526224,143,72.37829819216073,48.957554127097175,Green,Snow,0,0.5209838331677392,16,19,476.0863012190897,27.15870609890648,Medium
17-03-2024 09:55,40.85348745708414,-73.84578836,35,56.48163929883903,28.30157681800146,Yellow,Fog,0,-0.962794762,20,34,70.20202726676845,28.08970464,Low
17-03-2024 10:00,40.65597804600336,-73.83647166,178,39.134883461678896,63.82916939332673,Red,Fog,0,0.5794960447496078,48,44,105.28954739924448,7.429894475341346,Medium
17-03-2024 10:05,40.70411764257995,-73.87915786,62,42.033561647321164,87.75926033,Green,Snow,1,0.5317470039928178,67,1,478.1219413696828,13.229359888951226,High
17-03-2024 10:10,40.85479659325211,-73.93316043,77,33.46604329106515,87.99595840253097,Green,Rain,0,-0.090887732,13,29,273.06111234890153,17.644039988442856,High
17-03-2024 10:15,40.667943376915915,-73.81938864,238,61.04295104957199,21.548414819677532,Yellow,Rain,0,-0.099498691,53,9,493.6175770298459,15.379912554695526,High
17-03-2024 10:20,40.84264755882906,-73.99070191,83,71.97915176,65.15494246805555,Green,Rain,0,-0.96066211,50,27,230.78673513305773,22.057880796255425,Medium
17-03-2024 10:25,40.87728467818789,-73.98380487,234,11.425405599268721,79.72270394290015,Yellow,Clear,0,-0.148343663,18,23,76.74049035681767,16.838138919183848,High
17-03-2024 10:30,40.74456604486665,-73.72462264,43,15.40963330969649,60.12914934337479,Green,Fog,0,0.10763143318801527,5,13,279.7644329928115,11.97070865254436,High
17-03-2024 10:35,40.749409482235116,-73.92072845,149,13.75905230659356,55.74350416190258,Green,Clear,0,-0.346026575,25,38,437.30700756098815,23.105082609864436,High
17-03-2024 10:40,40.71465881374336,-73.74761575,279,17.81503625771009,48.10940211092081,Green,Fog,0,0.8921007624941923,38,45,89.99434391645099,10.155937184451052,High
17-03-2024 10:45,40.70930795,-73.79457551,280,18.74358575540467,48.38860296381697,Green,Fog,0,-0.94599822,16,48,421.71160711699656,27.53480771559995,High
17-03-2024 10:50,40.66374329459006,-73.92086501,100,19.690966039912087,18.560272657245683,Yellow,Fog,0,0.5018862989909352,14,16,354.46278214883927,18.376259291512405,High
17-03-2024 10:55,40.86944110551018,-73.7984459,47,73.19571777,33.06817508178661,Yellow,Rain,0,-0.097404388,55,43,57.84527972803252,23.767571438197216,Low
17-03-2024 11:00,40.837738670750234,-73.79375685,187,32.65879865288876,36.71967227092213,Yellow,Rain,0,0.49864058799455324,46,26,374.3128315260867,5.282847427746963,Medium
17-03-2024 11:05,40.65636532140157,-73.75493934,137,56.26293893947654,91.69943362934501,Yellow,Fog,1,-0.893348593,72,49,473.3448613837781,23.14200767735396,High
17-03-2024 11:10,40.65279632,-73.96391833,108,61.08092751085564,81.43735399879769,Yellow,Rain,0,-0.438938607,79,24,273.8769305466098,6.471403431438853,High
17-03-2024 11:15,40.64750525173318,-73.73867893,122,21.08949446399007,95.65803164764449,Yellow,Rain,0,0.8339346362070335,99,21,342.9669387537966,29.97545706012364,High
17-03-2024 11:20,40.86169559395147,-73.83220209,278,37.15192335664273,98.29108918770491,Red,Fog,0,-0.008823979,80,33,175.7899062400266,25.237154117096583,High
17-03-2024 11:25,40.726056724120525,-73.88798325,17,53.08724895622192,91.19941853762644,Red,Fog,0,-0.458043286,85,26,429.07520597463696,23.89168664907904,High
17-03-2024 11:30,40.663623282262506,-73.91002325,93,8.073002467,80.87055325232441,Green,Rain,0,0.14406960974845973,93,8,375.93533885759143,27.124748033790272,High
17-03-2024 11:35,40.65426543768351,-73.70069757,154,5.471178941599335,25.88828749901996,Yellow,Snow,0,0.18202250782467777,56,46,488.3083242200221,19.31626294185726,High
17-03-2024 11:40,40.76060264,-73.79951577,156,78.16965784097458,13.61674460480856,Green,Rain,0,-0.386426647,86,36,400.0103354,26.307531111981046,Medium
17-03-2024 11:45,40.795134548716845,-73.81371829,49,70.69084622291226,15.608043624860672,Yellow,Rain,1,-0.909680728,57,36,81.94554823033224,6.977889980579075,High
17-03-2024 11:50,40.85172656,-73.829285,176,60.29115957362238,32.06786801290593,Red,Rain,0,-0.484522228,29,23,361.60574009957963,5.466982934174926,Medium
17-03-2024 11:55,40.62951265608035,-73.88820619,92,43.54463997756018,24.703621963248533,Yellow,Rain,1,-0.712492341,60,4,376.06794445954324,8.213178716755149,High
17-03-2024 12:00,40.825513760085244,-73.77664761,148,39.87953516124428,25.76617664760572,Green,Rain,0,0.31461689414514415,7,6,431.8164204369726,20.45919762210523,Medium
17-03-2024 12:05,40.70596257687514,-73.85009583,280,61.53749108717617,58.44443944760373,Yellow,Fog,0,0.3711412106750711,39,3,400.00876838257494,13.821968884421077,High
17-03-2024 12:10,40.72487868620164,-73.85133841,180,74.17782676707687,54.07466386798363,Green,Clear,0,-0.568439558,81,38,60.80271335063763,21.683312569005817,Medium
17-03-2024 12:15,40.80060867103951,-73.85127261,131,51.01479253011899,90.48374323482503,Green,Clear,0,0.9468033799114672,69,49,349.67093860358733,8.382829954385812,High
17-03-2024 12:20,40.63546809315908,-73.78070514,154,42.615921106825525,50.50121165733614,Yellow,Clear,0,0.9580405320719083,56,41,59.06702172112959,18.620472647398707,Medium
17-03-2024 12:25,40.621087777958145,-73.81061196,155,78.26129674595482,58.38751258724443,Yellow,Fog,0,0.13522390192450273,26,44,378.9202057248576,14.973312444553203,Medium
17-03-2024 12:30,40.665805592964034,-73.92189888,93,66.97069206252675,98.09872590097004,Yellow,Clear,0,0.7125630085879653,38,4,339.71384230687266,7.534065814640976,High
17-03-2024 12:35,40.65073816520972,-73.94537641,91,44.547567874037185,16.908568148890307,Green,Rain,0,-0.829059915,95,8,435.8120443880762,22.081706053594516,Low
17-03-2024 12:40,40.67433247,-73.98082984,206,45.10943624930792,59.082799909979265,Red,Clear,0,0.6688393199336962,2,0,370.25607225952075,19.099539012714416,High
17-03-2024 12:45,40.664707212239264,-73.78247208,211,25.99124896213396,33.99423313,Yellow,Fog,0,-0.35605163,36,0,477.6925896699152,13.771864385945502,High
17-03-2024 12:50,40.879599500972844,-73.71287832,225,25.607533742603458,77.58948894099606,Yellow,Snow,0,-0.883828154,50,8,92.47105619850171,23.648396805552746,High
17-03-2024 12:55,40.66917664738894,-73.90144161,243,28.107514435542356,87.86713623,Green,Rain,0,-0.300149318,24,4,419.99232765707745,10.366139373546261,High
17-03-2024 13:00,40.87185270079036,-73.96143668,252,71.84814217,10.37654997,Green,Clear,0,0.3421605244608319,82,16,219.74798779374035,19.457411728290886,High
17-03-2024 13:05,40.75608392760898,-73.93814774,254,24.48580357873736,79.78756247957725,Red,Rain,0,0.42656456718910385,50,18,190.25834312854337,5.140128660333564,High
17-03-2024 13:10,40.82937059,-73.75185218,83,6.816177720345113,34.54833195503707,Yellow,Fog,0,-0.011213571,11,23,392.51138013584864,24.030463038710753,High
17-03-2024 13:15,40.77520345337712,-73.75186018,238,30.578611771755096,85.02783629197491,Green,Clear,0,0.8110937604266084,23,27,303.73620502557844,14.684489711748487,High
17-03-2024 13:20,40.62037355205145,-73.7216992,88,26.824072541251454,57.576773151372635,Red,Clear,0,-0.459935509,20,2,389.39912439024636,26.939903740853204,Medium
17-03-2024 13:25,40.825350153553146,-73.72043857,180,58.10189983033362,86.65514272,Red,Fog,0,0.1586712434020605,84,40,250.33238178509052,28.25303655619532,High
17-03-2024 13:30,40.79795180385316,-73.83693095,95,69.13901908062398,76.60738536,Green,Clear,0,0.9011762808281072,76,38,116.51760333336458,6.4797000683377615,Medium
17-03-2024 13:35,40.64682213558489,-73.72000686,102,29.941505963521422,27.704477599446616,Green,Snow,0,0.32232425974759193,2,33,493.5576058,9.053259337344901,Medium
17-03-2024 13:40,40.85847501470853,-73.93591281,259,26.530803736826954,31.84724009,Green,Snow,0,0.063242331,98,48,54.08009035267145,9.657161594302936,High
17-03-2024 13:45,40.618548857255476,-73.8745293,180,46.408425166220454,49.36021179347683,Red,Fog,1,0.6560312599843392,58,24,306.6726952102189,19.152914056259558,High
17-03-2024 13:50,40.709652381327324,-73.82971219,289,63.59024898499598,50.67000045206048,Red,Fog,0,0.3730654231029247,44,18,105.69963523166506,20.49429181906834,High
17-03-2024 13:55,40.86103615,-73.81632062,196,73.22612011807638,94.85735452851351,Green,Fog,0,0.6948498418276952,28,11,164.67572405997288,29.486786751664425,High
17-03-2024 14:00,40.61768703466412,-73.73120973,24,25.23133592682271,94.49957352278172,Green,Fog,0,0.5938023064887954,93,43,357.24446836429075,10.531901350302634,High
17-03-2024 14:05,40.73846681,-73.79027379,200,76.59972553,49.95692084688235,Green,Rain,0,0.9117035447504644,86,1,488.0188008475885,12.626356554331636,Medium
17-03-2024 14:10,40.65614935637493,-73.88029005,178,49.370537367894585,10.513187065345628,Red,Snow,0,0.6493061385902488,33,37,372.17420413688563,25.761476096724362,Medium
17-03-2024 14:15,40.84284764805173,-73.80493837,51,11.182633952506306,48.54975409,Yellow,Fog,0,0.8617010727636674,54,48,253.57410530689282,10.19331314183861,High
17-03-2024 14:20,40.765267102368846,-73.80518718,131,18.067248548411435,52.91001907098264,Red,Rain,0,0.10544515898674534,13,24,127.01657463895597,10.540737119370654,High
17-03-2024 14:25,40.76105650942019,-73.97432834,119,15.025491826046492,81.88152005,Red,Snow,0,0.370343834,71,15,339.8741782199306,16.757517785479997,High
17-03-2024 14:30,40.70154727384928,-73.94495831,208,50.450448116512405,12.733224548275881,Red,Clear,0,-0.791684194,36,44,407.8059556456447,5.289020189466729,High
17-03-2024 14:35,40.86279226391309,-73.90889177,11,77.49564630430837,96.05126106914993,Yellow,Rain,0,-0.384559301,47,10,428.2964319578116,18.367764944749098,High
17-03-2024 14:40,40.883490072693526,-73.90317092,176,46.45819728770768,89.65686319876677,Red,Rain,0,-0.870171497,79,40,495.39268827368306,23.992800806362176,High
17-03-2024 14:45,40.832755115172105,-73.91508725,23,51.83278571,65.67988482411113,Green,Snow,0,-0.829879631,21,17,65.51979136615836,13.281450124020253,Medium
17-03-2024 14:50,40.650355342971544,-73.82890889,128,78.12966973509475,85.48405880064541,Yellow,Rain,0,0.5379581127912885,48,45,235.47500848552818,21.70470577661457,High
17-03-2024 14:55,40.63987510340202,-73.82058284,266,35.533369560930296,10.407036366097401,Yellow,Fog,0,-0.903641219,91,31,109.8549923523833,26.074624370611883,High
17-03-2024 15:00,40.668556657214445,-73.77126969,21,33.42678599181539,76.78075327473353,Yellow,Snow,0,0.796831116,47,7,241.97791490215502,19.75710732756429,Medium
17-03-2024 15:05,40.67052749105046,-73.9163824,87,26.405661469214785,42.678404984198636,Yellow,Rain,0,0.11138884403162286,23,4,273.0032509482986,13.518451250034145,Medium
17-03-2024 15:10,40.752851377235295,-73.86590391,291,34.48750902190432,54.26466826137027,Green,Snow,0,-0.810046478,8,17,344.3132924,9.394520474653543,High
17-03-2024 15:15,40.66930597216724,-73.87310364,247,69.63099041454802,20.712439301231413,Red,Snow,0,-0.594331862,91,23,121.16578259803102,22.149447005719416,High
17-03-2024 15:20,40.82853890880222,-73.87120401,80,50.83962958750949,12.009549109761963,Red,Clear,0,-0.816934901,77,40,304.4737132607703,21.494932086446422,Low
17-03-2024 15:25,40.795923573722035,-73.77647093,50,36.73227400287353,16.747648351211335,Green,Fog,0,-0.234997996,32,22,205.6755723340126,19.254016256454562,Medium
17-03-2024 15:30,40.75050234751095,-73.97799244,186,25.54425738093577,80.32898504226928,Red,Snow,0,-0.402104971,4,48,174.39122919020008,9.830809072,High
17-03-2024 15:35,40.69682858587226,-73.96838526,163,78.67576538538061,34.80456458045491,Green,Snow,0,-0.719090738,22,48,108.60453476616863,29.37226701080389,Medium
17-03-2024 15:40,40.83279866936553,-73.94841619,207,30.464941624195635,42.92165655526949,Green,Rain,0,0.6442610924947088,10,7,78.26867485464035,26.317897498249717,High
17-03-2024 15:45,40.884649850225905,-73.89134635,103,54.99569862326872,80.99698199137205,Red,Snow,1,0.9604283052697555,74,21,228.1945369980434,6.822810982,High
17-03-2024 15:50,40.86618084690771,-73.73519383,155,11.973509246819557,63.64641012616602,Yellow,Rain,1,0.15195093450923935,49,5,374.0823228871165,21.557861985632233,High
17-03-2024 15:55,40.85161875343368,-73.81094969,122,29.681739566820937,16.886160771783082,Yellow,Rain,0,-0.70241931,8,47,465.3191357122902,11.675622870558367,Medium
17-03-2024 16:00,40.86355530430527,-73.7964066,172,55.57757811021407,44.791908409104984,Green,Rain,0,-0.848166896,22,23,305.8857193838983,10.60032278,Medium
17-03-2024 16:05,40.65399929500918,-73.8128528,191,75.31937763241886,12.407271135532088,Yellow,Fog,0,0.22357161199297848,28,5,490.7792297610863,15.60902244595189,Medium
17-03-2024 16:10,40.707311620236844,-73.92374253,239,51.60979044,53.40750666479184,Green,Clear,0,-0.496688412,96,47,432.9384731117323,8.727627225279551,High
17-03-2024 16:15,40.63287293507354,-73.77428741,42,68.63497715096273,54.039586984818854,Yellow,Rain,0,-0.581733437,18,37,177.81153022027001,25.082470657329026,Medium
17-03-2024 16:20,40.60810133106322,-73.77790359,283,70.74629094088084,85.12070642450855,Red,Snow,0,0.6971337392847115,16,33,346.09943298557306,10.398147478976554,High
17-03-2024 16:25,40.603057076837295,-73.82132278,299,23.78859410041697,22.388860261165043,Green,Clear,0,-0.467943419,81,17,439.6293747164366,29.22665207065151,High
17-03-2024 16:30,40.88323127128056,-73.82079716,247,45.63171351404018,64.33952020639805,Yellow,Fog,0,-0.2860064,42,7,215.09151585868173,10.22711636260313,High
17-03-2024 16:35,40.675654670453504,-73.92110526,142,7.217113565645956,42.890100362245086,Red,Rain,0,0.3303101729487208,55,11,180.44723629115822,16.90092837860955,High
17-03-2024 16:40,40.81230037885535,-73.8343454,64,55.13742624384005,42.037256841452646,Red,Snow,0,0.9466825481993828,49,22,469.7005587717604,22.534966457976246,Low
17-03-2024 16:45,40.765363600542415,-73.72551727,258,30.153166800498354,54.846207170441545,Yellow,Fog,0,0.7368645170136203,63,7,290.94180411017766,16.832468277977714,High
17-03-2024 16:50,40.681363243789036,-73.71968881,161,75.65347931093206,10.564765589773994,Yellow,Fog,0,-0.340887217,26,7,329.4646327,19.912369854890365,Medium
17-03-2024 16:55,40.60612430857965,-73.88422044,15,12.706057226688761,88.91753793089705,Red,Clear,0,-0.08726619,87,26,308.01102525489483,16.378758781243445,High
17-03-2024 17:00,40.63152543955057,-73.7327289,135,47.045410901316785,85.46871858138553,Yellow,Fog,0,0.3884860502949372,94,19,484.29349042741734,20.238261982367874,High
17-03-2024 17:05,40.84172044633679,-73.9746269,186,23.177466487754444,66.5170239,Yellow,Clear,0,0.5685756111242624,14,33,192.11791497340067,5.364444053863802,Medium
17-03-2024 17:10,40.730112219392254,-73.78343783,234,43.485629171815056,15.160192676692931,Red,Snow,0,0.2268483487337667,31,1,110.4923291,23.448438668527174,High
17-03-2024 17:15,40.75496133492398,-73.71249879,84,73.17843733330764,19.14218783715033,Red,Rain,0,0.8749275150929265,82,25,239.85916535243913,15.038792462946638,Low
17-03-2024 17:20,40.61178314748925,-73.82895193,285,68.18849128,69.78776183854981,Yellow,Rain,0,0.6014379018270248,45,18,364.7557156140957,22.991703899596242,High
17-03-2024 17:25,40.683180839492906,-73.77870321,110,59.519189946131775,22.38835016759527,Green,Snow,0,0.4421646945971234,97,31,205.01478679979377,22.42262952861807,Medium
17-03-2024 17:30,40.64997796283013,-73.93073594,270,15.520173317298854,62.23150099,Green,Fog,0,0.3742986047090666,6,8,386.3004280168709,22.785092877036448,High
17-03-2024 17:35,40.624075846543775,-73.97831913,163,48.92469938742694,35.00573883614774,Green,Clear,0,-0.518724824,7,44,482.66767566410846,6.405800298,Medium
17-03-2024 17:40,40.74773612115537,-73.95481896,212,21.523587013704518,84.17873687764416,Yellow,Snow,0,0.4014661019745225,54,28,122.80603858298466,20.958885127593337,High
17-03-2024 17:45,40.801241585252754,-73.77556696,282,26.01094215285132,44.395923870616585,Green,Snow,0,-0.066062037,43,4,342.4089208747063,28.036461313992117,High
17-03-2024 17:50,40.896953010153254,-73.78506084,115,44.317884691721886,76.45131948,Yellow,Snow,0,0.7575223026069267,82,31,50.592792637328756,28.112587800808164,Medium
17-03-2024 17:55,40.686446,-73.90701805,242,37.00547322059335,83.75703549256494,Yellow,Rain,0,-0.996781534,59,31,236.6417529061573,19.288595146425564,High
17-03-2024 18:00,40.79539912098722,-73.72563523,270,70.43725129890083,26.874358307619787,Yellow,Snow,0,0.3499000938306931,2,34,255.9206388575156,28.850729385764676,High
17-03-2024 18:05,40.74425305959169,-73.85547917,174,21.94701182655996,33.43498731559447,Green,Rain,0,0.2139413086546058,72,6,405.1163622746326,21.310116450971275,Medium
17-03-2024 18:10,40.83102152222284,-73.9437487,83,65.07803659470795,49.63239799743209,Green,Clear,0,-0.056563789,56,17,374.93600881807106,25.506029930473556,Low
17-03-2024 18:15,40.689239223431294,-73.70597435,269,17.53155422540541,75.49889697828522,Green,Fog,0,0.15555658337929357,38,22,326.04236928351185,9.369194471417554,High
17-03-2024 18:20,40.83633026,-73.97909309,256,32.77543344848197,88.71970979758406,Yellow,Rain,0,0.38374812281647963,67,37,421.52553810758485,9.248649489344325,High
17-03-2024 18:25,40.68857655473922,-73.91256356,187,55.26499827892921,77.07601588861674,Yellow,Rain,0,-0.74547807,26,1,381.76948549741076,23.390180138622153,Medium
17-03-2024 18:30,40.83834095140908,-73.78604276,38,34.14446671883529,77.23541312921077,Yellow,Clear,1,0.8980116620473775,22,23,495.69210033330825,5.1130700326659575,High
17-03-2024 18:35,40.772326699037414,-73.7190113,117,68.33066074196142,62.72953168595799,Yellow,Clear,0,-0.254510872,55,35,287.5821477599779,8.351471420958207,Medium
17-03-2024 18:40,40.71484149610383,-73.85217972,297,51.83344862,79.65886956182894,Red,Snow,0,0.11773185357826677,6,2,292.1009313781277,22.51892896209535,High
17-03-2024 18:45,40.85248047607272,-73.81419542,99,63.64182821262364,39.72745427,Yellow,Snow,1,0.7716032595265179,35,28,385.8420887628647,24.170128824318247,High
17-03-2024 18:50,40.63440575933385,-73.71600331,113,52.53431081430783,13.146779244761154,Yellow,Snow,0,-0.904302455,71,15,212.33883776220657,15.245552726911718,Medium
17-03-2024 18:55,40.779916161578136,-73.85477527,15,31.722507771406274,55.72430963947084,Yellow,Snow,0,0.9385071692227696,11,21,244.3726737799452,26.425922515995232,Medium
17-03-2024 19:00,40.79304322864651,-73.77347708,130,69.49979070419428,18.30731776,Red,Rain,0,0.3609892058940509,56,21,53.018227429022254,21.189661113393083,Medium
17-03-2024 19:05,40.770179622334034,-73.80671075,33,45.55054394916033,51.35611586352842,Yellow,Fog,0,0.9219224993875024,50,46,338.7772003483261,6.273189149674112,Medium
17-03-2024 19:10,40.67040110067275,-73.87023239,132,37.06434143882906,41.27770542613351,Red,Fog,0,0.5902666417207121,91,40,263.47176555035236,28.357208336951192,Medium
17-03-2024 19:15,40.87284982998294,-73.82642857,199,79.33171287403427,16.698720652131893,Red,Clear,0,0.9426324482967381,91,33,416.29890796180143,16.930316663826595,Medium
17-03-2024 19:20,40.779343832662576,-73.76176445,158,18.22048251309139,91.19140827752193,Red,Clear,0,-0.003897183,53,15,314.63020647155304,20.190409313067114,High
17-03-2024 19:25,40.68004813720566,-73.90442373,16,23.304314046180927,59.76096387136598,Red,Rain,0,-0.492750826,80,36,469.86602702361125,16.66276165067574,Medium
17-03-2024 19:30,40.89786435771851,-73.84113006,254,66.18240651538554,80.28429178,Red,Snow,0,-0.882859358,82,0,213.25293389394957,7.084971312974029,High
17-03-2024 19:35,40.61261604523557,-73.9264018,212,7.186198381626483,25.854916164330625,Yellow,Snow,0,-0.787074479,44,10,71.08870952050097,10.019741484046065,High
17-03-2024 19:40,40.72288169052798,-73.90292857,245,45.15883321824233,51.64146988687585,Green,Clear,0,-0.680120847,25,7,66.23471711454093,14.984299252817163,High
17-03-2024 19:45,40.66555722261209,-73.79198216,98,11.849207506356844,55.454145859293114,Green,Clear,0,0.25744479775900486,39,29,306.8967809616096,15.71653108976923,High
17-03-2024 19:50,40.817518694665196,-73.90426904,25,8.044121468363368,57.36628267136106,Yellow,Clear,0,-0.952360359,55,31,195.3886973739122,27.011801309021077,High
17-03-2024 19:55,40.79424772501533,-73.78319559,125,38.790464883474144,45.54389547465854,Green,Clear,0,0.9612488938733748,65,35,471.6134958971938,8.455406631838024,Medium
17-03-2024 20:00,40.76936563532914,-73.84345714,125,21.653350036033235,49.45497314947921,Red,Clear,0,-0.768339781,4,6,313.94198406471844,7.253086794080311,Medium
17-03-2024 20:05,40.84467951646972,-73.81555956,141,68.38074322918364,74.50915712663216,Red,Fog,0,-0.555855171,61,18,254.03970142612596,19.538536769277712,Medium
17-03-2024 20:10,40.720156764107706,-73.9026478,140,61.401043576047726,26.516596040093578,Red,Snow,1,-0.31734641,74,46,232.96964633003157,5.708843936,High
17-03-2024 20:15,40.89653617057673,-73.91904904,102,38.55781415211466,62.72974691704459,Yellow,Fog,1,0.8169394339530207,44,42,182.86685261749528,8.861328198039171,High
17-03-2024 20:20,40.62556810192707,-73.71817826,177,22.802823262688655,48.52184923642247,Yellow,Snow,0,-0.800027425,21,46,123.5718763331701,20.424203354972466,Medium
17-03-2024 20:25,40.82909657054229,-73.90547672,145,32.15592833977006,22.26930078153696,Green,Clear,0,-0.611130803,51,39,397.53196776165896,5.433953122626435,Medium
17-03-2024 20:30,40.71548170668912,-73.76038388,127,35.29755828,97.58887351922844,Green,Rain,0,0.8660593165524364,73,4,324.7414025971499,12.61391546591026,High
17-03-2024 20:35,40.746561236099105,-73.86904427,226,62.02243604660945,53.197712018575515,Green,Snow,0,0.9785221456300404,76,30,242.1366682986076,23.97408336461373,High
17-03-2024 20:40,40.74834166811177,-73.90938693,43,77.94842808504919,12.183248435977863,Green,Clear,0,0.2619882401869187,53,12,153.5779783102631,8.448525897131413,Low
17-03-2024 20:45,40.85563965,-73.87493876,258,21.918674824057497,39.14297116944985,Yellow,Rain,0,-0.349971007,46,37,263.31126724013575,10.217342716633482,High
17-03-2024 20:50,40.78686614685609,-73.81094513,200,35.344730629392295,34.881444602357774,Green,Clear,0,-0.465496724,55,28,308.80376088509047,21.48053092590225,Medium
17-03-2024 20:55,40.66781153879981,-73.7308687,14,66.52322501435273,53.23348745364523,Green,Rain,0,0.14120443956616047,37,16,222.66218301266716,19.553012958164885,Medium
17-03-2024 21:00,40.85373416627309,-73.83782119,83,51.803872887979175,83.57774513539219,Red,Snow,0,-0.931856288,50,19,92.01927870583435,20.233973717967388,High
17-03-2024 21:05,40.62882261,-73.99654146,78,11.652661645872762,67.0215458,Yellow,Snow,0,0.6311599307811357,52,20,280.2987929850656,15.579502105069952,High
17-03-2024 21:10,40.840097920086336,-73.95973838,122,29.083659365417173,27.773323734547407,Yellow,Rain,0,-0.969915856,10,4,81.1725657,25.56556470848328,Medium
17-03-2024 21:15,40.75320859488973,-73.8957016,81,9.280256544499714,94.01821173493511,Green,Clear,0,-0.085270605,74,10,422.0865064137165,15.427698139935723,High
17-03-2024 21:20,40.63646139194956,-73.80168493,138,62.168970179502054,76.18750447006786,Red,Clear,0,0.13101387280612387,91,31,442.631489,12.602566789725696,Medium
17-03-2024 21:25,40.63547515946409,-73.90672086,37,62.73615175,15.138993461214081,Red,Fog,0,0.5806697135121022,41,28,279.3989573802529,27.63986042414996,Low
17-03-2024 21:30,40.78961250705289,-73.82393456,150,49.246795539266635,84.93632069224327,Red,Clear,0,0.732244006,58,0,218.42249983817445,10.74382738221022,High
17-03-2024 21:35,40.81915180896427,-73.91015178,287,15.008308308454591,53.490600832774746,Red,Fog,0,-0.978101902,60,29,378.71097995290916,28.607608288729168,High
17-03-2024 21:40,40.84145514507257,-73.93315447,241,7.425215810123496,74.32191887,Yellow,Snow,0,0.49244796162564763,16,32,217.59611646673113,11.08520834750283,High
17-03-2024 21:45,40.67391434708726,-73.87778212,297,10.608737962015532,78.24594062284442,Red,Snow,0,-0.435577167,24,32,89.83972997685481,8.000840105,High
17-03-2024 21:50,40.73721956411078,-73.77532404,13,46.888155,12.608475075742074,Yellow,Fog,1,-0.824413092,64,21,63.65456397422779,27.32900301072779,High
17-03-2024 21:55,40.84414481243255,-73.76955909,120,19.15518809280543,49.12981045979689,Green,Fog,0,-0.710392664,25,4,203.7569907623848,11.791501881125534,High
17-03-2024 22:00,40.717186630991925,-73.90409424,235,36.28559903546869,99.63904581271022,Green,Rain,1,-0.276182666,95,27,68.20677573,10.579166044334668,High
17-03-2024 22:05,40.653453252878805,-73.99823558,94,43.050448513979546,55.23204740753537,Green,Rain,0,0.08800468,44,14,158.36782913659198,26.511328135086927,Medium
17-03-2024 22:10,40.79603266467784,-73.90547704,190,58.022239709505605,50.21112955683628,Red,Clear,0,0.545848889,33,23,483.22148216878344,19.85686083963738,Medium
17-03-2024 22:15,40.60340082174992,-73.71196691,50,60.44750480007994,56.83022480858036,Yellow,Rain,0,-0.397453297,50,38,121.93489992977143,14.569693076815547,Medium
17-03-2024 22:20,40.819354531002745,-73.87100116,178,64.51146408187697,30.13973666613709,Yellow,Rain,0,-0.448584273,95,30,416.64163319974097,28.72317563154031,Medium
17-03-2024 22:25,40.718823178619154,-73.74210055,70,23.94016719927621,55.408196137398576,Green,Snow,1,-0.92207358,92,9,483.8775653990412,6.398865706947669,High
17-03-2024 22:30,40.641786936127254,-73.75029003,253,52.87942000002799,74.94887577939441,Green,Clear,0,0.11149908440533762,74,18,67.96070122329672,14.72185134843363,High
17-03-2024 22:35,40.72015974662539,-73.94458446,103,71.55575610146079,60.01241412007534,Green,Rain,0,-0.874817475,94,25,135.2023877245589,11.256251278690907,Medium
17-03-2024 22:40,40.69464295822261,-73.95243132,295,25.929709027199266,28.980011904184458,Red,Clear,0,0.3622582195653037,12,25,259.9314220181746,7.659973769377139,High
17-03-2024 22:45,40.812310146275344,-73.73609446,264,29.144391117282318,22.95684316165707,Red,Snow,0,0.9695340428501478,23,2,393.2386998775628,20.980804451409604,High
17-03-2024 22:50,40.68372939298636,-73.85173537,231,77.77000165621929,82.2047949,Red,Clear,0,-0.732992918,64,36,493.7992379179109,6.832298270903054,High
17-03-2024 22:55,40.84997687,-73.93147946,51,42.58496631900747,60.33511728918716,Yellow,Rain,0,0.5849892480485437,49,46,356.68418552001106,18.60654063850204,Medium
17-03-2024 23:00,40.82564546907135,-73.82044156,210,17.294550077970285,84.59002490204237,Yellow,Snow,0,0.6962507756401344,80,25,345.79391032714545,28.77048957584175,High
17-03-2024 23:05,40.70811278589441,-73.73921372,208,11.000993665984192,61.550246290930424,Yellow,Snow,0,-0.333365933,92,1,364.5800588998163,17.421330323335397,High
17-03-2024 23:10,40.63873525382457,-73.91554824,63,33.501283281637704,39.90210278062523,Yellow,Rain,0,-0.564632088,20,4,309.7408481536559,28.923698001703816,Medium
17-03-2024 23:15,40.614288362694786,-73.80310132,28,34.304956451624335,99.99972898,Green,Snow,0,0.4612710684214696,88,10,250.1381151348917,26.645227998406682,High
17-03-2024 23:20,40.85750602198615,-73.75773231,193,18.497143115692964,40.06180238879458,Green,Rain,0,-0.90358154,97,38,163.39605458023584,10.478110175556214,High
17-03-2024 23:25,40.743563270780996,-73.88151181,198,45.92323780883783,51.35142686387226,Yellow,Snow,0,0.616117823,7,44,54.13737518885051,15.866126157494149,Medium
17-03-2024 23:30,40.823007871574724,-73.85322524,76,62.47472503137881,92.77688441245094,Green,Rain,0,-0.820555236,93,7,237.5520631997696,19.232594333286976,High
17-03-2024 23:35,40.62407811,-73.81976444,15,79.46494677001259,80.95020819237098,Red,Clear,1,-0.259627596,25,30,156.50092754518812,28.75543071393246,High
17-03-2024 23:40,40.729425245564364,-73.97161447,90,37.06155451847988,97.74536272903117,Yellow,Clear,1,0.7730718441034845,97,17,338.42035691386707,19.686853444181768,High
17-03-2024 23:45,40.74490314911634,-73.8978437,197,59.43460839671398,28.657065204831717,Yellow,Snow,0,0.7774037438074828,8,27,184.21759138108715,27.137895265283184,Medium
17-03-2024 23:50,40.612043078414445,-73.83981307,180,8.390180261,36.61525377759898,Green,Fog,0,-0.492815423,86,27,70.86618170811586,19.60343028575216,High
17-03-2024 23:55,40.650540726828496,-73.92099584,245,28.546023333745413,13.653744388595465,Red,Rain,0,-0.169237469,81,42,252.76159154634394,16.027499436934693,High
18-03-2024 00:00,40.82149684963014,-73.71380745,121,26.18741605,19.322625244583968,Yellow,Fog,0,-0.165335134,53,39,96.85082796238068,9.371311277698915,Medium
18-03-2024 00:05,40.88850768,-73.79188252,234,77.18633170575585,18.077024795082885,Green,Clear,1,-0.359038422,68,42,190.7558603,26.83186563969804,High
18-03-2024 00:10,40.73670794092593,-73.86308609,282,40.62110994841952,74.53920044442572,Green,Clear,1,0.9573724376952171,29,44,189.17176253107615,23.294731573649596,High
18-03-2024 00:15,40.610503338961884,-73.83009988,184,8.038045424344489,95.73266647085083,Green,Rain,0,0.6790637732930314,16,27,328.3558576,17.561366670478122,High
18-03-2024 00:20,40.639624380259114,-73.97794075,133,10.655572616079088,23.116530827885434,Green,Fog,0,0.5318510335003004,37,39,91.02606975827894,22.625116296025055,High
18-03-2024 00:25,40.83090473787309,-73.87873197,207,6.2196297153711395,44.283785220015254,Red,Clear,0,-0.056077134,98,46,440.2270927902336,26.28406355676985,High
18-03-2024 00:30,40.645320274081065,-73.82619395,186,25.226500089740547,48.03511159481806,Yellow,Rain,0,0.195545595,37,4,354.43000866491104,7.499805102092226,Medium
18-03-2024 00:35,40.800892494716116,-73.85735396,98,64.65606682814436,64.36064551930578,Green,Rain,0,0.3904854207210129,67,17,477.0896676228792,27.448285750608463,Medium
18-03-2024 00:40,40.66129276554501,-73.88631851,130,19.320135771951204,39.43049848594819,Red,Rain,0,-0.426668917,10,19,293.02357251077456,27.925761978317315,High
18-03-2024 00:45,40.89637452433792,-73.98201211,271,54.03903276064563,69.68613038299128,Yellow,Snow,1,0.9094940533958491,94,34,381.23878377335666,17.326776244623566,High
18-03-2024 00:50,40.61884446261152,-73.85156718,85,28.082640763217306,60.627799336076734,Green,Fog,0,0.2725979737504367,30,33,328.3506276249697,11.587483485351829,Medium
18-03-2024 00:55,40.69496718296737,-73.70806178,230,75.54484625138353,88.82523770601078,Green,Rain,1,0.26055157489648995,86,0,107.39355313860376,19.304046466899102,High
18-03-2024 01:00,40.877260363040605,-73.70679343,257,77.08017753481951,90.29931126443198,Yellow,Clear,0,0.093670646,51,19,211.78145151739264,13.72205043364711,High
18-03-2024 01:05,40.883414392052295,-73.99209653,217,9.891042106348134,74.84087057268145,Yellow,Fog,0,0.555668662,68,16,441.87720739374345,14.490733345020578,High
18-03-2024 01:10,40.69071423497972,-73.99437018,170,52.30138807668165,91.61851272,Green,Snow,0,-0.957583311,38,13,165.00925330563695,25.25319694306287,High
18-03-2024 01:15,40.73083898018741,-73.9186446,217,63.95576573139486,69.75875395878134,Red,Clear,0,0.43651605184149855,33,21,338.1844962061164,8.401091783,High
18-03-2024 01:20,40.872099524729784,-73.76945554,224,24.507051626456647,70.35498498261477,Red,Rain,1,-0.137259747,19,35,351.0627535378542,11.295169394524663,High
18-03-2024 01:25,40.866126345096845,-73.70818891,276,42.49246118438299,92.15094679945013,Yellow,Rain,0,0.6023574549513873,24,6,475.10088446090407,9.540275329146944,High
18-03-2024 01:30,40.66005869,-73.7878632,37,22.793158795865573,56.706746934221655,Red,Snow,0,-0.32022855,31,22,440.5488032045594,10.705285968250612,Medium
18-03-2024 01:35,40.76841887646919,-73.70508352,32,45.40207141278676,52.90769011910426,Yellow,Clear,0,0.021505061951974325,12,35,51.84795524138235,20.22453845147291,Medium
18-03-2024 01:40,40.790872328509145,-73.76833425,13,59.40717509608176,62.63667295521537,Red,Rain,0,0.34347459223598076,27,19,76.60836446670257,28.229102339976766,Medium
18-03-2024 01:45,40.87823926191658,-73.98840863,179,22.99238158839608,33.28127100517523,Yellow,Rain,0,-0.689845034,90,34,312.1504825128059,23.464124706251113,Medium
18-03-2024 01:50,40.626222422406336,-73.8513895,84,25.683060970244878,47.844444742817245,Green,Clear,0,0.7581819916593102,87,1,368.4847063078183,22.540303969599698,Medium
18-03-2024 01:55,40.87760084887658,-73.92543785,94,73.75640201087263,91.89600228788457,Green,Rain,0,0.080666005,78,14,191.17024159705105,27.79529360344435,High
18-03-2024 02:00,40.75234925936507,-73.98131764,10,42.96883104886132,89.33730962422783,Yellow,Clear,0,-0.339682688,48,2,91.94188632335499,25.067715184574762,High
18-03-2024 02:05,40.77652779259172,-73.70989722,238,23.56416477820233,93.37506249168503,Yellow,Clear,0,0.10798509465839179,93,17,289.33012302439374,15.916576459263041,High
18-03-2024 02:10,40.80595492101791,-73.99349837,104,78.09775497410256,45.627222753671944,Yellow,Rain,1,-0.459476923,53,22,440.24587714468913,7.925616698033625,High
18-03-2024 02:15,40.845375093010254,-73.75902248,143,41.56782553591632,66.24489193606314,Red,Fog,1,0.371569071,11,22,471.48302483088065,13.198200866491318,High
18-03-2024 02:20,40.72698630730281,-73.9308692,55,52.66745788522289,18.870912303660305,Yellow,Snow,0,0.029759420131278747,13,18,235.61265813480537,7.618113537559674,Low
18-03-2024 02:25,40.88422271404422,-73.98346636,290,37.42000369636928,46.69732774418897,Green,Fog,0,-0.2408204,76,15,354.9251945067518,29.733604735559382,High
18-03-2024 02:30,40.70997310080386,-73.79769531,98,67.39931440172452,39.937732543740495,Yellow,Clear,0,0.5792721422516993,83,12,77.87379423636438,17.631616793610924,Low
18-03-2024 02:35,40.61816526260771,-73.90732771,188,26.975807527789147,45.46828099511862,Green,Snow,0,0.7913619177878273,65,42,177.2128706267431,12.372314802645782,Medium
18-03-2024 02:40,40.86743724964716,-73.70527464,105,17.106793547598787,49.49318841629836,Green,Snow,0,0.2064759217288148,63,21,385.9655400146747,23.39473356,High
18-03-2024 02:45,40.68866380893591,-73.83217042,267,48.39537224046614,27.151128769636642,Yellow,Fog,0,-0.086183005,70,36,260.7939613043012,25.18430321660824,High
18-03-2024 02:50,40.651929470312346,-73.86819556,11,64.07423933,51.74022453389313,Red,Snow,0,-0.134998933,76,13,81.13679234468036,17.498263629034447,Medium
18-03-2024 02:55,40.733157407730985,-73.88887783,200,8.543129635125712,42.73391663800475,Yellow,Fog,1,0.21577083890123183,16,44,50.82121589209643,11.087312491957196,High
18-03-2024 03:00,40.894592705078864,-73.8750356,43,55.8728246,97.42395751263366,Yellow,Rain,0,0.9313066771613727,38,27,296.6836430433482,9.299275974843393,High
18-03-2024 03:05,40.84428754,-73.90882025,215,47.38086154687331,28.551559758615067,Green,Rain,0,-0.203901414,57,8,455.7221472674399,26.34950610953459,High
18-03-2024 03:10,40.67940702018533,-73.84921993,73,13.120670654090334,78.48600446323725,Green,Clear,0,-0.957138602,34,18,332.3284045447272,11.431996707568828,High
18-03-2024 03:15,40.72552517338361,-73.99844535,239,57.43850384,28.067785113028734,Red,Fog,0,0.5172807086566333,30,2,186.30711586543867,28.396675812809818,High
18-03-2024 03:20,40.70421798500969,-73.96553548,242,74.18704356591114,27.230298664942303,Yellow,Fog,0,0.5578171988066352,24,23,440.5360505187556,21.849291305228338,High
18-03-2024 03:25,40.734133353107076,-73.78425579,145,46.33021763073646,46.513170543550814,Green,Rain,0,-0.311613078,87,15,93.17124400563175,18.014619030615727,Medium
18-03-2024 03:30,40.70132892567313,-73.96045284,188,67.79178986572038,54.74015972964306,Green,Clear,0,-0.402002833,8,1,85.44177550579025,7.050597766159335,Medium
18-03-2024 03:35,40.73556645172514,-73.91979491,157,35.21904709796867,71.33267493563079,Red,Fog,0,0.35391821330610274,10,43,194.4184695833785,29.42093121183672,Medium
18-03-2024 03:40,40.83978553614932,-73.8897468,71,55.063844685346936,61.92498441099706,Green,Snow,0,-0.820717174,8,4,299.2895798756477,12.578496338240992,Medium
18-03-2024 03:45,40.741673891573036,-73.74088936,280,42.51659427650366,72.02121868228858,Green,Clear,0,0.9863809922521312,64,21,127.03045646178536,18.31872566966748,High
18-03-2024 03:50,40.70927288894169,-73.80224531,203,47.65240954925785,58.97833320740714,Red,Snow,0,0.7705007681793907,99,18,94.77881151141466,23.19998404,High
18-03-2024 03:55,40.76385114,-73.81172777,110,48.77110784089681,98.58417431648687,Yellow,Fog,0,-0.011280778,90,36,77.77046328932488,7.630942222574504,High
18-03-2024 04:00,40.727238623350246,-73.73629318,37,8.667893127076146,68.64446189313368,Green,Fog,0,-0.49583086,59,2,140.24827371270456,26.133769146492494,High
18-03-2024 04:05,40.88266706,-73.81249039,20,10.176489565907548,30.829213154056678,Yellow,Clear,0,0.43130466936101697,20,10,419.25575976447243,25.0813818,High
18-03-2024 04:10,40.89679292188493,-73.88576183,131,42.55671286084581,90.04676778856928,Yellow,Rain,0,0.32515751609213805,79,49,382.4865669194338,5.590187895900346,High
18-03-2024 04:15,40.61754142811296,-73.91119165,229,5.259476409949813,57.09519265167165,Red,Rain,0,-0.24883913,44,44,200.5011219303756,20.441392363815403,High
18-03-2024 04:20,40.62005094277817,-73.76873517,17,72.96253844353855,82.05811677387348,Red,Snow,0,0.40038652305113076,58,30,380.2681013063729,21.098964646850327,High
18-03-2024 04:25,40.656835426537114,-73.79266947,35,33.813019747952055,34.56819010688095,Green,Clear,0,0.602717591,73,41,280.1959543587774,14.142421539839315,Medium
18-03-2024 04:30,40.887702733928975,-73.99968484,187,27.81986037714261,90.87281194,Yellow,Rain,0,0.5444670328465631,5,12,222.70504702580993,22.264609143771796,High
18-03-2024 04:35,40.846859432042976,-73.70916756,160,63.61350473953239,77.94313391,Yellow,Fog,1,-0.82574575,13,19,311.7008651613686,11.247987652385763,High
18-03-2024 04:40,40.89772874897086,-73.98748504,223,16.134988560122668,86.85997566040896,Yellow,Rain,0,-0.027759573,20,3,173.22950431293987,13.41767778815127,High
18-03-2024 04:45,40.699158967850636,-73.70383124,232,69.12490945695109,97.31797393,Red,Snow,0,-0.333143701,10,0,422.36299855367145,12.519527386739231,High
18-03-2024 04:50,40.87571046559943,-73.7380422,154,42.020927928117274,44.99371685589487,Red,Snow,0,0.9993537811173094,3,47,402.9211602941761,21.149415912343812,Medium
18-03-2024 04:55,40.89971377665179,-73.98222565,64,47.03848721681775,58.91595231770204,Red,Clear,0,-0.874979676,51,33,382.1854344751634,27.73733870886231,Medium
18-03-2024 05:00,40.86896611732492,-73.80477442,248,39.51439217992604,52.53655089999791,Green,Snow,0,0.8772989182074857,18,2,153.2324142816753,14.013183367586125,High
18-03-2024 05:05,40.60278018,-73.85027056,64,77.01276297484218,14.080684864098663,Red,Snow,0,-0.885185335,72,44,210.7988668,18.91741263854925,Low
18-03-2024 05:10,40.64933181613228,-73.71624669,134,46.46588291368632,73.93212088401127,Red,Rain,0,0.4460051298689258,44,16,284.65969739331615,20.507496016558235,Medium
18-03-2024 05:15,40.81073241719066,-73.70015891,206,78.30335191110026,36.64383638208787,Green,Snow,0,0.3704997481511063,8,12,195.29833098370125,16.891668657903484,High
18-03-2024 05:20,40.67716740582579,-73.81056174,199,8.184361198471109,14.343507774524682,Yellow,Rain,0,-0.854575034,27,49,133.78637535030768,24.877044209886588,High
18-03-2024 05:25,40.78722477057843,-73.78625069,278,29.47601699798352,27.90135516422292,Yellow,Rain,0,-0.780822834,67,38,347.53535423009515,19.963982763190522,High
18-03-2024 05:30,40.819627986319844,-73.95413073,154,57.589682028802784,36.60102258052744,Red,Clear,0,0.6759713837964396,34,20,334.74925307575495,19.220105520039713,Medium
18-03-2024 05:35,40.88149907137561,-73.97686518,176,48.63557189575505,36.23671886,Green,Rain,1,0.16759465733068168,6,1,456.99982126456456,10.092012442570976,High
18-03-2024 05:40,40.88708772931032,-73.76208904,290,48.48104278709147,34.62042729,Red,Rain,0,0.6030148980932037,93,33,216.60465485300554,25.170986534196103,High
18-03-2024 05:45,40.87713335150684,-73.86933416,145,28.960506080398996,83.59783262251761,Red,Fog,0,-0.998855897,58,22,233.91651748511126,11.81742540928216,High
18-03-2024 05:50,40.73530282940069,-73.72586912,127,77.53223723427031,72.91444024,Yellow,Rain,1,0.6110101455242798,26,23,220.90241645043116,29.0240962,High
18-03-2024 05:55,40.82138928788437,-73.84248521,141,68.00398112631217,45.118269647730656,Green,Clear,0,-0.47055219,53,13,446.46418902833176,17.12156798015664,Medium
18-03-2024 06:00,40.662450459881875,-73.94084004,254,53.39428957498765,64.38940629210921,Yellow,Clear,0,-0.324257139,70,29,65.43764743747559,12.318444163536755,High
18-03-2024 06:05,40.83390638357491,-73.7162729,190,32.115761739579966,52.85001294588381,Red,Fog,0,0.49058289873443073,43,0,405.22287585440233,16.470666868940498,Medium
18-03-2024 06:10,40.78616808305156,-73.92743101,18,24.947341753388528,43.12044573442974,Yellow,Rain,0,-0.128842985,95,34,63.087469951781344,7.863867107678564,Medium
18-03-2024 06:15,40.79342490514044,-73.77979058,178,9.367363154741643,42.09838330578381,Red,Clear,1,0.14206487994498418,81,44,164.2964222,15.090137345439084,High
18-03-2024 06:20,40.680801948470965,-73.92364112,63,66.75984024049534,18.288792408360408,Yellow,Snow,0,-0.858926547,94,23,324.34750144686797,16.002818320724753,Low
18-03-2024 06:25,40.61650695217799,-73.81682169,32,48.64485388,41.33355326724008,Yellow,Clear,0,0.9237561961237453,20,43,58.69984536584396,19.80811362603755,Low
18-03-2024 06:30,40.63352429896202,-73.91713133,97,38.76303708912421,54.85738894342458,Green,Fog,0,0.413565232,50,20,113.02785106994205,7.121020597,Medium
18-03-2024 06:35,40.65950403593654,-73.96048344,239,42.33337762706461,27.38682762,Red,Snow,0,0.11173680851890366,97,0,339.72072089905413,28.67471911141662,High
18-03-2024 06:40,40.79937475397629,-73.774268,205,10.066772361077035,53.07478545795377,Green,Clear,0,-0.546600464,21,31,403.6269069319993,11.405455542881285,High
18-03-2024 06:45,40.636786417604654,-73.83953075,52,48.682637033278525,47.26038123599987,Green,Rain,0,-0.998485685,36,24,265.10449272614073,12.662911783561194,Low
18-03-2024 06:50,40.71232120448947,-73.97556789,141,11.308917116079021,63.24250298873973,Red,Clear,1,-0.775303794,74,12,219.08298586240883,26.999481321313986,High
18-03-2024 06:55,40.712956810827265,-73.89406967,22,41.07856046122228,20.250755225404077,Red,Rain,0,-0.469100721,3,18,369.2619231351943,27.866536226330698,Low
18-03-2024 07:00,40.8399971,-73.99714141,62,8.395398388,98.41672555691609,Red,Snow,0,-0.583515697,1,11,199.90908024457497,8.010451423682635,High
18-03-2024 07:05,40.63039229449976,-73.99485224,27,28.600298363296936,82.50785628110607,Red,Fog,0,0.48613919687913953,8,18,58.37201236737411,29.57992543239461,High
18-03-2024 07:10,40.64703451287497,-73.78992571,125,32.102895439598996,26.851270074756613,Red,Rain,0,0.8699616636440255,34,3,134.91599629245178,27.415813488095072,Medium
18-03-2024 07:15,40.68112319277939,-73.82136865,24,21.778958850998688,70.04660398567856,Green,Clear,0,-0.854384374,60,37,425.81611793767155,9.821370737488007,Medium
18-03-2024 07:20,40.74650624057232,-73.71842816,246,67.1499858,20.628935320869648,Red,Clear,0,0.17677278021305232,24,27,210.85231194245063,18.88974543246937,High
18-03-2024 07:25,40.75899852585641,-73.93105453,103,31.308071776421652,11.407184058301345,Red,Fog,0,-0.062022768,85,38,186.00905381326817,11.609804196555869,Medium
18-03-2024 07:30,40.63833789641649,-73.94055136,239,55.91972247782727,53.21576281624967,Red,Clear,0,0.9737726329666561,64,7,50.91659086189996,6.320809323082528,High
18-03-2024 07:35,40.71684190504385,-73.92822812,213,25.481541746565775,31.141163254182054,Red,Snow,0,0.9378491675222671,11,38,58.39830895,5.695434109292284,High
18-03-2024 07:40,40.71692401683726,-73.95689607,37,75.64091018281786,43.88958367257987,Red,Snow,0,-0.80115761,39,36,121.45761073013492,11.963407228193608,Low
18-03-2024 07:45,40.77760733932221,-73.83055479,84,29.869927657803416,77.22717321068767,Yellow,Clear,0,-0.280649446,23,35,362.56314693995694,11.568496197850298,Medium
18-03-2024 07:50,40.802349397442434,-73.74322456,34,38.433820927243595,19.17203101714668,Yellow,Snow,0,0.2617610591629944,73,18,472.24591350730844,28.74052032105766,Medium
18-03-2024 07:55,40.82149146131693,-73.7336719,27,9.850673826369226,46.49318918288425,Yellow,Snow,0,-0.430408703,98,45,366.1080524293856,11.131936225909861,High
18-03-2024 08:00,40.714674826747185,-73.93566514,257,56.76877095,86.48186397134349,Green,Fog,0,-0.648176524,5,42,163.72165624547318,18.500091631939924,High
18-03-2024 08:05,40.825506642940475,-73.96710138,217,20.31652451,83.30155195244372,Yellow,Snow,0,-0.425442057,96,41,50.90833833609679,17.088735366694358,High
18-03-2024 08:10,40.68274957732925,-73.75924757,99,67.80662233801951,41.24000181125868,Yellow,Snow,0,0.11705983887631444,88,6,298.25265816398627,23.066990811729912,Low
18-03-2024 08:15,40.604663232277964,-73.83103242,266,22.987611209310394,12.670629477378757,Green,Rain,0,0.6989288461730256,87,28,252.07080720897457,7.511153223575036,High
18-03-2024 08:20,40.7337905,-73.75221296,20,75.73698722964306,49.10855605402767,Green,Snow,0,0.7428003131193617,5,0,203.5638721610428,6.681980121436949,Low
18-03-2024 08:25,40.82135366815789,-73.75937617,43,59.49298074243694,78.71910957,Yellow,Clear,0,0.5245740471177887,94,16,71.66029565,25.26724552816304,Medium
18-03-2024 08:30,40.77234305363285,-73.83669765,88,25.901119479397853,64.69071876160082,Yellow,Rain,0,-0.589902156,73,5,442.6926179133885,29.467325922787815,Medium
18-03-2024 08:35,40.75668793542965,-73.84933524,147,51.47376853874375,28.048375818683304,Green,Snow,0,0.5697929028911797,93,16,119.19681505783046,25.06590934324488,Medium
